total_percentile,rank_span,NT-B,NT-C,NT-D,OBC,OPEN,SBC,SC,SEBC,ST,VJ/DT,total
100.0,1.0-35.0,-,1,-,8,21,-,2,1,1,1,35
99.996587,36.0,-,-,-,-,-,-,-,1,-,-,1
99.9965209,37.0-38.0,-,-,-,-,2,-,-,-,-,-,2
99.9965013,39.0,-,-,-,-,1,-,-,-,-,-,1
99.996497,40.0,-,-,-,1,-,-,-,-,-,-,1
99.996471,41.0,-,-,-,-,1,-,-,-,-,-,1
99.9961791,42.0,-,-,-,-,-,-,1,-,-,-,1
99.9961733,43.0,-,-,-,-,1,-,-,-,-,-,1
99.9961711,44.0-45.0,-,-,-,-,2,-,-,-,-,-,2
99.9961531,46.0,-,-,-,-,1,-,-,-,-,-,1
99.9961516,47.0,-,-,-,-,1,-,-,-,-,-,1
99.9961466,48.0,-,-,-,-,1,-,-,-,-,-,1
99.9961406,49.0,-,-,-,-,1,-,-,-,-,-,1
99.9961201,50.0,-,-,-,-,1,-,-,-,-,-,1
99.9961182,51.0,-,-,-,-,1,-,-,-,-,-,1
99.9961068,52.0-53.0,-,-,-,1,1,-,-,-,-,-,2
99.9960622,54.0,-,-,-,-,1,-,-,-,-,-,1
99.9931741,55.0-56.0,-,-,-,2,-,-,-,-,-,-,2
99.9931427,57.0,-,-,-,1,-,-,-,-,-,-,1
99.9931186,58.0,-,-,-,-,1,-,-,-,-,-,1
99.9930987,59.0-60.0,-,-,-,-,2,-,-,-,-,-,2
99.9930026,61.0,-,-,-,-,1,-,-,-,-,-,1
99.9929994,62.0,-,-,-,-,1,-,-,-,-,-,1
99.992994,63.0-65.0,-,-,-,1,-,-,-,2,-,-,3
99.992957,66.0,-,-,1,-,-,-,-,-,-,-,1
99.9928879,67.0,-,-,-,-,1,-,-,-,-,-,1
99.9923582,68.0,-,-,-,-,1,-,-,-,-,-,1
99.9923465,69.0,-,-,-,1,-,-,-,-,-,-,1
99.9923154,70.0,-,-,-,-,1,-,-,-,-,-,1
99.9923062,71.0,-,-,-,-,1,-,-,-,-,-,1
99.9923033,72.0-73.0,-,-,-,1,1,-,-,-,-,-,2
99.9922932,74.0,1,-,-,-,-,-,-,-,-,-,1
99.9922813,75.0-76.0,-,-,-,1,1,-,-,-,-,-,2
99.9922402,77.0-78.0,-,-,-,2,-,-,-,-,-,-,2
99.9921244,79.0,-,-,-,-,-,-,-,-,-,1,1
99.9897141,80.0,-,-,-,-,1,-,-,-,-,-,1
99.9896886,81.0-82.0,-,-,-,1,1,-,-,-,-,-,2
99.989678,83.0,-,-,-,-,1,-,-,-,-,-,1
99.9895627,84.0,-,-,-,1,-,-,-,-,-,-,1
99.9895039,85.0,-,-,-,-,1,-,-,-,-,-,1
99.9894991,86.0,-,-,-,-,1,-,-,-,-,-,1
99.9894355,87.0-88.0,-,-,-,-,1,-,-,1,-,-,2
99.9885374,89.0,-,-,-,-,1,-,-,-,-,-,1
99.9885198,90.0,-,-,-,-,1,-,-,-,-,-,1
99.9885132,91.0,-,-,-,-,-,-,-,1,-,-,1
99.9884593,92.0,-,-,-,-,1,-,-,-,-,-,1
99.9884398,93.0,-,-,-,-,1,-,-,-,-,-,1
99.9883545,94.0,-,-,-,-,-,-,-,1,-,-,1
99.9883205,95.0,-,-,-,1,-,-,-,-,-,-,1
99.9881867,96.0,-,-,-,-,-,-,-,1,-,-,1
99.9863481,97.0,-,-,-,-,1,-,-,-,-,-,1
99.9862854,98.0,-,-,-,1,-,-,-,-,-,-,1
99.9861974,99.0-100.0,-,-,1,-,-,-,-,-,-,1,2
99.9860836,101.0,-,-,-,1,-,-,-,-,-,-,1
99.9860052,102.0,-,-,-,1,-,-,-,-,-,-,1
99.9859679,103.0,-,-,-,-,1,-,-,-,-,-,1
99.9858682,104.0,-,-,-,-,1,-,-,-,-,-,1
99.9857758,105.0,-,-,-,-,1,-,-,-,-,-,1
99.9847165,106.0-107.0,1,-,-,1,-,-,-,-,-,-,2
99.9846931,108.0-110.0,-,-,-,2,1,-,-,-,-,-,3
99.9846308,111.0,1,-,-,-,-,-,-,-,-,-,1
99.9846065,112.0,-,-,-,-,1,-,-,-,-,-,1
99.9845863,113.0-114.0,-,-,-,-,2,-,-,-,-,-,2
99.9845625,115.0,-,-,-,-,1,-,-,-,-,-,1
99.9844805,116.0,-,-,-,-,-,-,-,1,-,-,1
99.9844273,117.0,-,-,-,-,1,-,-,-,-,-,1
99.9842489,118.0,-,-,-,1,-,-,-,-,-,-,1
99.9829352,119.0,-,-,-,1,-,-,-,-,-,-,1
99.9828568,120.0,-,-,-,1,-,-,-,-,-,-,1
99.9828143,121.0-122.0,-,-,-,1,1,-,-,-,-,-,2
99.9826045,123.0,-,-,-,1,-,-,-,-,-,-,1
99.9824985,124.0,-,-,-,-,1,-,-,-,-,-,1
99.982485,125.0,-,-,-,-,1,-,-,-,-,-,1
99.9824598,126.0,-,-,-,-,1,-,-,-,-,-,1
99.9808554,127.0,-,1,-,-,-,-,-,-,-,-,1
99.9807884,128.0,-,1,-,-,-,-,-,-,-,-,1
99.9807655,129.0,-,-,-,-,1,-,-,-,-,-,1
99.9807581,130.0,-,-,-,-,1,-,-,-,-,-,1
99.9807032,131.0,-,-,-,-,1,-,-,-,-,-,1
99.9805908,132.0,-,-,-,-,1,-,-,-,-,-,1
99.9803111,133.0,-,-,-,-,1,-,-,-,-,-,1
99.9794281,134.0,1,-,-,-,-,-,-,-,-,-,1
99.9793559,135.0,-,-,-,-,1,-,-,-,-,-,1
99.9789982,136.0,-,-,-,-,1,-,-,-,-,-,1
99.978982,137.0,-,-,-,-,1,-,-,-,-,-,1
99.978871,138.0,-,-,-,1,-,-,-,-,-,-,1
99.9788263,139.0,-,-,-,-,1,-,-,-,-,-,1
99.9774368,140.0,-,-,-,-,1,-,-,-,-,-,1
99.9770747,141.0,-,-,-,-,1,-,-,-,-,-,1
99.9770265,142.0-143.0,-,-,-,-,2,-,-,-,-,-,2
99.9769186,144.0-145.0,-,-,-,-,2,-,-,-,-,-,2
99.9769098,146.0,-,-,-,-,1,-,-,-,-,-,1
99.9768795,147.0-148.0,-,1,-,-,1,-,-,-,-,-,2
99.9768438,149.0,-,-,-,-,1,-,-,-,-,-,1
99.9767207,150.0,-,-,-,-,1,-,-,-,-,-,1
99.976709,151.0-152.0,-,-,-,1,1,-,-,-,-,-,2
99.976641,153.0,-,-,-,1,-,-,-,-,-,-,1
99.9759995,154.0,-,-,-,1,-,-,-,-,-,-,1
99.9759152,155.0,-,-,-,-,1,-,-,-,-,-,1
99.9756462,156.0,-,-,-,-,1,-,-,-,-,-,1
99.9754979,157.0,-,-,-,1,-,-,-,-,-,-,1
99.9752973,158.0,-,-,-,-,1,-,-,-,-,-,1
99.9751076,159.0,-,-,-,-,1,-,-,-,-,-,1
99.9732539,160.0-161.0,-,-,-,1,-,-,-,1,-,-,2
99.9732129,162.0,-,-,-,-,1,-,-,-,-,-,1
99.9731038,163.0,-,-,-,-,1,-,-,-,-,-,1
99.9729844,164.0,-,-,1,-,-,-,-,-,-,-,1
99.9728408,165.0,-,-,-,1,-,-,-,-,-,-,1
99.9726962,166.0-167.0,-,-,-,1,1,-,-,-,-,-,2
99.9725708,168.0,-,-,-,-,1,-,-,-,-,-,1
99.9724355,169.0,-,-,-,-,1,-,-,-,-,-,1
99.9723948,170.0,-,-,-,1,-,-,-,-,-,-,1
99.9719976,171.0,-,-,-,-,1,-,-,-,-,-,1
99.971828,172.0-173.0,-,-,-,-,2,-,-,-,-,-,2
99.9717364,174.0,-,-,-,-,1,-,-,-,-,-,1
99.9715515,175.0,-,-,-,-,1,-,-,-,-,-,1
99.9693862,176.0,-,-,-,-,1,-,-,-,-,-,1
99.9692249,177.0-178.0,-,-,-,-,2,-,-,-,-,-,2
99.969213,179.0,-,1,-,-,-,-,-,-,-,-,1
99.9691727,180.0,-,-,-,1,-,-,-,-,-,-,1
99.9690658,181.0,-,-,-,-,1,-,-,-,-,-,1
99.9689453,182.0,-,-,-,-,-,-,-,1,-,-,1
99.9689441,183.0,-,-,-,-,1,-,-,-,-,-,1
99.968688,184.0-187.0,-,-,-,1,2,1,-,-,-,-,4
99.9685117,188.0,-,-,-,-,1,-,-,-,-,-,1
99.9684973,189.0-190.0,-,-,-,-,2,-,-,-,-,-,2
99.9684277,191.0,-,-,-,-,1,-,-,-,-,-,1
99.9682394,192.0,-,-,-,1,-,-,-,-,-,-,1
99.9655595,193.0,-,-,-,-,1,-,-,-,-,-,1
99.9655397,194.0,-,-,-,-,1,-,-,-,-,-,1
99.9654934,195.0,-,-,-,1,-,-,-,-,-,-,1
99.9654192,196.0,-,-,-,-,1,-,-,-,-,-,1
99.9653646,197.0,-,-,-,1,-,-,-,-,-,-,1
99.9653193,198.0,-,1,-,-,-,-,-,-,-,-,1
99.9652657,199.0-203.0,-,-,-,1,4,-,-,-,-,-,5
99.9650635,204.0,-,1,-,-,-,-,-,-,-,-,1
99.9650129,205.0,-,-,-,-,1,-,-,-,-,-,1
99.96497,206.0,-,-,-,-,1,-,-,-,-,-,1
99.9646706,207.0-208.0,-,-,-,-,2,-,-,-,-,-,2
99.9624573,209.0-211.0,-,-,-,1,2,-,-,-,-,-,3
99.9621915,212.0-214.0,-,-,-,2,1,-,-,-,-,-,3
99.9615769,215.0,-,-,-,-,-,-,1,-,-,-,1
99.9615142,216.0,-,-,-,-,1,-,-,-,-,-,1
99.9614967,217.0-218.0,-,-,-,1,1,-,-,-,-,-,2
99.9614658,219.0,-,-,-,-,1,-,-,-,-,-,1
99.9614116,220.0,-,-,-,-,1,-,-,-,-,-,1
99.9612635,221.0,-,-,-,-,1,-,-,-,-,-,1
99.9612012,222.0,-,-,-,-,1,-,-,-,-,-,1
99.9611815,223.0,-,-,-,-,1,-,-,-,-,-,1
99.9588562,224.0,-,-,-,-,1,-,-,-,-,-,1
99.9587118,225.0,-,-,-,1,-,-,-,-,-,-,1
99.9585921,226.0,-,-,-,-,1,-,-,-,-,-,1
99.9579703,227.0,-,-,-,-,-,-,1,-,-,-,1
99.957906,228.0-229.0,-,-,-,-,1,-,-,1,-,-,2
99.9578818,230.0,-,-,-,1,-,-,-,-,-,-,1
99.9577346,231.0,-,-,-,-,-,-,-,1,-,-,1
99.9576842,232.0-233.0,-,-,-,-,2,-,-,-,-,-,2
99.9576679,234.0,-,-,-,-,-,-,-,-,-,1,1
99.9573273,235.0-238.0,-,-,-,1,3,-,-,-,-,-,4
99.9573213,239.0-240.0,-,-,-,-,1,-,1,-,-,-,2
99.9572998,241.0-242.0,-,-,-,-,1,-,-,1,-,-,2
99.9571751,243.0,-,-,-,-,1,-,-,-,-,-,1
99.9566844,244.0,-,-,-,-,1,-,-,-,-,-,1
99.9552711,245.0,-,-,-,-,1,-,-,-,-,-,1
99.9551415,246.0-248.0,-,-,1,1,-,1,-,-,-,-,3
99.9544961,249.0,-,-,-,-,1,-,-,-,-,-,1
99.9544611,250.0,-,-,-,-,1,-,-,-,-,-,1
99.9542205,251.0,-,-,-,-,1,-,-,-,-,-,1
99.9541236,252.0,-,-,1,-,-,-,-,-,-,-,1
99.9540717,253.0,-,-,-,-,1,-,-,-,-,-,1
99.9540529,254.0,-,-,-,-,1,-,-,-,-,-,1
99.9538923,255.0-256.0,-,-,-,1,1,-,-,-,-,-,2
99.9527466,257.0-258.0,-,-,-,1,1,-,-,-,-,-,2
99.9522184,259.0-260.0,-,-,-,1,1,-,-,-,-,-,2
99.9519989,261.0,-,1,-,-,-,-,-,-,-,-,1
99.9512925,262.0,-,-,1,-,-,-,-,-,-,-,1
99.9509958,263.0,-,-,1,-,-,-,-,-,-,-,1
99.9508875,264.0-265.0,-,-,-,-,2,-,-,-,-,-,2
99.9505388,266.0,-,-,-,-,1,-,-,-,-,-,1
99.9503286,267.0-268.0,-,-,-,-,2,-,-,-,-,-,2
99.9502526,269.0,-,-,-,-,1,-,-,-,-,-,1
99.950224,270.0-271.0,-,-,-,1,1,-,-,-,-,-,2
99.9499711,272.0,-,-,-,-,1,-,-,-,-,-,1
99.9499056,273.0,-,-,-,1,-,-,-,-,-,-,1
99.948443,274.0,-,-,-,-,1,-,-,-,-,-,1
99.9475194,275.0,-,-,-,-,1,-,-,-,-,-,1
99.9473526,276.0,-,-,-,-,1,-,-,-,-,-,1
99.9470058,277.0-280.0,-,-,-,2,2,-,-,-,-,-,4
99.9464258,281.0,-,-,-,-,1,-,-,-,-,-,1
99.9462076,282.0,-,-,-,-,1,-,-,-,-,-,1
99.9461435,283.0-284.0,-,-,-,-,-,-,-,2,-,-,2
99.9461228,285.0,-,-,-,-,1,-,-,-,-,-,1
99.9456543,286.0,-,-,-,-,1,-,-,-,-,-,1
99.9454956,287.0-288.0,-,-,1,-,1,-,-,-,-,-,2
99.9451416,289.0,-,-,-,-,-,-,-,1,-,-,1
99.944871,290.0-291.0,-,-,-,-,2,-,-,-,-,-,2
99.9439952,292.0-293.0,-,-,-,-,2,-,-,-,-,-,2
99.9439521,294.0,-,-,-,-,-,-,-,1,-,-,1
99.9438715,295.0-296.0,-,-,-,-,2,-,-,-,-,-,2
99.9435921,297.0,-,-,-,1,-,-,-,-,-,-,1
99.9426868,298.0,-,-,-,-,1,-,-,-,-,-,1
99.9425991,299.0-302.0,-,-,-,-,2,-,1,1,-,-,4
99.9425661,303.0,-,-,-,-,1,-,-,-,-,-,1
99.9423653,304.0-305.0,-,-,-,-,2,-,-,-,-,-,2
99.9422744,306.0-307.0,-,-,-,-,2,-,-,-,-,-,2
99.9421988,308.0,-,-,-,-,1,-,-,-,-,-,1
99.9421095,309.0,-,-,-,1,-,-,-,-,-,-,1
99.9417724,310.0-311.0,-,-,-,-,2,-,-,-,-,-,2
99.9404491,312.0-313.0,-,-,-,-,1,-,-,1,-,-,2
99.9400078,314.0,-,-,-,-,-,-,1,-,-,-,1
99.939547,315.0,-,-,-,-,1,-,-,-,-,-,1
99.9384497,316.0,-,-,-,-,1,-,-,-,-,-,1
99.9382843,317.0,-,-,-,-,1,-,-,-,-,-,1
99.9378882,318.0,-,-,-,1,-,-,-,-,-,-,1
99.9370233,319.0,-,-,-,-,-,-,-,1,-,-,1
99.936071,320.0,-,-,-,-,1,-,-,-,-,-,1
99.9359909,321.0-324.0,-,-,-,-,4,-,-,-,-,-,4
99.9351536,325.0,-,-,-,-,1,-,-,-,-,-,1
99.9346807,326.0-328.0,-,-,-,-,2,1,-,-,-,-,3
99.934627,329.0,-,-,-,-,1,-,-,-,-,-,1
99.9345776,330.0,-,-,-,1,-,-,-,-,-,-,1
99.9344375,331.0,-,-,-,-,1,-,-,-,-,-,1
99.9340421,332.0,-,-,-,1,-,-,-,-,-,-,1
99.9340088,333.0,-,-,-,-,1,-,-,-,-,-,1
99.9338969,334.0,-,-,-,-,1,-,-,-,-,-,1
99.9338161,335.0-338.0,-,-,-,-,3,-,-,1,-,-,4
99.9329499,339.0,-,-,-,-,1,-,-,-,-,-,1
99.9312242,340.0,-,-,-,-,1,-,-,-,-,-,1
99.9307559,341.0,-,-,-,-,1,-,-,-,-,-,1
99.9306385,342.0-344.0,-,-,-,-,3,-,-,-,-,-,3
99.9305314,345.0,-,-,-,1,-,-,-,-,-,-,1
99.9301269,346.0-347.0,-,-,-,-,1,-,-,1,-,-,2
99.9293411,348.0-349.0,-,-,-,-,2,-,-,-,-,-,2
99.9291199,350.0-352.0,-,-,-,1,2,-,-,-,-,-,3
99.9272922,353.0-355.0,-,-,-,-,2,1,-,-,-,-,3
99.926909,356.0-358.0,-,-,-,1,2,-,-,-,-,-,3
99.9265272,359.0,-,-,-,-,1,-,-,-,-,-,1
99.9264938,360.0,-,-,-,-,-,-,-,1,-,-,1
99.9260485,361.0,-,-,-,1,-,-,-,-,-,-,1
99.9258919,362.0-363.0,-,-,-,1,1,-,-,-,-,-,2
99.9249147,364.0-366.0,-,1,-,-,2,-,-,-,-,-,3
99.924383,367.0,-,-,-,1,-,-,-,-,-,-,1
99.924305,368.0,-,-,-,-,1,-,-,-,-,-,1
99.9234596,369.0,-,-,-,-,1,-,-,-,-,-,1
99.9234215,370.0-372.0,-,-,-,-,2,1,-,-,-,-,3
99.9231538,373.0-374.0,-,-,-,-,2,-,-,-,-,-,2
99.9230325,375.0,-,-,-,-,-,-,-,1,-,-,1
99.9230285,376.0,-,-,-,-,1,-,-,-,-,-,1
99.9229935,377.0,-,-,-,-,1,-,-,-,-,-,1
99.9223633,378.0,-,-,-,-,1,-,-,-,-,-,1
99.9210289,379.0,-,-,-,-,1,-,-,-,-,-,1
99.9209459,380.0,-,-,-,-,1,-,-,-,-,-,1
99.9208643,381.0,-,-,-,-,1,-,-,-,-,-,1
99.9197616,382.0-383.0,-,-,-,-,2,-,-,-,-,-,2
99.9191841,384.0,-,-,-,-,1,-,-,-,-,-,1
99.9190783,385.0,-,-,-,1,-,-,-,-,-,-,1
99.9189533,386.0,-,-,-,-,1,-,-,-,-,-,1
99.9187423,387.0,-,-,-,-,1,-,-,-,-,-,1
99.9185225,388.0,-,-,-,-,1,-,-,-,-,-,1
99.9184814,389.0,-,-,-,1,-,-,-,-,-,-,1
99.9182434,390.0-391.0,-,-,-,-,1,-,-,1,-,-,2
99.9173066,392.0,-,-,-,-,1,-,-,-,-,-,1
99.9158072,393.0,-,-,-,-,-,-,-,1,-,-,1
99.9153683,394.0-395.0,-,-,-,-,2,-,-,-,-,-,2
99.9142838,396.0,-,-,-,-,1,-,-,-,-,-,1
99.9140716,397.0,-,-,-,-,1,-,-,-,-,-,1
99.9139829,398.0,-,-,-,1,-,-,-,-,-,-,1
99.9135078,399.0,-,-,-,-,1,-,-,-,-,-,1
99.9130223,400.0-402.0,-,-,-,-,3,-,-,-,-,-,3
99.9122992,403.0-404.0,-,-,-,1,1,-,-,-,-,-,2
99.9119853,405.0,-,-,-,-,1,-,-,-,-,-,1
99.9119625,406.0-407.0,-,-,-,-,1,-,-,-,-,1,2
99.9119348,408.0-410.0,-,-,-,1,2,-,-,-,-,-,3
99.9117761,411.0-412.0,-,-,-,-,1,-,1,-,-,-,2
99.9116268,413.0,-,-,-,1,-,-,-,-,-,-,1
99.9114874,414.0-417.0,-,-,-,1,3,-,-,-,-,-,4
99.9112346,418.0,-,-,-,-,1,-,-,-,-,-,1
99.9107628,419.0-420.0,-,-,-,-,1,-,-,1,-,-,2
99.9106345,421.0,-,-,-,-,1,-,-,-,-,-,1
99.9090337,422.0,-,-,-,-,-,-,-,1,-,-,1
99.9089221,423.0,-,-,-,-,1,-,-,-,-,-,1
99.9082989,424.0,-,-,-,-,1,-,-,-,-,-,1
99.9081434,425.0-426.0,-,-,-,-,2,-,-,-,-,-,2
99.9077845,427.0-428.0,-,-,-,-,2,-,-,-,-,-,2
99.9076746,429.0,-,-,1,-,-,-,-,-,-,-,1
99.9071974,430.0,-,-,-,-,1,-,-,-,-,-,1
99.9054932,431.0,-,-,-,1,-,-,-,-,-,-,1
99.905492,432.0,-,-,-,-,1,-,-,-,-,-,1
99.9044781,433.0-435.0,-,-,-,-,3,-,-,-,-,-,3
99.9043319,436.0-440.0,-,-,-,2,3,-,-,-,-,-,5
99.9039978,441.0,-,-,-,-,-,1,-,-,-,-,1
99.9039863,442.0-443.0,-,-,-,1,1,-,-,-,-,-,2
99.9038277,444.0,-,-,-,-,1,-,-,-,-,-,1
99.9036646,445.0-448.0,-,-,-,-,2,-,-,2,-,-,4
99.9036609,449.0-450.0,-,-,-,1,1,-,-,-,-,-,2
99.9035159,451.0,-,-,-,-,1,-,-,-,-,-,1
99.9029541,452.0-454.0,-,-,-,2,1,-,-,-,-,-,3
99.902585,455.0,-,-,-,-,1,-,-,-,-,-,1
99.9022262,456.0-457.0,-,-,-,-,2,-,-,-,-,-,2
99.9020362,458.0-460.0,-,-,-,2,1,-,-,-,-,-,3
99.9019917,461.0,-,-,-,-,1,-,-,-,-,-,1
99.901398,462.0-464.0,-,-,-,1,2,-,-,-,-,-,3
99.900448,465.0,-,-,-,-,1,-,-,-,-,-,1
99.8999808,466.0-468.0,-,-,-,-,3,-,-,-,-,-,3
99.8987775,469.0-470.0,-,-,-,1,1,-,-,-,-,-,2
99.8976109,471.0,-,-,-,-,1,-,-,-,-,-,1
99.8966191,472.0-474.0,-,-,-,1,-,-,-,2,-,-,3
99.8962576,475.0,-,-,-,-,1,-,-,-,-,-,1
99.8960939,476.0,-,-,-,-,1,-,-,-,-,-,1
99.8952433,477.0,-,-,-,-,1,-,-,-,-,-,1
99.8949911,478.0,-,-,-,1,-,-,-,-,-,-,1
99.894759,479.0,-,-,-,-,1,-,-,-,-,-,1
99.8941313,480.0,-,-,-,-,1,-,-,-,-,-,1
99.8933182,481.0,-,-,-,-,1,-,-,-,-,-,1
99.8922455,482.0-484.0,-,1,-,-,2,-,-,-,-,-,3
99.8919378,485.0-486.0,-,-,-,1,1,-,-,-,-,-,2
99.8913086,487.0-490.0,-,-,-,-,3,-,-,1,-,-,4
99.8906024,491.0-493.0,-,-,-,1,1,-,-,1,-,-,3
99.8904787,494.0,-,-,-,-,1,-,-,-,-,-,1
99.8900117,495.0-497.0,-,-,-,-,3,-,-,-,-,-,3
99.8897621,498.0,-,-,-,-,1,-,-,-,-,-,1
99.889579,499.0,-,-,-,1,-,-,-,-,-,-,1
99.8891946,500.0-502.0,-,-,-,1,2,-,-,-,-,-,3
99.8886685,503.0,-,-,-,1,-,-,-,-,-,-,1
99.888573,504.0-507.0,-,-,-,-,3,-,-,1,-,-,4
99.8884401,508.0-510.0,-,-,-,-,1,-,-,2,-,-,3
99.8879042,511.0-513.0,-,-,1,1,1,-,-,-,-,-,3
99.887312,514.0,-,-,-,-,1,-,-,-,-,-,1
99.8871841,515.0-516.0,-,-,-,-,2,-,-,-,-,-,2
99.8868546,517.0,-,-,-,-,1,-,-,-,-,-,1
99.8858043,518.0-521.0,-,-,-,-,3,-,1,-,-,-,4
99.8851982,522.0-523.0,-,-,-,-,2,-,-,-,-,-,2
99.8851323,524.0-527.0,-,-,-,-,3,-,-,1,-,-,4
99.8842349,528.0,-,-,-,-,1,-,-,-,-,-,1
99.8836036,529.0,-,-,-,-,1,-,-,-,-,-,1
99.8832049,530.0,-,-,-,-,1,-,-,-,-,-,1
99.8830168,531.0,-,-,-,-,1,-,-,-,-,-,1
99.8807004,532.0-534.0,-,-,1,-,2,-,-,-,-,-,3
99.8805461,535.0,-,-,-,-,1,-,-,-,-,-,1
99.8803597,536.0-538.0,-,-,-,-,3,-,-,-,-,-,3
99.8796631,539.0,-,-,-,-,1,-,-,-,-,-,1
99.8775453,540.0-542.0,-,-,-,1,2,-,-,-,-,-,3
99.8775448,543.0,-,-,-,-,1,-,-,-,-,-,1
99.8771331,544.0-545.0,-,-,-,-,2,-,-,-,-,-,2
99.8766907,546.0-547.0,-,-,-,-,1,-,-,1,-,-,2
99.8763469,548.0,-,-,-,-,1,-,-,-,-,-,1
99.8762631,549.0,-,-,-,-,1,-,-,-,-,-,1
99.8754185,550.0-552.0,-,-,-,-,3,-,-,-,-,-,3
99.873718,553.0-557.0,-,-,-,-,4,-,-,-,-,1,5
99.8737108,558.0-559.0,-,-,-,1,1,-,-,-,-,-,2
99.8723257,560.0,-,-,-,-,1,-,-,-,-,-,1
99.872142,561.0,-,-,-,-,1,-,-,-,-,-,1
99.871964,562.0-563.0,-,-,-,-,2,-,-,-,-,-,2
99.8718994,564.0,-,-,-,-,1,-,-,-,-,-,1
99.870489,565.0,-,-,-,-,1,-,-,-,-,-,1
99.8703892,566.0,-,-,-,-,-,-,1,-,-,-,1
99.8697045,567.0,-,-,-,-,1,-,-,-,-,-,1
99.8694287,568.0,-,-,-,-,1,-,-,-,-,-,1
99.8693614,569.0-574.0,-,-,-,2,3,-,-,1,-,-,6
99.8692056,575.0-576.0,-,-,-,-,2,-,-,-,-,-,2
99.8687816,577.0-581.0,-,-,1,1,2,-,-,1,-,-,5
99.8680175,582.0-584.0,-,-,-,-,3,-,-,-,-,-,3
99.8670492,585.0-586.0,-,-,-,1,-,-,1,-,-,-,2
99.8666947,587.0,-,-,-,-,1,-,-,-,-,-,1
99.8662693,588.0-591.0,-,-,-,-,4,-,-,-,-,-,4
99.8661154,592.0,-,-,-,-,1,-,-,-,-,-,1
99.8658997,593.0-596.0,-,-,-,1,2,-,-,1,-,-,4
99.8654244,597.0-598.0,-,-,-,-,2,-,-,-,-,-,2
99.8653069,599.0-600.0,-,-,-,-,1,-,-,-,-,1,2
99.8646209,601.0-602.0,-,-,-,-,2,-,-,-,-,-,2
99.8643148,603.0,-,-,-,1,-,-,-,-,-,-,1
99.8634884,604.0-605.0,-,-,-,-,2,-,-,-,-,-,2
99.8634812,606.0-607.0,-,-,-,-,1,1,-,-,-,-,2
99.862854,608.0,-,-,-,1,-,-,-,-,-,-,1
99.8621587,609.0-611.0,-,-,-,1,2,-,-,-,-,-,3
99.8615118,612.0-613.0,-,-,-,-,1,-,1,-,-,-,2
99.8603244,614.0,-,-,-,-,1,-,-,-,-,-,1
99.8598458,615.0-618.0,-,-,-,2,2,-,-,-,-,-,4
99.8596787,619.0,-,-,-,1,-,-,-,-,-,-,1
99.8591401,620.0-621.0,-,-,-,-,2,-,-,-,-,-,2
99.858932,622.0,-,-,-,-,1,-,-,-,-,-,1
99.8577575,623.0-625.0,-,-,-,1,1,-,-,1,-,-,3
99.8576102,626.0-628.0,-,-,-,1,1,-,-,1,-,-,3
99.8574236,629.0-631.0,-,-,-,1,2,-,-,-,-,-,3
99.8573566,632.0-634.0,-,-,-,2,1,-,-,-,-,-,3
99.8570999,635.0,-,-,-,1,-,-,-,-,-,-,1
99.8564878,636.0-637.0,-,-,-,1,1,-,-,-,-,-,2
99.8564445,638.0-639.0,-,-,-,-,2,-,-,-,-,-,2
99.8563772,640.0-643.0,-,-,-,-,3,-,-,1,-,-,4
99.853818,644.0-646.0,-,-,-,-,3,-,-,-,-,-,3
99.8524902,647.0-649.0,-,1,-,-,2,-,-,-,-,-,3
99.8522032,650.0,-,-,-,-,1,-,-,-,-,-,1
99.8520506,651.0-653.0,-,-,1,-,2,-,-,-,-,-,3
99.8516163,654.0-656.0,-,-,-,-,3,-,-,-,-,-,3
99.8509858,657.0-658.0,-,-,-,1,1,-,-,-,-,-,2
99.8507577,659.0-662.0,-,-,-,4,-,-,-,-,-,-,4
99.8498294,663.0,-,-,-,-,1,-,-,-,-,-,1
99.8495557,664.0-665.0,-,-,-,-,1,-,1,-,-,-,2
99.8468431,666.0-668.0,-,1,-,-,2,-,-,-,-,-,3
99.846065,669.0-671.0,-,-,-,-,3,-,-,-,-,-,3
99.8457108,672.0,-,-,-,-,1,-,-,-,-,-,1
99.8456465,673.0,-,-,-,-,1,-,-,-,-,-,1
99.8456254,674.0-678.0,-,-,-,2,3,-,-,-,-,-,5
99.8448048,679.0,-,-,-,-,1,-,-,-,-,-,1
99.844726,680.0-681.0,-,-,-,-,2,-,-,-,-,-,2
99.8435333,682.0-685.0,-,-,-,2,2,-,-,-,-,-,4
99.8424652,686.0-692.0,-,-,-,2,3,1,-,1,-,-,7
99.8422774,693.0-697.0,-,-,-,1,4,-,-,-,-,-,5
99.8420578,698.0-701.0,-,-,-,-,3,-,-,1,-,-,4
99.8420099,702.0-704.0,-,-,-,-,3,-,-,-,-,-,3
99.8418918,705.0,-,-,-,-,-,-,-,-,-,1,1
99.8415326,706.0,-,-,-,-,1,-,-,-,-,-,1
99.8412698,707.0-708.0,-,-,-,-,1,-,1,-,-,-,2
99.8395232,709.0-712.0,-,-,-,-,4,-,-,-,-,-,4
99.8385509,713.0-718.0,-,-,-,2,3,-,1,-,-,-,6
99.8376681,719.0-720.0,-,-,-,-,2,-,-,-,-,-,2
99.8370451,721.0,-,-,-,1,-,-,-,-,-,-,1
99.8369629,722.0-724.0,-,-,-,1,2,-,-,-,-,-,3
99.8354508,725.0-727.0,-,-,-,-,1,1,-,1,-,-,3
99.8345199,728.0-729.0,-,-,-,-,2,-,-,-,-,-,2
99.8344896,730.0,-,-,-,-,1,-,-,-,-,-,1
99.8327645,731.0-734.0,-,-,-,-,4,-,-,-,-,-,4
99.8325936,735.0,-,-,-,-,1,-,-,-,-,-,1
99.8320621,736.0,-,-,-,1,-,-,-,-,-,-,1
99.8318562,737.0-738.0,-,-,-,-,2,-,-,-,-,-,2
99.8316144,739.0-740.0,-,-,-,1,1,-,-,-,-,-,2
99.8315804,741.0-744.0,-,-,-,-,4,-,-,-,-,-,4
99.8314066,745.0,-,-,-,1,-,-,-,-,-,-,1
99.8304187,746.0,-,-,-,-,1,-,-,-,-,-,1
99.8292853,747.0-750.0,-,-,-,-,4,-,-,-,-,-,4
99.8276984,751.0-752.0,-,-,-,1,-,-,-,1,-,-,2
99.8274672,753.0-754.0,-,1,-,-,1,-,-,-,-,-,2
99.8274466,755.0,-,-,-,-,1,-,-,-,-,-,1
99.8263286,756.0,-,-,-,-,1,-,-,-,-,-,1
99.8260446,757.0,-,-,-,-,-,-,1,-,-,-,1
99.825753,758.0-760.0,-,-,-,1,2,-,-,-,-,-,3
99.8253173,761.0-764.0,-,-,1,-,2,-,-,1,-,-,4
99.8250647,765.0-766.0,-,-,-,-,2,-,-,-,-,-,2
99.8249851,767.0,-,-,-,-,-,-,-,1,-,-,1
99.8248073,768.0-770.0,-,-,-,-,2,-,-,1,-,-,3
99.8245983,771.0-773.0,-,-,-,-,1,1,-,1,-,-,3
99.8242396,774.0-776.0,-,-,-,1,1,-,-,1,-,-,3
99.8235522,777.0-779.0,-,-,-,-,2,-,-,1,-,-,3
99.8229748,780.0-789.0,-,-,-,5,4,1,-,-,-,-,10
99.8200406,790.0-794.0,-,-,-,-,5,-,-,-,-,-,5
99.8194946,795.0,-,-,-,-,1,-,-,-,-,-,1
99.8190864,796.0-799.0,-,-,-,-,3,-,-,1,-,-,4
99.8188894,800.0-803.0,-,-,-,-,4,-,-,-,-,-,4
99.8182816,804.0-806.0,-,-,-,-,3,-,-,-,-,-,3
99.8179845,807.0,-,-,-,-,1,-,-,-,-,-,1
99.8178443,808.0-810.0,-,-,-,-,2,1,-,-,-,-,3
99.8178319,811.0-815.0,-,-,-,1,4,-,-,-,-,-,5
99.8168821,816.0-817.0,-,-,-,-,2,-,-,-,-,-,2
99.8156997,818.0,-,-,-,1,-,-,-,-,-,-,1
99.8153491,819.0-820.0,-,-,-,1,1,-,-,-,-,-,2
99.8150848,821.0-822.0,-,-,-,-,2,-,-,-,-,-,2
99.8147505,823.0,-,-,-,-,1,-,-,-,-,-,1
99.8144842,824.0-825.0,-,-,-,-,1,-,-,1,-,-,2
99.8131278,826.0,-,-,-,-,1,-,-,-,-,-,1
99.8127539,827.0,-,-,-,-,1,-,-,-,-,-,1
99.8124904,828.0-829.0,-,-,-,-,2,-,-,-,-,-,2
99.8109864,830.0,-,-,-,-,1,-,-,-,-,-,1
99.8098391,831.0-832.0,-,-,-,1,1,-,-,-,-,-,2
99.80979,833.0-838.0,-,-,-,1,4,-,-,1,-,-,6
99.8094364,839.0-840.0,-,-,-,1,1,-,-,-,-,-,2
99.8088737,841.0,-,-,-,-,1,-,-,-,-,-,1
99.8078844,842.0-843.0,-,-,-,-,2,-,-,-,-,-,2
99.8076553,844.0-847.0,-,-,-,1,3,-,-,-,-,-,4
99.8070582,848.0-850.0,-,-,-,2,-,1,-,-,-,-,3
99.804567,851.0-853.0,-,-,-,1,2,-,-,-,-,-,3
99.8039833,854.0-855.0,-,-,-,-,2,-,-,-,-,-,2
99.8031108,856.0-861.0,-,-,-,2,3,-,-,1,-,-,6
99.8021262,862.0-863.0,-,-,-,-,1,-,-,1,-,-,2
99.8020478,864.0-866.0,-,-,-,1,2,-,-,-,-,-,3
99.8016908,867.0-869.0,-,-,-,1,2,-,-,-,-,-,3
99.8010103,870.0-873.0,-,-,-,-,3,1,-,-,-,-,4
99.800896,874.0-882.0,-,-,-,1,8,-,-,-,-,-,9
99.8001998,883.0-887.0,1,1,-,2,1,-,-,-,-,-,5
99.7988496,888.0-889.0,-,-,-,-,2,-,-,-,-,-,2
99.7986222,890.0,-,-,-,-,-,-,-,1,-,-,1
99.797209,891.0-892.0,-,-,-,-,1,-,-,1,-,-,2
99.7969997,893.0-895.0,-,-,-,-,3,-,-,-,-,-,3
99.7965341,896.0-897.0,-,-,-,-,2,-,-,-,-,-,2
99.7957689,898.0-899.0,-,-,-,2,-,-,-,-,-,-,2
99.7954537,900.0-902.0,-,-,-,-,3,-,-,-,-,-,3
99.7936726,903.0-907.0,-,1,-,-,3,-,-,1,-,-,5
99.7935764,908.0-909.0,-,-,-,1,1,-,-,-,-,-,2
99.7933233,910.0,1,-,-,-,-,-,-,-,-,-,1
99.7922677,911.0-913.0,-,-,-,-,3,-,-,-,-,-,3
99.7908524,914.0-915.0,-,-,-,1,1,-,-,-,-,-,2
99.7901924,916.0-919.0,-,-,-,-,4,-,-,-,-,-,4
99.7894103,920.0-923.0,-,-,-,1,3,-,-,-,-,-,4
99.7860594,924.0-925.0,-,-,-,-,2,-,-,-,-,-,2
99.7858756,926.0-928.0,-,-,-,-,3,-,-,-,-,-,3
99.7857034,929.0-930.0,-,-,-,1,1,-,-,-,-,-,2
99.7847337,931.0,-,-,-,-,1,-,-,-,-,-,1
99.7839951,932.0-934.0,-,-,-,1,2,-,-,-,-,-,3
99.7838756,935.0-939.0,1,-,-,1,3,-,-,-,-,-,5
99.7834605,940.0-941.0,-,-,-,-,2,-,-,-,-,-,2
99.7829816,942.0-948.0,-,-,-,1,4,-,-,2,-,-,7
99.7827268,949.0-952.0,-,-,-,-,4,-,-,-,-,-,4
99.7816671,953.0-954.0,-,-,-,-,2,-,-,-,-,-,2
99.7809882,955.0-961.0,-,-,-,-,5,1,-,1,-,-,7
99.7806427,962.0-968.0,-,-,-,1,5,-,-,1,-,-,7
99.7797963,969.0-971.0,-,-,-,2,1,-,-,-,-,-,3
99.7773371,972.0,-,-,-,-,1,-,-,-,-,-,1
99.7768802,973.0-979.0,-,-,-,1,6,-,-,-,-,-,7
99.7765019,980.0-985.0,-,-,-,2,4,-,-,-,-,-,6
99.7748535,986.0,-,-,-,1,-,-,-,-,-,-,1
99.7745682,987.0,-,-,-,1,-,-,-,-,-,-,1
99.7742232,988.0-990.0,-,-,-,1,2,-,-,-,-,-,3
99.7725841,991.0-992.0,-,-,-,-,2,-,-,-,-,-,2
99.7716086,993.0-995.0,-,-,-,-,3,-,-,-,-,-,3
99.7711026,996.0-997.0,-,-,-,1,1,-,-,-,-,-,2
99.7706077,998.0,-,-,-,1,-,-,-,-,-,-,1
99.7703586,999.0-1001.0,-,-,-,-,3,-,-,-,-,-,3
99.7703029,1002.0-1004.0,-,-,-,-,2,-,-,1,-,-,3
99.767089,1005.0-1007.0,-,-,-,-,3,-,-,-,-,-,3
99.7669265,1008.0-1011.0,-,-,-,-,4,-,-,-,-,-,4
99.7668518,1012.0,-,-,-,1,-,-,-,-,-,-,1
99.763208,1013.0-1016.0,-,-,-,-,3,-,-,1,-,-,4
99.762088,1017.0-1018.0,-,-,-,-,2,-,-,-,-,-,2
99.7617439,1019.0-1020.0,1,-,-,-,1,-,-,-,-,-,2
99.7614537,1021.0-1024.0,-,-,1,1,2,-,-,-,-,-,4
99.7610922,1025.0-1027.0,-,-,-,-,3,-,-,-,-,-,3
99.7594475,1028.0-1031.0,-,-,-,2,2,-,-,-,-,-,4
99.7593261,1032.0,-,-,-,1,-,-,-,-,-,-,1
99.7591522,1033.0-1036.0,-,-,-,1,3,-,-,-,-,-,4
99.7582933,1037.0-1038.0,-,-,-,-,2,-,-,-,-,-,2
99.75686,1039.0-1042.0,-,-,-,1,3,-,-,-,-,-,4
99.7565021,1043.0-1045.0,-,-,-,-,3,-,-,-,-,-,3
99.7564624,1046.0-1047.0,-,-,-,-,2,-,-,-,-,-,2
99.7562268,1048.0-1050.0,-,-,-,-,3,-,-,-,-,-,3
99.7555656,1051.0-1052.0,-,-,-,1,1,-,-,-,-,-,2
99.7550906,1053.0-1055.0,-,-,-,2,1,-,-,-,-,-,3
99.7550895,1056.0-1066.0,-,-,-,2,7,-,-,2,-,-,11
99.751643,1067.0-1068.0,-,-,-,2,-,-,-,-,-,-,2
99.7514789,1069.0,-,-,-,1,-,-,-,-,-,-,1
99.75112,1070.0-1074.0,1,-,-,-,3,-,-,1,-,-,5
99.750837,1075.0-1079.0,-,-,-,1,4,-,-,-,-,-,5
99.7499736,1080.0-1082.0,-,-,-,-,3,-,-,-,-,-,3
99.7498557,1083.0,-,-,-,-,1,-,-,-,-,-,1
99.7464074,1084.0-1087.0,-,-,-,-,2,-,-,2,-,-,4
99.7462799,1088.0-1091.0,-,-,-,-,4,-,-,-,-,-,4
99.7460251,1092.0,-,-,-,-,1,-,-,-,-,-,1
99.745652,1093.0,-,-,-,-,1,-,-,-,-,-,1
99.7446515,1094.0-1096.0,-,-,-,-,3,-,-,-,-,-,3
99.7440441,1097.0-1099.0,-,1,-,1,1,-,-,-,-,-,3
99.7439636,1100.0,-,-,-,-,1,-,-,-,-,-,1
99.7437988,1101.0-1102.0,-,-,-,-,2,-,-,-,-,-,2
99.7422581,1103.0-1104.0,-,-,-,-,2,-,-,-,-,-,2
99.7421589,1105.0-1108.0,-,-,-,-,4,-,-,-,-,-,4
99.7405235,1109.0,-,-,-,-,1,-,-,-,-,-,1
99.7388573,1110.0,-,-,-,-,1,-,-,-,-,-,1
99.7385621,1111.0-1114.0,-,-,-,-,4,-,-,-,-,-,4
99.7385081,1115.0-1118.0,-,-,-,2,2,-,-,-,-,-,4
99.7379677,1119.0-1123.0,-,-,-,-,5,-,-,-,-,-,5
99.7374777,1124.0-1131.0,-,-,-,-,6,1,-,1,-,-,8
99.7372014,1132.0,-,-,-,-,1,-,-,-,-,-,1
99.7368975,1133.0-1136.0,-,-,-,1,1,1,-,1,-,-,4
99.7363595,1137.0-1142.0,-,-,1,3,2,-,-,-,-,-,6
99.7358876,1143.0-1145.0,-,-,-,1,2,-,-,-,-,-,3
99.7353406,1146.0-1149.0,-,-,-,2,2,-,-,-,-,-,4
99.7321533,1150.0,-,-,-,-,1,-,-,-,-,-,1
99.7321087,1151.0-1154.0,-,-,-,1,3,-,-,-,-,-,4
99.7310382,1155.0-1156.0,-,-,-,-,2,-,-,-,-,-,2
99.7302694,1157.0-1160.0,-,-,-,1,3,-,-,-,-,-,4
99.7298445,1161.0-1167.0,-,-,-,2,4,-,-,1,-,-,7
99.7292419,1168.0-1169.0,-,-,-,-,2,-,-,-,-,-,2
99.7284085,1170.0,-,-,-,-,-,-,-,1,-,-,1
99.7282714,1171.0-1176.0,-,-,-,1,4,-,-,1,-,-,6
99.7282705,1177.0-1181.0,-,-,-,1,2,-,-,2,-,-,5
99.727478,1182.0-1185.0,-,-,-,2,2,-,-,-,-,-,4
99.7273982,1186.0,-,-,-,1,-,-,-,-,-,-,1
99.7268706,1187.0-1192.0,-,-,-,-,5,-,-,1,-,-,6
99.7261833,1193.0-1197.0,-,-,-,3,2,-,-,-,-,-,5
99.7243552,1198.0-1200.0,-,-,-,1,2,-,-,-,-,-,3
99.7236023,1201.0-1204.0,-,1,-,1,2,-,-,-,-,-,4
99.7206487,1205.0-1206.0,-,-,-,-,2,-,-,-,-,-,2
99.7201365,1207.0-1209.0,-,-,-,1,2,-,-,-,-,-,3
99.7190687,1210.0-1213.0,-,-,-,1,3,-,-,-,-,-,4
99.7188507,1214.0-1218.0,-,-,-,1,4,-,-,-,-,-,5
99.7187006,1219.0-1221.0,-,-,-,1,1,-,1,-,-,-,3
99.7173644,1222.0-1225.0,-,-,-,-,4,-,-,-,-,-,4
99.7170462,1226.0,-,-,-,1,-,-,-,-,-,-,1
99.7147586,1227.0-1230.0,-,-,-,2,2,-,-,-,-,-,4
99.7141998,1231.0-1233.0,-,-,-,-,3,-,-,-,-,-,3
99.712889,1234.0-1238.0,-,-,-,2,3,-,-,-,-,-,5
99.7128307,1239.0-1243.0,-,1,-,-,4,-,-,-,-,-,5
99.7094753,1244.0,-,-,-,-,1,-,-,-,-,-,1
99.7079843,1245.0-1249.0,-,-,-,2,3,-,-,-,-,-,5
99.707542,1250.0,-,-,-,1,-,-,-,-,-,-,1
99.7057484,1251.0-1257.0,-,-,-,1,5,-,1,-,-,-,7
99.7053252,1258.0-1260.0,-,-,-,-,3,-,-,-,-,-,3
99.703287,1261.0-1264.0,-,-,-,1,3,-,-,-,-,-,4
99.7030717,1265.0-1267.0,-,-,-,-,3,-,-,-,-,-,3
99.7010986,1268.0-1273.0,-,-,-,2,1,-,-,3,-,-,6
99.7007285,1274.0-1278.0,-,-,-,-,5,-,-,-,-,-,5
99.7006726,1279.0-1284.0,-,-,-,-,6,-,-,-,-,-,6
99.7002258,1285.0-1287.0,-,-,-,1,2,-,-,-,-,-,3
99.6989695,1288.0-1291.0,-,-,-,3,1,-,-,-,-,-,4
99.6982788,1292.0,-,-,-,1,-,-,-,-,-,-,1
99.6976887,1293.0-1301.0,-,-,-,2,5,-,-,2,-,-,9
99.6973176,1302.0-1304.0,-,-,-,-,2,1,-,-,-,-,3
99.6963423,1305.0,-,-,-,-,1,-,-,-,-,-,1
99.6959784,1306.0-1312.0,-,-,-,-,6,-,-,1,-,-,7
99.6953971,1313.0-1314.0,-,-,-,-,2,-,-,-,-,-,2
99.6943298,1315.0-1318.0,-,-,-,-,2,-,-,2,-,-,4
99.6941787,1319.0-1320.0,-,-,-,2,-,-,-,-,-,-,2
99.6937792,1321.0,-,-,-,-,1,-,-,-,-,-,1
99.6929809,1322.0-1324.0,-,-,-,-,3,-,-,-,-,-,3
99.6912931,1325.0-1327.0,-,-,-,-,2,-,-,1,-,-,3
99.6891009,1328.0,-,-,-,1,-,-,-,-,-,-,1
99.6887728,1329.0-1337.0,-,-,-,1,7,-,-,1,-,-,9
99.6886152,1338.0-1339.0,-,-,-,-,2,-,-,-,-,-,2
99.6884735,1340.0-1348.0,-,-,-,2,7,-,-,-,-,-,9
99.6884016,1349.0-1350.0,-,-,-,1,1,-,-,-,-,-,2
99.6878761,1351.0-1354.0,-,-,-,2,2,-,-,-,-,-,4
99.6872207,1355.0-1358.0,-,-,-,-,3,-,-,1,-,-,4
99.6859903,1359.0-1361.0,-,-,1,-,2,-,-,-,-,-,3
99.6857298,1362.0-1363.0,-,-,-,-,2,-,-,-,-,-,2
99.6811356,1364.0-1369.0,-,-,1,-,5,-,-,-,-,-,6
99.6807599,1370.0-1372.0,-,-,-,1,2,-,-,-,-,-,3
99.6791809,1373.0-1378.0,-,-,-,-,6,-,-,-,-,-,6
99.6783704,1379.0-1384.0,-,1,-,1,3,-,-,1,-,-,6
99.6778075,1385.0-1388.0,-,-,-,2,2,-,-,-,-,-,4
99.6772609,1389.0-1390.0,1,-,-,-,1,-,-,-,-,-,2
99.6771018,1391.0-1394.0,-,-,-,1,2,-,-,1,-,-,4
99.6765758,1395.0-1398.0,-,-,-,1,3,-,-,-,-,-,4
99.676443,1399.0,-,-,-,1,-,-,-,-,-,-,1
99.6763131,1400.0-1402.0,-,-,-,-,3,-,-,-,-,-,3
99.6728339,1403.0-1404.0,-,-,-,-,1,1,-,-,-,-,2
99.6714361,1405.0-1407.0,-,-,-,-,2,-,-,1,-,-,3
99.6714046,1408.0-1410.0,-,-,-,2,1,-,-,-,-,-,3
99.6711217,1411.0-1413.0,-,-,-,1,1,-,-,1,-,-,3
99.6707185,1414.0-1418.0,-,-,-,2,3,-,-,-,-,-,5
99.6702103,1419.0,-,-,-,1,-,-,-,-,-,-,1
99.6691671,1420.0-1427.0,-,1,-,1,3,1,-,1,-,1,8
99.6690398,1428.0-1430.0,-,-,-,1,1,-,1,-,-,-,3
99.6682782,1431.0-1435.0,-,-,-,2,2,-,1,-,-,-,5
99.6680946,1436.0-1444.0,-,-,-,1,6,-,1,1,-,-,9
99.6657302,1445.0-1449.0,1,-,-,1,1,-,1,1,-,-,5
99.6654576,1450.0-1452.0,-,-,-,-,3,-,-,-,-,-,3
99.6624505,1453.0-1456.0,-,-,-,-,3,-,-,1,-,-,4
99.6612941,1457.0-1459.0,-,-,-,-,3,-,-,-,-,-,3
99.6590474,1460.0-1462.0,-,-,-,1,1,-,-,1,-,-,3
99.6583984,1463.0-1473.0,-,-,-,3,5,1,-,2,-,-,11
99.6577918,1474.0,-,-,-,1,-,-,-,-,-,-,1
99.6562127,1475.0-1478.0,-,-,-,1,3,-,-,-,-,-,4
99.656121,1479.0-1484.0,-,-,-,-,6,-,-,-,-,-,6
99.6549344,1485.0-1488.0,1,-,-,2,1,-,-,-,-,-,4
99.654192,1489.0-1493.0,-,-,1,1,3,-,-,-,-,-,5
99.6528494,1494.0-1496.0,-,-,-,1,2,-,-,-,-,-,3
99.6517679,1497.0-1501.0,-,-,-,1,3,-,-,1,-,-,5
99.6502708,1502.0-1505.0,-,-,-,2,2,-,-,-,-,-,4
99.6501295,1506.0-1509.0,-,-,-,1,3,-,-,-,-,-,4
99.6484642,1510.0-1511.0,-,-,-,-,1,-,-,1,-,-,2
99.647739,1512.0-1515.0,-,-,-,1,3,-,-,-,-,-,4
99.6468491,1516.0-1520.0,-,-,-,-,3,-,1,1,-,-,5
99.6467055,1521.0-1528.0,-,-,-,3,5,-,-,-,-,-,8
99.6456097,1529.0-1531.0,-,-,-,1,2,-,-,-,-,-,3
99.6455995,1532.0-1535.0,-,-,1,-,3,-,-,-,-,-,4
99.6454857,1536.0-1541.0,-,-,-,2,4,-,-,-,-,-,6
99.6443286,1542.0-1548.0,-,-,-,1,5,-,-,1,-,-,7
99.6429697,1549.0,-,-,-,-,1,-,-,-,-,-,1
99.6416519,1550.0-1551.0,-,-,-,-,1,-,-,1,-,-,2
99.6400466,1552.0-1554.0,-,-,-,2,1,-,-,-,-,-,3
99.6391713,1555.0,-,-,-,-,1,-,-,-,-,-,1
99.6391008,1556.0-1558.0,-,-,-,1,2,-,-,-,-,-,3
99.6382528,1559.0-1561.0,-,-,-,1,2,-,-,-,-,-,3
99.6348123,1562.0-1566.0,-,-,1,-,4,-,-,-,-,-,5
99.6340419,1567.0-1571.0,1,-,1,1,1,-,-,-,-,1,5
99.6337257,1572.0-1574.0,-,-,-,1,2,-,-,-,-,-,3
99.6321855,1575.0-1576.0,-,-,-,-,1,-,1,-,-,-,2
99.6314681,1577.0-1580.0,-,-,-,1,3,-,-,-,-,-,4
99.6314115,1581.0-1583.0,-,-,-,-,3,-,-,-,-,-,3
99.6298484,1584.0-1586.0,-,-,-,1,2,-,-,-,-,-,3
99.6293749,1587.0-1590.0,-,1,-,1,2,-,-,-,-,-,4
99.6281485,1591.0-1592.0,-,-,-,2,-,-,-,-,-,-,2
99.6272958,1593.0-1599.0,-,-,-,-,6,-,-,1,-,-,7
99.6259308,1600.0-1603.0,-,-,-,2,1,-,-,1,-,-,4
99.6256385,1604.0-1605.0,-,-,-,1,1,-,-,-,-,-,2
99.6253523,1606.0-1608.0,1,-,-,-,1,-,-,1,-,-,3
99.6249809,1609.0-1615.0,1,-,-,1,4,-,-,1,-,-,7
99.6242563,1616.0-1621.0,-,-,-,1,4,-,-,1,-,-,6
99.6230044,1622.0-1637.0,-,-,-,3,10,-,-,3,-,-,16
99.6217823,1638.0-1643.0,-,-,-,2,3,-,-,1,-,-,6
99.6215249,1644.0-1647.0,-,-,-,3,1,-,-,-,-,-,4
99.6209366,1648.0-1655.0,-,-,-,1,6,-,-,1,-,-,8
99.6204279,1656.0-1658.0,-,-,-,1,1,-,1,-,-,-,3
99.6185118,1659.0-1661.0,-,-,-,1,1,-,-,1,-,-,3
99.6184676,1662.0-1664.0,-,-,-,-,3,-,-,-,-,-,3
99.6181735,1665.0-1666.0,-,-,-,-,2,-,-,-,-,-,2
99.6123893,1667.0,-,-,-,-,1,-,-,-,-,-,1
99.6118163,1668.0-1673.0,-,-,-,2,3,-,-,1,-,-,6
99.6109215,1674.0,-,-,-,1,-,-,-,-,-,-,1
99.6091339,1675.0,-,-,-,1,-,-,-,-,-,-,1
99.6091136,1676.0-1679.0,-,-,1,2,1,-,-,-,-,-,4
99.6089049,1680.0-1683.0,-,-,-,1,2,-,-,1,-,-,4
99.608286,1684.0-1687.0,-,-,-,1,3,-,-,-,-,-,4
99.6081322,1688.0-1690.0,-,-,-,-,3,-,-,-,-,-,3
99.6078431,1691.0-1694.0,-,-,-,1,2,-,-,1,-,-,4
99.6064496,1695.0-1698.0,-,-,-,-,3,1,-,-,-,-,4
99.6047295,1699.0-1702.0,-,-,-,2,2,-,-,-,-,-,4
99.6046463,1703.0-1706.0,-,-,-,2,2,-,-,-,-,-,4
99.6022839,1707.0-1709.0,-,-,-,-,2,-,-,1,-,-,3
99.6009661,1710.0-1713.0,-,-,-,1,2,1,-,-,-,-,4
99.6006826,1714.0-1716.0,-,-,-,1,2,-,-,-,-,-,3
99.5962733,1717.0-1719.0,-,-,-,-,3,-,-,-,-,-,3
99.5959207,1720.0-1725.0,-,-,-,1,5,-,-,-,-,-,6
99.5936526,1726.0-1731.0,-,-,-,1,4,-,1,-,-,-,6
99.5929444,1732.0-1736.0,-,-,-,2,3,-,-,-,-,-,5
99.5915379,1737.0-1740.0,-,-,-,2,2,-,-,-,-,-,4
99.5915061,1741.0-1748.0,-,1,-,2,5,-,-,-,-,-,8
99.591217,1749.0-1755.0,1,-,-,3,2,-,-,1,-,-,7
99.5910529,1756.0-1759.0,-,-,-,2,2,-,-,-,-,-,4
99.5906412,1760.0-1764.0,-,-,1,-,4,-,-,-,-,-,5
99.5895601,1765.0-1771.0,-,-,-,1,4,-,1,1,-,-,7
99.5888727,1772.0-1781.0,-,-,-,3,5,1,-,1,-,-,10
99.5887328,1782.0-1786.0,-,-,-,-,5,-,-,-,-,-,5
99.5885253,1787.0-1793.0,-,-,-,2,5,-,-,-,-,-,7
99.5871181,1794.0-1796.0,-,-,-,2,1,-,-,-,-,-,3
99.5864762,1797.0-1802.0,-,-,-,1,2,-,-,3,-,-,6
99.5863418,1803.0-1805.0,-,-,-,1,2,-,-,-,-,-,3
99.5851334,1806.0-1808.0,-,-,-,-,3,-,-,-,-,-,3
99.5831886,1809.0-1811.0,-,-,-,1,1,-,-,1,-,-,3
99.5828869,1812.0-1820.0,-,-,-,3,5,1,-,-,-,-,9
99.582595,1821.0-1822.0,-,-,-,2,-,-,-,-,-,-,2
99.5767918,1823.0-1825.0,-,-,-,-,1,-,-,2,-,-,3
99.576464,1826.0-1832.0,-,-,-,3,4,-,-,-,-,-,7
99.5760466,1833.0-1839.0,-,-,-,3,4,-,-,-,-,-,7
99.5755694,1840.0,-,-,-,1,-,-,-,-,-,-,1
99.5737953,1841.0-1843.0,-,-,-,-,3,-,-,-,-,-,3
99.5720617,1844.0-1850.0,-,-,-,1,4,-,-,2,-,-,7
99.5691316,1851.0-1854.0,-,-,-,1,3,-,-,-,-,-,4
99.5675391,1855.0-1857.0,-,-,-,-,3,-,-,-,-,-,3
99.5661605,1858.0-1864.0,-,-,-,1,4,-,-,1,-,1,7
99.5654536,1865.0-1868.0,-,-,-,1,3,-,-,-,-,-,4
99.5651337,1869.0-1873.0,-,-,-,2,2,-,-,1,-,-,5
99.5638918,1874.0-1880.0,-,-,-,1,6,-,-,-,-,-,7
99.5630333,1881.0-1882.0,-,-,-,-,2,-,-,-,-,-,2
99.5629061,1883.0-1885.0,-,-,-,2,1,-,-,-,-,-,3
99.5624096,1886.0-1889.0,-,-,-,1,2,-,1,-,-,-,4
99.5616324,1890.0-1895.0,-,-,-,1,4,-,1,-,-,-,6
99.559727,1896.0-1898.0,-,-,-,1,1,-,-,1,-,-,3
99.5590484,1899.0,-,-,-,1,-,-,-,-,-,-,1
99.5583161,1900.0,-,-,-,1,-,-,-,-,-,-,1
99.5568572,1901.0-1902.0,-,-,-,1,-,-,-,1,-,-,2
99.5561785,1903.0-1906.0,-,-,-,1,3,-,-,-,-,-,4
99.5531725,1907.0,-,-,-,-,1,-,-,-,-,-,1
99.5527697,1908.0-1910.0,-,-,-,1,2,-,-,-,-,-,3
99.552497,1911.0-1913.0,-,-,1,-,2,-,-,-,-,-,3
99.5508469,1914.0-1915.0,-,-,-,-,2,-,-,-,-,-,2
99.549934,1916.0-1918.0,-,-,-,-,3,-,-,-,-,-,3
99.5497069,1919.0-1921.0,-,-,-,1,1,-,-,1,-,-,3
99.5484616,1922.0-1925.0,-,-,-,2,2,-,-,-,-,-,4
99.548187,1926.0-1929.0,-,-,-,3,1,-,-,-,-,-,4
99.5460666,1930.0-1938.0,-,-,-,2,5,1,1,-,-,-,9
99.5448242,1939.0-1942.0,-,-,-,-,4,-,-,-,-,-,4
99.5446196,1943.0-1953.0,-,-,-,1,6,-,-,2,-,2,11
99.5411076,1954.0-1960.0,-,-,-,2,4,1,-,-,-,-,7
99.5404476,1961.0-1964.0,-,-,-,1,2,-,-,1,-,-,4
99.5394239,1965.0-1968.0,1,-,-,2,1,-,-,-,-,-,4
99.5392491,1969.0-1972.0,-,-,-,-,1,-,1,1,-,1,4
99.5376121,1973.0-1978.0,-,-,-,-,5,-,-,-,-,1,6
99.5351622,1979.0-1982.0,-,-,-,1,2,-,-,1,-,-,4
99.5350803,1983.0-1995.0,-,-,1,6,4,1,-,1,-,-,13
99.5344145,1996.0-1999.0,-,-,-,1,3,-,-,-,-,-,4
99.5343467,2000.0-2009.0,-,-,-,1,8,-,-,1,-,-,10
99.5336943,2010.0-2014.0,-,-,-,1,4,-,-,-,-,-,5
99.5328194,2015.0-2022.0,-,-,-,6,2,-,-,-,-,-,8
99.5311735,2023.0-2028.0,-,-,-,1,2,-,1,2,-,-,6
99.530649,2029.0-2038.0,-,-,-,3,6,-,-,-,-,1,10
99.5302977,2039.0-2045.0,1,-,-,2,3,-,-,1,-,-,7
99.5291575,2046.0-2051.0,-,-,-,-,5,-,-,-,-,1,6
99.5286265,2052.0-2055.0,-,-,-,-,4,-,-,-,-,-,4
99.5268463,2056.0-2059.0,-,-,-,-,2,-,-,2,-,-,4
99.5239595,2060.0-2062.0,-,-,-,-,3,-,-,-,-,-,3
99.5230525,2063.0-2064.0,-,-,-,-,2,-,-,-,-,-,2
99.5198831,2065.0-2067.0,-,-,-,1,2,-,-,-,-,-,3
99.5185695,2068.0-2078.0,-,-,1,3,6,-,-,1,-,-,11
99.518323,2079.0-2086.0,-,1,-,2,5,-,-,-,-,-,8
99.5175556,2087.0-2093.0,-,-,-,2,5,-,-,-,-,-,7
99.5156527,2094.0-2100.0,-,-,-,1,6,-,-,-,-,-,7
99.515364,2101.0-2108.0,-,-,-,2,4,-,-,2,-,-,8
99.5153584,2109.0-2110.0,-,-,-,-,2,-,-,-,-,-,2
99.5111353,2111.0-2114.0,-,-,-,1,2,-,-,1,-,-,4
99.5111312,2115.0-2117.0,-,-,-,1,1,-,-,1,-,-,3
99.5079824,2118.0-2123.0,-,-,-,-,4,-,-,2,-,-,6
99.5066825,2124.0-2130.0,-,-,-,3,3,-,-,1,-,-,7
99.506458,2131.0,-,-,-,1,-,-,-,-,-,-,1
99.5053877,2132.0-2136.0,-,-,-,1,3,-,-,1,-,-,5
99.5021514,2137.0-2139.0,-,-,-,-,3,-,-,-,-,-,3
99.4998496,2140.0-2144.0,-,-,-,2,3,-,-,-,-,-,5
99.4983512,2145.0-2149.0,1,-,-,1,3,-,-,-,-,-,5
99.4982935,2150.0-2152.0,-,-,-,1,1,1,-,-,-,-,3
99.4964257,2153.0-2156.0,-,-,-,1,3,-,-,-,-,-,4
99.4960569,2157.0-2165.0,-,-,-,1,4,2,-,2,-,-,9
99.4920657,2166.0-2167.0,-,-,-,-,2,-,-,-,-,-,2
99.4920502,2168.0-2174.0,-,-,-,-,6,-,-,1,-,-,7
99.4914794,2175.0-2179.0,-,-,-,2,2,-,1,-,-,-,5
99.4910455,2180.0-2194.0,-,-,-,3,11,-,-,1,-,-,15
99.4889566,2195.0-2197.0,-,-,-,-,3,-,-,-,-,-,3
99.4867045,2198.0-2207.0,-,1,-,1,6,-,-,2,-,-,10
99.4857025,2208.0,-,-,-,-,1,-,-,-,-,-,1
99.4847726,2209.0-2211.0,-,-,-,-,1,2,-,-,-,-,3
99.4843179,2212.0-2215.0,-,-,-,-,2,1,-,1,-,-,4
99.4824017,2216.0-2219.0,1,-,-,2,1,-,-,-,-,-,4
99.4822739,2220.0-2223.0,-,1,-,1,2,-,-,-,-,-,4
99.4800962,2224.0-2225.0,-,-,-,-,1,-,1,-,-,-,2
99.4784557,2226.0-2231.0,-,-,-,2,4,-,-,-,-,-,6
99.478315,2232.0-2241.0,-,-,-,3,4,-,-,3,-,-,10
99.4778157,2242.0-2245.0,-,-,-,1,2,-,1,-,-,-,4
99.477303,2246.0-2248.0,-,-,-,3,-,-,-,-,-,-,3
99.4772864,2249.0-2252.0,1,-,1,-,1,-,1,-,-,-,4
99.4736033,2253.0-2254.0,-,-,-,-,2,-,-,-,-,-,2
99.4735912,2255.0-2258.0,-,-,-,-,4,-,-,-,-,-,4
99.4701469,2259.0-2263.0,-,-,-,-,3,-,1,1,-,-,5
99.4701349,2264.0-2266.0,-,1,-,-,1,-,-,-,-,1,3
99.4684566,2267.0-2270.0,-,-,-,-,3,-,-,1,-,-,4
99.4683993,2271.0-2276.0,-,-,-,1,4,-,-,1,-,-,6
99.4682537,2277.0-2281.0,-,-,-,2,2,-,-,1,-,-,5
99.4677796,2282.0-2288.0,-,1,1,3,2,-,-,-,-,-,7
99.4672441,2289.0-2292.0,-,-,-,1,2,-,-,1,-,-,4
99.4646981,2293.0-2301.0,-,-,-,5,4,-,-,-,-,-,9
99.4643752,2302.0-2309.0,-,-,-,4,4,-,-,-,-,-,8
99.4614349,2310.0-2322.0,-,-,-,3,8,-,-,2,-,-,13
99.4612563,2323.0-2329.0,-,-,-,1,4,-,-,2,-,-,7
99.4605388,2330.0-2331.0,-,-,-,-,2,-,-,-,-,-,2
99.4582733,2332.0-2334.0,-,-,1,-,1,-,-,1,-,-,3
99.4547232,2335.0-2338.0,-,-,-,2,2,-,-,-,-,-,4
99.4543918,2339.0-2349.0,-,-,-,2,7,-,-,2,-,-,11
99.4539249,2350.0-2354.0,-,-,-,2,3,-,-,-,-,-,5
99.4537801,2355.0-2356.0,-,-,-,-,2,-,-,-,-,-,2
99.453012,2357.0-2360.0,-,-,-,1,2,-,-,1,-,-,4
99.4500584,2361.0-2368.0,-,-,-,1,7,-,-,-,-,-,8
99.4496825,2369.0-2374.0,-,-,-,2,4,-,-,-,-,-,6
99.4488606,2375.0-2379.0,-,-,-,1,2,-,1,1,-,-,5
99.4478951,2380.0-2384.0,-,1,-,-,4,-,-,-,-,-,5
99.4457307,2385.0-2386.0,-,-,-,1,1,-,-,-,-,-,2
99.4451773,2387.0-2391.0,-,-,-,3,2,-,-,-,-,-,5
99.4436032,2392.0-2397.0,-,-,-,1,5,-,-,-,-,-,6
99.4434527,2398.0-2405.0,1,-,-,-,7,-,-,-,-,-,8
99.4416984,2406.0-2413.0,-,-,-,-,6,-,-,2,-,-,8
99.4403921,2414.0-2420.0,-,-,-,2,5,-,-,-,-,-,7
99.4395208,2421.0-2425.0,-,-,-,3,2,-,-,-,-,-,5
99.4371482,2426.0-2431.0,-,-,-,3,2,-,-,1,-,-,6
99.4371337,2432.0-2436.0,-,-,-,1,4,-,-,-,-,-,5
99.436897,2437.0-2443.0,-,1,-,-,5,-,-,1,-,-,7
99.4306893,2444.0-2448.0,-,-,-,3,1,-,-,1,-,-,5
99.4283995,2449.0-2453.0,-,1,-,-,3,1,-,-,-,-,5
99.4247803,2454.0-2457.0,-,-,-,3,1,-,-,-,-,-,4
99.4246825,2458.0-2459.0,-,-,-,-,2,-,-,-,-,-,2
99.4239868,2460.0-2465.0,1,-,-,2,3,-,-,-,-,-,6
99.4224681,2466.0-2474.0,-,-,-,2,5,-,1,1,-,-,9
99.4219653,2475.0-2480.0,-,1,-,2,2,-,-,1,-,-,6
99.4197952,2481.0-2487.0,-,1,-,3,2,-,-,1,-,-,7
99.4189527,2488.0-2491.0,-,-,-,1,2,-,1,-,-,-,4
99.4170641,2492.0-2496.0,-,-,-,1,3,-,-,1,-,-,5
99.4168392,2497.0-2499.0,-,-,-,-,3,-,-,-,-,-,3
99.4160243,2500.0-2503.0,-,-,-,-,4,-,-,-,-,-,4
99.4157162,2504.0-2512.0,-,-,-,4,4,1,-,-,-,-,9
99.4150471,2513.0-2520.0,-,-,-,2,6,-,-,-,-,-,8
99.4145109,2521.0-2528.0,-,1,-,3,4,-,-,-,-,-,8
99.4141383,2529.0-2531.0,-,-,-,-,3,-,-,-,-,-,3
99.41195,2532.0-2537.0,-,1,-,2,2,-,1,-,-,-,6
99.4088128,2538.0-2544.0,-,-,-,3,4,-,-,-,-,-,7
99.4061378,2545.0-2550.0,-,-,-,1,4,-,-,-,-,1,6
99.4020758,2551.0-2556.0,-,-,-,1,5,-,-,-,-,-,6
99.4005994,2557.0-2567.0,-,-,-,5,5,1,-,-,-,-,11
99.4001223,2568.0-2574.0,-,-,-,2,3,1,-,1,-,-,7
99.3988671,2575.0-2582.0,-,-,-,1,4,-,-,2,-,1,8
99.398859,2583.0-2595.0,-,-,-,2,9,-,-,2,-,-,13
99.3986188,2596.0-2602.0,-,-,-,3,4,-,-,-,-,-,7
99.3979391,2603.0-2610.0,-,-,-,1,4,-,-,3,-,-,8
99.3975192,2611.0-2612.0,-,-,-,1,1,-,-,-,-,-,2
99.3974848,2613.0-2619.0,-,-,-,3,4,-,-,-,-,-,7
99.3966183,2620.0-2624.0,-,1,-,3,1,-,-,-,-,-,5
99.3965487,2625.0-2630.0,-,-,-,-,5,-,-,1,-,-,6
99.3943022,2631.0-2639.0,-,1,-,2,5,-,1,-,-,-,9
99.3921908,2640.0,-,-,-,1,-,-,-,-,-,-,1
99.3905516,2641.0-2651.0,-,-,-,3,8,-,-,-,-,-,11
99.389234,2652.0-2659.0,-,1,-,1,6,-,-,-,-,-,8
99.3890785,2660.0-2667.0,-,-,-,2,6,-,-,-,-,-,8
99.382843,2668.0-2673.0,-,-,-,1,4,-,-,1,-,-,6
99.3817347,2674.0-2681.0,-,-,-,3,5,-,-,-,-,-,8
99.3778786,2682.0-2687.0,-,-,-,1,5,-,-,-,-,-,6
99.376947,2688.0-2692.0,-,1,-,-,4,-,-,-,-,-,5
99.3757521,2693.0-2695.0,-,-,-,1,2,-,-,-,-,-,3
99.3737606,2696.0-2698.0,-,-,-,1,2,-,-,-,-,-,3
99.3729563,2699.0-2709.0,-,1,-,3,4,-,-,2,-,1,11
99.372715,2710.0-2717.0,-,-,-,-,6,-,1,1,-,-,8
99.3693062,2718.0-2722.0,-,-,-,1,4,-,-,-,-,-,5
99.3685902,2723.0-2731.0,-,-,-,2,6,-,-,1,-,-,9
99.368317,2732.0-2735.0,-,1,-,1,2,-,-,-,-,-,4
99.3669144,2736.0-2737.0,-,-,-,-,2,-,-,-,-,-,2
99.3667343,2738.0-2742.0,-,-,-,-,4,-,-,1,-,-,5
99.3660169,2743.0-2745.0,-,-,-,1,2,-,-,-,-,-,3
99.3657344,2746.0-2752.0,-,1,-,-,6,-,-,-,-,-,7
99.365046,2753.0-2758.0,-,-,-,3,1,-,-,2,-,-,6
99.3569495,2759.0-2763.0,-,-,1,-,4,-,-,-,-,-,5
99.3555657,2764.0-2770.0,-,-,-,1,5,-,-,1,-,-,7
99.3554861,2771.0-2779.0,-,-,1,1,6,-,-,1,-,-,9
99.3527968,2780.0-2787.0,-,-,-,2,5,-,-,1,-,-,8
99.3520602,2788.0-2795.0,-,-,-,3,4,-,-,1,-,-,8
99.3515358,2796.0-2804.0,1,1,-,-,6,-,-,1,-,-,9
99.3471433,2805.0-2812.0,-,-,-,2,6,-,-,-,-,-,8
99.3469444,2813.0-2816.0,-,1,-,-,3,-,-,-,-,-,4
99.3449399,2817.0-2819.0,-,-,-,1,2,-,-,-,-,-,3
99.3429647,2820.0-2826.0,-,-,-,3,4,-,-,-,-,-,7
99.3419441,2827.0-2832.0,-,-,-,-,6,-,-,-,-,-,6
99.3416992,2833.0-2838.0,-,-,-,2,3,-,1,-,-,-,6
99.3393889,2839.0-2842.0,-,-,-,-,4,-,-,-,-,-,4
99.3375962,2843.0-2849.0,-,-,-,3,4,-,-,-,-,-,7
99.3358064,2850.0-2855.0,-,-,-,1,5,-,-,-,-,-,6
99.335246,2856.0-2863.0,1,-,-,-,6,-,1,-,-,-,8
99.3340235,2864.0-2866.0,-,-,-,2,-,-,1,-,-,-,3
99.333359,2867.0-2876.0,-,1,-,1,6,-,-,2,-,-,10
99.3305769,2877.0-2881.0,-,-,-,-,5,-,-,-,-,-,5
99.3285322,2882.0-2883.0,-,-,-,1,1,-,-,-,-,-,2
99.3275256,2884.0-2900.0,-,-,-,4,8,-,-,3,-,2,17
99.3268652,2901.0-2907.0,-,-,-,1,6,-,-,-,-,-,7
99.3264576,2908.0-2916.0,-,-,1,2,5,-,1,-,-,-,9
99.3245604,2917.0-2925.0,-,1,-,-,7,1,-,-,-,-,9
99.3229467,2926.0-2930.0,-,1,-,1,3,-,-,-,-,-,5
99.3226862,2931.0-2940.0,-,-,-,3,7,-,-,-,-,-,10
99.3225882,2941.0-2948.0,-,-,-,3,3,-,-,2,-,-,8
99.3188428,2949.0-2954.0,-,-,-,3,3,-,-,-,-,-,6
99.3168292,2955.0-2965.0,-,-,-,1,6,-,-,3,-,1,11
99.3139932,2966.0-2974.0,-,-,1,3,5,-,-,-,-,-,9
99.3132614,2975.0-2977.0,-,-,-,-,3,-,-,-,-,-,3
99.312573,2978.0-2983.0,-,-,1,2,3,-,-,-,-,-,6
99.3101241,2984.0,-,-,-,1,-,-,-,-,-,-,1
99.3076575,2985.0-2990.0,-,1,-,1,4,-,-,-,-,-,6
99.3074127,2991.0-2992.0,-,-,-,1,1,-,-,-,-,-,2
99.3049821,2993.0-2996.0,-,-,-,1,3,-,-,-,-,-,4
99.3045416,2997.0-3007.0,-,-,-,1,6,-,2,2,-,-,11
99.3034408,3008.0-3012.0,-,-,-,1,4,-,-,-,-,-,5
99.3030124,3013.0-3020.0,-,-,-,2,5,-,-,-,-,1,8
99.3029676,3021.0-3025.0,-,-,-,2,2,-,-,1,-,-,5
99.302904,3026.0-3029.0,-,-,-,2,2,-,-,-,-,-,4
99.3004769,3030.0-3037.0,-,-,-,3,4,-,-,1,-,-,8
99.2975956,3038.0-3048.0,-,-,-,3,8,-,-,-,-,-,11
99.2967602,3049.0-3060.0,-,-,-,4,8,-,-,-,-,-,12
99.295478,3061.0-3067.0,-,-,1,1,2,-,-,3,-,-,7
99.2921716,3068.0-3077.0,-,-,-,5,4,-,-,1,-,-,10
99.29068,3078.0-3080.0,-,-,-,-,3,-,-,-,-,-,3
99.2892599,3081.0,-,-,-,-,-,-,-,1,-,-,1
99.2887877,3082.0-3084.0,-,-,-,3,-,-,-,-,-,-,3
99.2861023,3085.0-3089.0,-,-,-,2,3,-,-,-,-,-,5
99.2854994,3090.0-3091.0,-,1,-,-,1,-,-,-,-,-,2
99.2844023,3092.0-3099.0,-,-,-,3,4,-,1,-,-,-,8
99.2803541,3100.0-3109.0,-,-,-,5,4,-,-,-,-,1,10
99.2799835,3110.0-3118.0,-,-,-,4,5,-,-,-,-,-,9
99.2794112,3119.0-3123.0,-,-,-,1,4,-,-,-,-,-,5
99.2782017,3124.0-3129.0,-,-,-,-,5,-,-,1,-,-,6
99.2765642,3130.0-3137.0,-,-,-,-,6,-,1,1,-,-,8
99.2754384,3138.0-3143.0,-,1,-,2,3,-,-,-,-,-,6
99.2740965,3144.0-3151.0,-,-,-,4,3,1,-,-,-,-,8
99.271977,3152.0-3163.0,-,-,-,6,6,-,-,-,-,-,12
99.2710498,3164.0-3166.0,-,-,1,1,-,-,-,1,-,-,3
99.2703291,3167.0-3172.0,-,-,-,1,5,-,-,-,-,-,6
99.2696246,3173.0-3179.0,-,-,-,1,6,-,-,-,-,-,7
99.2693873,3180.0-3184.0,-,1,-,2,2,-,-,-,-,-,5
99.267874,3185.0-3186.0,-,-,-,-,2,-,-,-,-,-,2
99.2650104,3187.0-3190.0,-,1,-,1,1,-,-,-,-,1,4
99.2629362,3191.0-3194.0,-,-,-,1,3,-,-,-,-,-,4
99.2589431,3195.0-3200.0,-,-,-,1,5,-,-,-,-,-,6
99.2534423,3201.0-3216.0,-,-,-,2,12,-,1,1,-,-,16
99.2533719,3217.0-3223.0,-,-,-,2,5,-,-,-,-,-,7
99.2533599,3224.0-3233.0,-,-,-,3,6,-,1,-,-,-,10
99.2510157,3234.0-3237.0,-,-,-,1,2,-,-,1,-,-,4
99.2474239,3238.0-3248.0,-,-,-,1,4,1,-,5,-,-,11
99.246115,3249.0-3254.0,-,-,-,1,4,1,-,-,-,-,6
99.2441336,3255.0-3263.0,-,-,-,2,3,1,1,2,-,-,9
99.2439457,3264.0-3270.0,-,1,-,-,5,-,-,1,-,-,7
99.2434663,3271.0-3279.0,-,1,-,-,8,-,-,-,-,-,9
99.2415545,3280.0-3283.0,-,-,-,2,2,-,-,-,-,-,4
99.2404354,3284.0-3289.0,-,-,-,2,2,-,-,2,-,-,6
99.2374051,3290.0-3294.0,-,-,-,1,3,-,-,1,-,-,5
99.2369561,3295.0,1,-,-,-,-,-,-,-,-,-,1
99.2363471,3296.0-3298.0,-,-,-,2,-,-,-,1,-,-,3
99.23538,3299.0-3303.0,-,-,-,1,4,-,-,-,-,-,5
99.2320819,3304.0-3310.0,-,-,-,2,4,-,-,1,-,-,7
99.2306878,3311.0-3322.0,-,-,-,3,9,-,-,-,-,-,12
99.2303252,3323.0-3330.0,-,-,-,1,7,-,-,-,-,-,8
99.2298181,3331.0-3337.0,-,1,-,3,3,-,-,-,-,-,7
99.2275145,3338.0-3348.0,-,-,-,3,5,-,-,3,-,-,11
99.2267861,3349.0-3360.0,-,-,-,5,7,-,-,-,-,-,12
99.2231747,3361.0-3372.0,-,-,-,1,10,-,-,1,-,-,12
99.22161,3373.0-3383.0,1,-,1,2,6,-,-,1,-,-,11
99.2197704,3384.0-3389.0,-,-,-,1,4,-,-,1,-,-,6
99.2190806,3390.0-3402.0,-,1,-,2,7,-,-,3,-,-,13
99.2177086,3403.0-3410.0,-,-,-,3,4,-,-,1,-,-,8
99.2148392,3411.0-3417.0,-,-,-,4,3,-,-,-,-,-,7
99.2123846,3418.0-3424.0,-,-,-,2,4,-,-,1,-,-,7
99.2102425,3425.0-3429.0,-,-,-,3,2,-,-,-,-,-,5
99.2089328,3430.0-3434.0,-,-,-,-,5,-,-,-,-,-,5
99.2069983,3435.0-3440.0,-,-,-,1,5,-,-,-,-,-,6
99.2052023,3441.0-3449.0,-,-,-,4,4,-,-,1,-,-,9
99.2048201,3450.0-3455.0,-,-,1,-,5,-,-,-,-,-,6
99.2018999,3456.0-3460.0,-,-,-,2,3,-,-,-,-,-,5
99.2014366,3461.0-3476.0,-,-,-,4,7,2,-,3,-,-,16
99.2007992,3477.0-3483.0,-,-,-,2,4,1,-,-,-,-,7
99.1997549,3484.0-3493.0,-,-,-,2,6,1,-,1,-,-,10
99.1952467,3494.0-3502.0,-,-,-,2,5,1,-,1,-,-,9
99.1945392,3503.0-3509.0,-,-,-,3,3,-,-,1,-,-,7
99.1944886,3510.0-3513.0,-,-,-,-,4,-,-,-,-,-,4
99.1918414,3514.0-3523.0,-,1,-,1,4,1,1,2,-,-,10
99.1888167,3524.0-3529.0,-,1,-,3,2,-,-,-,-,-,6
99.185674,3530.0-3535.0,-,-,-,1,3,1,-,1,-,-,6
99.1853991,3536.0-3541.0,-,-,-,2,4,-,-,-,-,-,6
99.1839813,3542.0-3546.0,-,-,-,1,3,-,-,1,-,-,5
99.1830123,3547.0-3551.0,-,-,-,2,2,-,-,1,-,-,5
99.1821946,3552.0-3555.0,-,-,-,-,4,-,-,-,-,-,4
99.1791202,3556.0-3561.0,-,-,-,2,3,1,-,-,-,-,6
99.1774657,3562.0-3566.0,-,1,-,-,4,-,-,-,-,-,5
99.1754514,3567.0-3569.0,-,-,-,-,2,-,-,1,-,-,3
99.1749938,3570.0-3573.0,-,1,-,1,2,-,-,-,-,-,4
99.1743055,3574.0-3580.0,-,-,-,1,4,1,-,-,-,1,7
99.1739298,3581.0-3589.0,-,-,2,3,4,-,-,-,-,-,9
99.1676621,3590.0-3600.0,-,-,-,1,9,-,1,-,-,-,11
99.1672355,3601.0-3609.0,-,-,-,1,6,-,-,2,-,-,9
99.1627842,3610.0-3617.0,-,-,-,-,6,-,-,1,-,1,8
99.1591592,3618.0-3622.0,-,-,-,1,4,-,-,-,-,-,5
99.1583618,3623.0-3627.0,-,-,-,-,2,-,-,2,-,1,5
99.1546915,3628.0-3637.0,-,-,-,-,9,-,-,1,-,-,10
99.1542936,3638.0-3643.0,-,-,-,2,3,-,1,-,-,-,6
99.1541864,3644.0,-,-,-,-,1,-,-,-,-,-,1
99.1536834,3645.0-3654.0,-,-,-,2,6,1,-,1,-,-,10
99.1530508,3655.0-3659.0,-,1,-,-,3,-,-,1,-,-,5
99.1512886,3660.0-3667.0,-,-,-,-,6,-,-,2,-,-,8
99.1510977,3668.0-3677.0,-,-,-,1,8,1,-,-,-,-,10
99.1476881,3678.0-3683.0,-,-,-,2,3,-,-,1,-,-,6
99.14615,3684.0-3693.0,-,-,-,5,2,-,-,3,-,-,10
99.1459959,3694.0-3701.0,-,-,-,1,7,-,-,-,-,-,8
99.1441534,3702.0-3704.0,-,-,-,-,3,-,-,-,-,-,3
99.1440399,3705.0-3710.0,1,-,1,1,3,-,-,-,-,-,6
99.143221,3711.0-3721.0,-,-,-,4,5,-,1,1,-,-,11
99.1425468,3722.0-3730.0,-,-,1,1,5,-,-,2,-,-,9
99.1415633,3731.0-3736.0,-,-,-,1,4,-,-,1,-,-,6
99.1394332,3737.0-3743.0,-,1,-,3,2,-,-,1,-,-,7
99.1389268,3744.0-3748.0,-,-,-,3,2,-,-,-,-,-,5
99.1388387,3749.0-3753.0,-,-,-,1,1,-,-,3,-,-,5
99.1359803,3754.0-3760.0,-,1,-,-,4,-,-,2,-,-,7
99.1344285,3761.0-3770.0,1,-,-,2,7,-,-,-,-,-,10
99.1326609,3771.0-3784.0,1,-,-,3,5,-,2,3,-,-,14
99.1295073,3785.0-3792.0,-,-,-,1,6,-,-,1,-,-,8
99.1264191,3793.0-3801.0,-,-,-,4,3,-,-,2,-,-,9
99.1235306,3802.0-3805.0,-,1,-,-,3,-,-,-,-,-,4
99.1231468,3806.0-3810.0,-,1,-,1,3,-,-,-,-,-,5
99.1183262,3811.0-3818.0,-,1,1,1,4,1,-,-,-,-,8
99.116041,3819.0-3825.0,-,1,-,1,5,-,-,-,-,-,7
99.112515,3826.0-3836.0,-,-,-,3,8,-,-,-,-,-,11
99.1107033,3837.0-3846.0,-,-,-,1,7,-,-,2,-,-,10
99.1076278,3847.0-3851.0,-,-,-,2,2,-,-,1,-,-,5
99.1074241,3852.0-3857.0,-,-,-,2,2,-,-,2,-,-,6
99.1067363,3858.0-3865.0,-,-,-,1,7,-,-,-,-,-,8
99.1062802,3866.0-3871.0,-,-,1,1,3,-,-,1,-,-,6
99.1054515,3872.0-3873.0,-,-,-,1,1,-,-,-,-,-,2
99.1045706,3874.0-3886.0,-,2,-,2,7,-,1,1,-,-,13
99.1038726,3887.0-3891.0,-,-,1,1,3,-,-,-,-,-,5
99.1029078,3892.0-3896.0,-,-,-,1,3,-,1,-,-,-,5
99.098911,3897.0-3904.0,-,-,-,-,6,-,-,2,-,-,8
99.0970568,3905.0-3918.0,1,-,1,3,6,-,1,1,1,-,14
99.09598,3919.0-3929.0,-,1,-,1,5,1,-,3,-,-,11
99.095532,3930.0-3936.0,-,-,-,4,2,-,-,1,-,-,7
99.0948365,3937.0-3942.0,1,-,-,1,2,-,-,1,1,-,6
99.0914533,3943.0-3949.0,-,-,1,-,6,-,-,-,-,-,7
99.0892392,3950.0-3959.0,-,-,-,3,6,-,-,1,-,-,10
99.0867404,3960.0-3968.0,-,-,-,2,5,-,1,1,-,-,9
99.0847784,3969.0-3974.0,-,-,-,2,3,-,-,1,-,-,6
99.082285,3975.0-3981.0,-,1,-,1,3,-,-,2,-,-,7
99.0804687,3982.0-3991.0,-,-,-,3,5,-,1,1,-,-,10
99.0772294,3992.0-4005.0,-,1,-,6,6,-,-,1,-,-,14
99.0750853,4006.0-4014.0,-,-,1,-,7,-,-,1,-,-,9
99.074621,4015.0-4020.0,-,1,-,2,3,-,-,-,-,-,6
99.0737525,4021.0-4027.0,-,-,-,3,4,-,-,-,-,-,7
99.0724212,4028.0-4033.0,-,-,-,1,5,-,-,-,-,-,6
99.0686935,4034.0-4046.0,-,-,-,3,8,-,1,1,-,-,13
99.0673026,4047.0-4054.0,-,-,-,1,6,-,-,1,-,-,8
99.0639786,4055.0-4063.0,-,-,1,1,3,-,1,3,-,-,9
99.0598676,4064.0-4071.0,-,-,-,1,6,-,-,1,-,-,8
99.059847,4072.0-4074.0,1,-,-,1,1,-,-,-,-,-,3
99.0597598,4075.0-4083.0,-,-,-,-,6,-,1,2,-,-,9
99.0588482,4084.0-4087.0,-,1,-,-,3,-,-,-,-,-,4
99.057971,4088.0-4094.0,1,-,-,1,5,-,-,-,-,-,7
99.0567136,4095.0-4100.0,-,-,-,2,4,-,-,-,-,-,6
99.0524224,4101.0-4110.0,-,-,-,-,7,-,1,2,-,-,10
99.0471853,4111.0-4122.0,-,1,-,4,4,-,-,3,-,-,12
99.0471821,4123.0-4134.0,-,-,-,4,6,-,1,1,-,-,12
99.0444765,4135.0-4139.0,-,-,-,2,2,-,-,1,-,-,5
99.0434195,4140.0-4151.0,-,-,-,2,9,-,1,-,-,-,12
99.0432453,4152.0-4157.0,-,-,-,2,4,-,-,-,-,-,6
99.0394918,4158.0-4166.0,-,-,-,4,3,-,-,2,-,-,9
99.0390182,4167.0-4179.0,1,-,-,3,8,-,1,-,-,-,13
99.0382766,4180.0-4190.0,-,-,-,5,5,-,1,-,-,-,11
99.0374182,4191.0-4198.0,-,-,-,4,4,-,-,-,-,-,8
99.0273676,4199.0-4205.0,-,-,-,2,3,-,-,2,-,-,7
99.0273038,4206.0-4214.0,-,-,-,3,4,-,-,2,-,-,9
99.0247667,4215.0-4220.0,-,-,-,2,2,-,-,1,-,1,6
99.0240529,4221.0-4229.0,-,-,-,3,5,-,-,1,-,-,9
99.0212323,4230.0-4241.0,-,-,1,2,7,-,-,2,-,-,12
99.0203625,4242.0-4251.0,1,-,-,3,6,-,-,-,-,-,10
99.0189208,4252.0-4263.0,-,-,-,1,11,-,-,-,-,-,12
99.0185018,4264.0-4269.0,-,-,-,-,5,-,-,1,-,-,6
99.0183906,4270.0-4275.0,-,-,1,1,4,-,-,-,-,-,6
99.0178953,4276.0-4283.0,-,1,-,3,3,-,-,1,-,-,8
99.0135423,4284.0-4292.0,-,1,-,2,4,-,-,2,-,-,9
99.0131125,4293.0-4296.0,-,-,1,1,2,-,-,-,-,-,4
99.0125241,4297.0-4305.0,1,-,-,2,6,-,-,-,-,-,9
99.0069374,4306.0-4311.0,-,-,-,3,3,-,-,-,-,-,6
99.0049751,4312.0-4322.0,-,-,-,3,6,-,-,2,-,-,11
99.0024152,4323.0-4332.0,1,-,-,2,7,-,-,-,-,-,10
99.0001766,4333.0-4345.0,-,1,-,4,8,-,-,-,-,-,13
98.996822,4346.0-4359.0,1,-,-,4,7,-,-,2,-,-,14
98.991977,4360.0-4368.0,-,-,-,1,7,-,-,1,-,-,9
98.9897444,4369.0-4385.0,-,-,-,5,8,-,1,3,-,-,17
98.9878776,4386.0-4398.0,-,-,-,2,8,-,-,2,-,1,13
98.9805732,4399.0-4404.0,-,1,-,1,3,1,-,-,-,-,6
98.9795918,4405.0-4414.0,1,2,-,1,6,-,-,-,-,-,10
98.976603,4415.0-4423.0,-,1,-,3,5,-,-,-,-,-,9
98.9761764,4424.0-4425.0,-,-,-,1,1,-,-,-,-,-,2
98.9760049,4426.0-4440.0,-,-,-,6,7,2,-,-,-,-,15
98.9726962,4441.0-4448.0,-,-,-,1,6,-,-,1,-,-,8
98.9722983,4449.0-4456.0,-,-,-,2,5,-,1,-,-,-,8
98.9717224,4457.0-4460.0,-,-,-,2,2,-,-,-,-,-,4
98.9713132,4461.0-4468.0,-,-,-,2,2,-,-,3,-,1,8
98.9702605,4469.0-4475.0,-,-,1,1,5,-,-,-,-,-,7
98.9695496,4476.0-4488.0,1,1,-,2,7,-,-,2,-,-,13
98.9666165,4489.0-4491.0,-,-,-,-,3,-,-,-,-,-,3
98.9658544,4492.0-4500.0,-,-,-,2,7,-,-,-,-,-,9
98.9619853,4501.0-4509.0,1,1,1,4,2,-,-,-,-,-,9
98.9616221,4510.0-4521.0,-,-,-,7,3,1,-,1,-,-,12
98.9613527,4522.0-4525.0,-,-,-,2,1,-,-,1,-,-,4
98.9608845,4526.0-4532.0,-,-,-,2,5,-,-,-,-,-,7
98.9540325,4533.0-4539.0,-,-,-,1,6,-,-,-,-,-,7
98.953411,4540.0-4544.0,-,-,-,-,3,-,-,2,-,-,5
98.9525497,4545.0-4555.0,-,1,-,1,6,1,-,2,-,-,11
98.9480174,4556.0-4565.0,-,-,-,4,5,-,1,-,-,-,10
98.9470719,4566.0-4570.0,-,-,-,2,2,-,-,1,-,-,5
98.9413135,4571.0-4585.0,-,1,-,4,6,-,2,2,-,-,15
98.9382574,4586.0-4600.0,1,-,-,5,7,-,-,2,-,-,15
98.935393,4601.0-4608.0,-,-,-,2,4,-,1,1,-,-,8
98.9254847,4609.0-4618.0,-,-,-,3,3,-,1,3,-,-,10
98.9254087,4619.0-4626.0,-,-,-,1,6,-,-,1,-,-,8
98.9224553,4627.0-4633.0,-,-,1,-,5,1,-,-,-,-,7
98.9224519,4634.0-4639.0,-,-,-,3,2,-,1,-,-,-,6
98.9210775,4640.0-4646.0,-,-,-,2,4,-,1,-,-,-,7
98.9208633,4647.0-4662.0,-,-,-,2,10,1,-,3,-,-,16
98.920728,4663.0-4666.0,-,-,-,1,3,-,-,-,-,-,4
98.9203105,4667.0-4675.0,-,-,-,-,6,-,1,2,-,-,9
98.9199753,4676.0-4683.0,-,-,-,1,5,-,-,1,-,1,8
98.9173025,4684.0-4693.0,1,-,-,1,6,-,-,2,-,-,10
98.9164146,4694.0-4707.0,1,-,-,3,7,-,1,2,-,-,14
98.9153784,4708.0-4720.0,-,1,-,2,9,-,-,1,-,-,13
98.9119026,4721.0-4724.0,-,-,1,-,2,-,1,-,-,-,4
98.9118452,4725.0-4733.0,-,-,-,-,9,-,-,-,-,-,9
98.909754,4734.0-4740.0,-,-,-,-,6,-,1,-,-,-,7
98.9054936,4741.0-4745.0,-,-,-,2,3,-,-,-,-,-,5
98.905322,4746.0-4751.0,-,-,-,-,4,-,2,-,-,-,6
98.9010239,4752.0-4762.0,1,-,-,2,6,-,-,2,-,-,11
98.8995873,4763.0-4776.0,-,1,-,2,9,-,-,2,-,-,14
98.8989816,4777.0-4785.0,-,-,-,4,5,-,-,-,-,-,9
98.8981649,4786.0-4798.0,1,-,-,5,7,-,-,-,-,-,13
98.8957902,4799.0-4803.0,-,1,-,1,3,-,-,-,-,-,5
98.8923623,4804.0-4822.0,-,-,1,2,14,-,1,-,-,1,19
98.8869054,4823.0-4833.0,-,-,-,2,8,-,-,1,-,-,11
98.8800565,4834.0-4843.0,-,1,-,3,6,-,-,-,-,-,10
98.8788315,4844.0-4850.0,-,-,-,1,6,-,-,-,-,-,7
98.8769155,4851.0-4857.0,-,-,-,3,4,-,-,-,-,-,7
98.8742633,4858.0-4865.0,-,-,-,3,4,-,-,1,-,-,8
98.8739213,4866.0-4871.0,-,-,-,1,5,-,-,-,-,-,6
98.8698563,4872.0-4880.0,1,-,-,3,5,-,-,-,-,-,9
98.8670753,4881.0-4888.0,-,-,-,-,6,-,1,1,-,-,8
98.8660774,4889.0-4898.0,-,-,-,2,6,-,1,1,-,-,10
98.8658108,4899.0-4909.0,-,-,-,1,7,-,1,2,-,-,11
98.8650296,4910.0-4921.0,1,-,-,2,6,-,-,3,-,-,12
98.8626758,4922.0-4938.0,-,-,-,5,7,1,2,2,-,-,17
98.8613195,4939.0-4951.0,-,1,-,3,8,-,-,1,-,-,13
98.8608813,4952.0-4962.0,-,-,1,2,5,-,1,2,-,-,11
98.8588712,4963.0-4969.0,-,-,-,2,5,-,-,-,-,-,7
98.851682,4970.0,-,-,-,-,1,-,-,-,-,-,1
98.8515144,4971.0-4977.0,-,-,-,3,4,-,-,-,-,-,7
98.8513922,4978.0-4983.0,-,-,-,1,3,1,-,1,-,-,6
98.847481,4984.0-4997.0,-,-,-,3,9,-,-,2,-,-,14
98.843665,4998.0-5003.0,-,1,-,-,2,-,2,1,-,-,6
98.84049,5004.0-5010.0,1,-,-,3,3,-,-,-,-,-,7
98.8395904,5011.0-5018.0,-,-,-,1,7,-,-,-,-,-,8
98.8353329,5019.0-5028.0,-,-,-,3,3,-,-,4,-,-,10
98.8328486,5029.0-5041.0,-,-,-,5,7,-,-,-,-,1,13
98.8308304,5042.0-5050.0,-,-,-,2,6,-,-,1,-,-,9
98.8276853,5051.0-5058.0,-,-,-,2,5,-,1,-,-,-,8
98.8270624,5059.0-5071.0,1,-,-,2,8,-,-,2,-,-,13
98.8243967,5072.0-5079.0,-,-,-,-,7,1,-,-,-,-,8
98.8229543,5080.0-5086.0,-,-,1,3,3,-,-,-,-,-,7
98.8209363,5087.0-5094.0,-,-,-,1,7,-,-,-,-,-,8
98.8208547,5095.0-5099.0,-,-,-,-,3,-,-,2,-,-,5
98.8203997,5100.0-5105.0,-,1,-,1,3,-,-,-,-,1,6
98.8193489,5106.0-5119.0,-,2,-,3,7,-,-,2,-,-,14
98.8167764,5120.0-5133.0,-,1,-,3,7,-,-,3,-,-,14
98.8142711,5134.0-5147.0,-,-,1,4,9,-,-,-,-,-,14
98.8107514,5148.0-5158.0,-,1,-,5,4,-,-,1,-,-,11
98.8068517,5159.0-5167.0,-,-,-,2,5,-,-,2,-,-,9
98.8054787,5168.0-5176.0,-,1,2,1,3,1,1,-,-,-,9
98.8016073,5177.0-5191.0,-,-,-,5,10,-,-,-,-,-,15
98.797718,5192.0-5204.0,-,-,-,5,7,-,1,-,-,-,13
98.7923974,5205.0-5214.0,-,-,-,2,4,-,-,3,1,-,10
98.7920754,5215.0-5226.0,-,-,-,6,3,-,-,3,-,-,12
98.7920188,5227.0-5237.0,-,-,-,1,4,-,-,6,-,-,11
98.7883959,5238.0-5244.0,-,-,-,-,4,-,2,1,-,-,7
98.7857913,5245.0-5254.0,1,-,-,2,4,2,-,1,-,-,10
98.7839138,5255.0-5262.0,-,-,1,2,3,-,-,2,-,-,8
98.7819872,5263.0-5273.0,-,-,-,2,5,-,2,2,-,-,11
98.781718,5274.0-5283.0,-,-,-,2,6,-,1,1,-,-,10
98.7815884,5284.0-5297.0,1,-,-,4,7,-,-,2,-,-,14
98.7794007,5298.0-5306.0,-,-,-,2,4,-,-,3,-,-,9
98.7789518,5307.0-5319.0,-,-,-,3,8,-,1,1,-,-,13
98.7772214,5320.0-5335.0,-,-,-,9,3,-,1,2,-,1,16
98.775117,5336.0-5340.0,-,-,-,2,3,-,-,-,-,-,5
98.7697578,5341.0-5346.0,-,-,-,-,3,1,-,1,-,1,6
98.7645051,5347.0-5363.0,-,-,-,1,12,-,-,4,-,-,17
98.7612146,5364.0-5372.0,-,-,-,3,5,-,-,1,-,-,9
98.7553466,5373.0-5379.0,-,-,-,2,4,-,-,1,-,-,7
98.7488829,5380.0-5385.0,-,-,-,3,3,-,-,-,-,-,6
98.7486606,5386.0-5400.0,-,-,-,4,10,-,-,1,-,-,15
98.7476321,5401.0-5410.0,-,2,-,3,4,-,-,1,-,-,10
98.7472209,5411.0-5422.0,-,-,-,2,9,-,-,-,1,-,12
98.7438472,5423.0-5428.0,-,-,1,-,5,-,-,-,-,-,6
98.7429314,5429.0-5441.0,-,-,-,5,7,-,1,-,-,-,13
98.7422717,5442.0-5453.0,-,-,-,5,7,-,-,-,-,-,12
98.7393034,5454.0-5462.0,-,-,-,3,4,-,1,1,-,-,9
98.7389218,5463.0-5467.0,-,-,-,1,3,-,-,1,-,-,5
98.7328923,5468.0-5480.0,-,-,-,5,7,-,1,-,-,-,13
98.7301256,5481.0-5484.0,-,-,-,3,1,-,-,-,-,-,4
98.7279709,5485.0-5496.0,-,1,-,4,5,-,-,2,-,-,12
98.7235067,5497.0-5507.0,-,1,-,4,4,-,-,2,-,-,11
98.7223398,5508.0-5519.0,-,-,-,3,6,-,-,3,-,-,12
98.72142,5520.0-5529.0,-,-,-,2,6,-,2,-,-,-,10
98.7196399,5530.0-5538.0,-,-,-,1,5,1,1,1,-,-,9
98.7189844,5539.0-5558.0,-,-,1,8,9,-,1,1,-,-,20
98.7109722,5559.0-5573.0,-,1,-,2,11,-,-,1,-,-,15
98.7096527,5574.0-5581.0,-,1,-,-,5,-,-,2,-,-,8
98.7089833,5582.0-5597.0,1,-,-,2,8,-,-,5,-,-,16
98.7055937,5598.0-5608.0,-,1,1,5,3,-,-,1,-,-,11
98.7035739,5609.0-5616.0,1,-,1,2,3,-,1,-,-,-,8
98.7019803,5617.0-5623.0,-,-,-,2,5,-,-,-,-,-,7
98.700763,5624.0-5636.0,-,-,-,-,10,-,1,2,-,-,13
98.700567,5637.0-5646.0,-,-,-,3,6,-,-,-,-,1,10
98.6962457,5647.0-5659.0,-,-,-,4,8,-,1,-,-,-,13
98.6956522,5660.0-5666.0,-,-,-,1,4,-,-,2,-,-,7
98.6898385,5667.0-5680.0,-,-,-,4,5,1,-,3,1,-,14
98.6857446,5681.0-5691.0,-,-,-,2,6,-,-,3,-,-,11
98.6836998,5692.0-5700.0,-,-,-,3,4,-,-,2,-,-,9
98.6765412,5701.0-5708.0,-,-,-,-,7,-,-,1,-,-,8
98.6762936,5709.0-5726.0,-,-,-,2,14,-,-,2,-,-,18
98.6758679,5727.0-5732.0,-,-,-,2,3,-,-,1,-,-,6
98.6729671,5733.0-5741.0,-,-,-,5,3,-,1,-,-,-,9
98.6704553,5742.0-5752.0,-,-,-,6,4,-,-,1,-,-,11
98.6682994,5753.0-5761.0,-,-,-,4,2,-,-,1,-,2,9
98.6663866,5762.0-5769.0,-,-,-,2,4,-,2,-,-,-,8
98.6612515,5770.0-5782.0,-,-,-,2,6,-,2,3,-,-,13
98.6607658,5783.0-5799.0,-,-,-,6,5,1,-,5,-,-,17
98.6605434,5800.0-5806.0,-,-,-,3,4,-,-,-,-,-,7
98.6575619,5807.0-5813.0,-,-,-,1,6,-,-,-,-,-,7
98.6494997,5814.0-5829.0,-,-,-,3,11,-,1,1,-,-,16
98.6477445,5830.0-5843.0,-,-,-,3,10,1,-,-,-,-,14
98.6451406,5844.0-5848.0,-,-,-,2,3,-,-,-,-,-,5
98.644561,5849.0-5864.0,1,1,-,4,7,-,-,3,-,-,16
98.644371,5865.0-5869.0,-,-,-,-,4,-,-,1,-,-,5
98.6435886,5870.0-5882.0,-,-,-,5,6,1,-,1,-,-,13
98.6313993,5883.0-5890.0,-,-,-,1,6,-,-,1,-,-,8
98.6300897,5891.0-5897.0,-,1,1,2,3,-,-,-,-,-,7
98.6285832,5898.0-5909.0,-,-,-,4,4,-,-,4,-,-,12
98.626659,5910.0-5931.0,-,-,-,8,11,-,1,2,-,-,22
98.622643,5932.0-5936.0,-,-,-,-,4,-,-,1,-,-,5
98.6222068,5937.0-5944.0,-,-,-,2,4,-,-,1,-,1,8
98.6218173,5945.0-5956.0,-,-,-,6,6,-,-,-,-,-,12
98.6208828,5957.0-5969.0,-,1,1,4,5,-,-,1,1,-,13
98.6206102,5970.0-5985.0,1,-,-,5,7,-,1,2,-,-,16
98.6186186,5986.0-5995.0,-,-,1,2,6,-,-,1,-,-,10
98.6182541,5996.0-6005.0,-,-,-,3,5,-,-,2,-,-,10
98.6166496,6006.0-6025.0,1,1,-,4,12,-,-,2,-,-,20
98.612814,6026.0-6034.0,-,-,-,2,4,-,1,2,-,-,9
98.6108985,6035.0-6057.0,1,-,1,7,10,-,-,4,-,-,23
98.60121,6058.0-6069.0,-,-,-,5,5,1,-,1,-,-,12
98.6002947,6070.0-6083.0,1,-,1,1,10,-,-,1,-,-,14
98.5973225,6084.0-6091.0,-,-,-,3,4,-,1,-,-,-,8
98.5914005,6092.0-6103.0,-,-,-,2,8,-,2,-,-,-,12
98.5909613,6104.0-6115.0,-,1,-,3,4,-,1,2,-,1,12
98.5858794,6116.0-6126.0,-,-,-,4,6,1,-,-,-,-,11
98.5836177,6127.0-6140.0,-,-,-,4,6,1,-,3,-,-,14
98.5823981,6141.0-6148.0,-,-,-,-,8,-,-,-,-,-,8
98.5817805,6149.0-6159.0,-,-,-,1,7,-,1,1,-,1,11
98.5735891,6160.0-6164.0,-,-,1,2,2,-,-,-,-,-,5
98.5722045,6165.0-6175.0,-,1,-,4,5,-,-,1,-,-,11
98.570253,6176.0-6190.0,-,-,-,6,9,-,-,-,-,-,15
98.5690295,6191.0-6199.0,-,-,-,4,2,1,-,1,-,1,9
98.5669073,6200.0-6209.0,-,1,-,1,4,-,1,2,-,1,10
98.5598385,6210.0-6228.0,-,1,-,6,8,-,1,2,-,1,19
98.5565976,6229.0-6244.0,-,1,-,1,11,1,-,2,-,-,16
98.5484356,6245.0-6255.0,-,-,-,2,8,1,-,-,-,-,11
98.5473765,6256.0-6269.0,-,-,1,2,6,-,2,3,-,-,14
98.546257,6270.0-6277.0,-,-,-,4,1,-,-,3,-,-,8
98.5453146,6278.0-6283.0,-,-,-,2,3,-,-,1,-,-,6
98.545009,6284.0-6294.0,-,-,-,3,8,-,-,-,-,-,11
98.5426548,6295.0-6305.0,-,-,-,4,4,-,-,3,-,-,11
98.5404249,6306.0-6314.0,-,-,1,2,5,-,-,1,-,-,9
98.5373609,6315.0-6326.0,-,-,-,5,5,-,1,1,-,-,12
98.5350565,6327.0-6343.0,1,1,2,1,6,-,1,5,-,-,17
98.5283812,6344.0-6359.0,-,-,-,5,8,-,1,2,-,-,16
98.5213678,6360.0-6376.0,-,2,1,4,8,-,-,2,-,-,17
98.5205065,6377.0-6387.0,-,-,-,4,7,-,-,-,-,-,11
98.5196099,6388.0-6399.0,-,-,1,3,4,-,1,3,-,-,12
98.5168677,6400.0-6416.0,-,1,1,4,9,-,1,1,-,-,17
98.5153584,6417.0-6426.0,-,-,-,2,6,-,1,-,-,1,10
98.5144209,6427.0-6433.0,-,-,-,3,3,-,1,-,-,-,7
98.5140064,6434.0-6439.0,-,1,-,1,3,-,1,-,-,-,6
98.5125814,6440.0-6445.0,-,-,-,2,4,-,-,-,-,-,6
98.511518,6446.0-6454.0,-,1,-,2,4,-,1,1,-,-,9
98.5077241,6455.0-6463.0,-,-,1,2,5,-,-,1,-,-,9
98.5075769,6464.0-6478.0,-,1,-,2,9,-,-,3,-,-,15
98.5074053,6479.0-6489.0,-,-,-,6,4,-,-,1,-,-,11
98.5070698,6490.0-6502.0,1,-,1,3,7,-,-,1,-,-,13
98.5058661,6503.0-6511.0,-,-,-,2,5,-,-,2,-,-,9
98.4993421,6512.0-6520.0,-,1,-,3,5,-,-,-,-,-,9
98.4990553,6521.0-6531.0,-,-,-,2,6,-,-,3,-,-,11
98.4914374,6532.0-6549.0,-,2,1,3,9,-,-,3,-,-,18
98.4879654,6550.0-6561.0,-,1,-,4,6,-,-,1,-,-,12
98.4843712,6562.0-6577.0,-,-,-,5,10,-,-,1,-,-,16
98.4842236,6578.0-6588.0,-,-,-,4,7,-,-,-,-,-,11
98.4678322,6589.0-6600.0,-,-,-,2,10,-,-,-,-,-,12
98.4666744,6601.0-6618.0,-,-,2,6,8,-,-,2,-,-,18
98.4641638,6619.0-6628.0,1,-,-,1,6,1,-,1,-,-,10
98.4640073,6629.0-6641.0,-,-,-,2,9,1,1,-,-,-,13
98.4599733,6642.0-6660.0,1,-,-,6,8,-,1,3,-,-,19
98.4596881,6661.0-6668.0,-,-,-,3,2,-,1,2,-,-,8
98.4569438,6669.0-6691.0,1,-,1,6,10,-,-,4,-,1,23
98.4561032,6692.0-6704.0,-,-,-,5,7,-,-,1,-,-,13
98.451797,6705.0-6715.0,-,-,-,1,10,-,-,-,-,-,11
98.4497019,6716.0-6730.0,1,-,-,3,10,-,1,-,-,-,15
98.4446702,6731.0-6741.0,-,-,-,3,7,-,-,1,-,-,11
98.4431408,6742.0-6757.0,-,1,-,8,5,-,-,2,-,-,16
98.4399761,6758.0-6770.0,-,-,-,2,5,-,1,4,-,1,13
98.435333,6771.0-6781.0,-,-,-,5,4,-,-,2,-,-,11
98.4327624,6782.0-6787.0,1,-,-,1,3,1,-,-,-,-,6
98.4325799,6788.0-6800.0,-,1,-,7,3,-,-,2,-,-,13
98.4310487,6801.0-6813.0,-,-,-,3,9,1,-,-,-,-,13
98.4299517,6814.0-6819.0,-,-,1,1,2,-,1,1,-,-,6
98.4296784,6820.0-6838.0,-,1,-,7,8,-,1,1,-,1,19
98.4278063,6839.0-6843.0,1,1,-,-,2,-,-,1,-,-,5
98.4223551,6844.0-6854.0,-,-,2,4,4,-,-,1,-,-,11
98.4193724,6855.0-6866.0,-,-,-,3,8,-,-,1,-,-,12
98.4163823,6867.0-6874.0,-,-,-,3,5,-,-,-,-,-,8
98.4154992,6875.0-6893.0,-,-,-,5,13,-,-,1,-,-,19
98.4143652,6894.0-6902.0,-,1,-,2,5,-,-,1,-,-,9
98.4131253,6903.0-6919.0,-,1,-,-,9,-,1,5,-,1,17
98.4053698,6920.0-6924.0,-,-,-,1,2,1,-,1,-,-,5
98.3966019,6925.0-6939.0,-,-,1,4,10,-,-,-,-,-,15
98.3867855,6940.0-6956.0,-,1,-,5,5,1,2,3,-,-,17
98.3819921,6957.0-6977.0,-,-,-,6,9,-,4,2,-,-,21
98.3816163,6978.0-6986.0,-,-,1,3,5,-,-,-,-,-,9
98.3798345,6987.0-6999.0,1,-,-,3,8,1,-,-,-,-,13
98.3788396,7000.0-7012.0,-,-,-,3,8,-,-,2,-,-,13
98.3776334,7013.0-7020.0,-,-,-,1,7,-,-,-,-,-,8
98.3765891,7021.0-7030.0,-,-,1,1,6,-,-,2,-,-,10
98.3761272,7031.0-7049.0,-,-,-,7,10,-,-,2,-,-,19
98.3752566,7050.0-7059.0,-,1,-,2,5,-,1,1,-,-,10
98.3688614,7060.0-7074.0,-,-,-,5,8,-,1,1,-,-,15
98.366571,7075.0-7088.0,-,-,-,1,9,-,1,3,-,-,14
98.3622982,7089.0-7102.0,-,-,-,7,5,-,-,2,-,-,14
98.3591071,7103.0-7119.0,-,-,-,1,15,-,-,1,-,-,17
98.3571807,7120.0-7139.0,1,1,-,4,9,1,-,3,1,-,20
98.3540373,7140.0-7153.0,1,1,-,3,8,-,-,1,-,-,14
98.3477163,7154.0-7169.0,-,-,-,2,5,2,2,4,-,1,16
98.3467382,7170.0-7182.0,-,-,-,2,5,1,2,3,-,-,13
98.3463375,7183.0-7192.0,-,-,-,-,9,-,1,-,-,-,10
98.345367,7193.0-7208.0,-,1,-,-,12,-,-,3,-,-,16
98.3419888,7209.0-7230.0,1,1,-,9,9,-,-,2,-,-,22
98.3382471,7231.0-7246.0,-,-,-,5,10,-,-,1,-,-,16
98.3371048,7247.0-7256.0,1,-,1,1,5,-,1,1,-,-,10
98.3243876,7257.0-7264.0,-,-,-,4,4,-,-,-,-,-,8
98.3237666,7265.0-7277.0,-,-,-,4,7,-,-,2,-,-,13
98.3139932,7278.0-7289.0,-,1,-,3,6,-,-,2,-,-,12
98.3131595,7290.0-7309.0,-,1,-,5,12,-,2,-,-,-,20
98.3067533,7310.0-7323.0,-,-,-,5,7,1,-,1,-,-,14
98.302867,7324.0-7336.0,-,1,-,3,4,1,1,3,-,-,13
98.2986841,7337.0-7345.0,-,-,1,2,6,-,-,-,-,-,9
98.297856,7346.0-7361.0,-,1,1,3,8,1,1,-,-,1,16
98.2975444,7362.0-7368.0,-,-,-,1,5,-,-,1,-,-,7
98.2953551,7369.0-7384.0,-,1,2,4,5,2,1,1,-,-,16
98.291758,7385.0-7396.0,-,1,-,3,5,1,-,1,-,1,12
98.2894535,7397.0-7405.0,-,1,-,2,5,-,1,-,-,-,9
98.2788178,7406.0-7410.0,-,1,-,2,2,-,-,-,-,-,5
98.2786369,7411.0-7425.0,-,-,-,5,8,-,-,2,-,-,15
98.2779955,7426.0-7437.0,-,-,-,2,8,-,-,2,-,-,12
98.2764644,7438.0-7451.0,-,-,1,5,8,-,-,-,-,-,14
98.2717542,7452.0-7461.0,-,-,-,3,6,-,1,-,-,-,10
98.2659628,7462.0-7471.0,-,-,-,2,6,-,2,-,-,-,10
98.2656941,7472.0-7480.0,-,-,-,3,5,-,-,1,-,-,9
98.2635235,7481.0-7491.0,-,1,-,1,8,-,1,-,-,-,11
98.2626354,7492.0-7508.0,-,1,-,2,11,1,-,2,-,-,17
98.2533366,7509.0-7528.0,-,1,-,5,8,-,2,2,-,2,20
98.2505176,7529.0-7538.0,-,-,1,5,3,-,-,1,-,-,10
98.2478484,7539.0-7553.0,-,-,-,4,8,1,-,2,-,-,15
98.2452519,7554.0-7563.0,-,-,-,2,8,-,-,-,-,-,10
98.2441265,7564.0-7572.0,-,-,-,3,5,-,-,1,-,-,9
98.242524,7573.0-7588.0,-,-,-,3,9,-,-,4,-,-,16
98.2414965,7589.0-7604.0,-,-,-,10,5,-,-,1,-,-,16
98.2385756,7605.0-7617.0,-,2,-,3,6,-,1,1,-,-,13
98.2320819,7618.0-7629.0,-,-,-,6,5,-,-,1,-,-,12
98.2258996,7630.0-7649.0,-,2,-,3,11,1,-,3,-,-,20
98.2171021,7650.0-7665.0,1,1,-,3,10,-,-,1,-,-,16
98.2148483,7666.0-7677.0,-,-,1,6,2,-,-,2,-,1,12
98.2126899,7678.0-7692.0,-,-,-,8,4,1,-,2,-,-,15
98.2122465,7693.0-7697.0,-,-,-,2,3,-,-,-,-,-,5
98.2117385,7698.0-7716.0,1,1,-,7,3,3,1,3,-,-,19
98.2111945,7717.0-7734.0,-,-,-,5,9,-,-,4,-,-,18
98.2052656,7735.0-7757.0,2,-,-,5,9,-,-,7,-,-,23
98.205248,7758.0-7766.0,-,-,-,2,7,-,-,-,-,-,9
98.204189,7767.0-7782.0,-,-,-,3,9,-,-,4,-,-,16
98.2016654,7783.0-7792.0,-,-,-,2,6,-,1,1,-,-,10
98.196704,7793.0-7808.0,-,1,-,3,8,-,2,2,-,-,16
98.1898548,7809.0-7820.0,-,-,-,3,6,1,1,1,-,-,12
98.1780538,7821.0-7831.0,-,-,-,1,7,-,1,1,-,1,11
98.1764569,7832.0-7840.0,-,-,-,1,5,-,2,1,-,-,9
98.1761432,7841.0-7857.0,-,-,1,1,12,-,1,2,-,-,17
98.174902,7858.0-7877.0,-,1,-,9,7,-,-,3,-,-,20
98.1734808,7878.0-7889.0,-,-,-,2,7,1,-,2,-,-,12
98.1734676,7890.0-7906.0,-,-,-,6,10,-,-,1,-,-,17
98.1695568,7907.0-7914.0,-,-,-,3,5,-,-,-,-,-,8
98.1672355,7915.0-7928.0,-,-,-,4,5,-,2,2,-,1,14
98.1588435,7929.0-7941.0,-,-,-,2,9,-,-,2,-,-,13
98.1582562,7942.0-7954.0,-,-,-,3,7,-,-,3,-,-,13
98.1552237,7955.0-7962.0,1,-,-,1,4,-,-,1,-,1,8
98.1483638,7963.0-7981.0,-,-,1,5,8,-,-,3,-,2,19
98.1453042,7982.0-7991.0,-,2,-,3,5,-,-,-,-,-,10
98.1399096,7992.0-8007.0,1,-,-,3,6,1,-,4,1,-,16
98.1392328,8008.0-8019.0,-,1,-,3,5,-,1,2,-,-,12
98.1370729,8020.0-8033.0,-,-,-,5,7,1,-,1,-,-,14
98.1351709,8034.0-8053.0,1,-,1,8,7,-,1,2,-,-,20
98.1313859,8054.0-8061.0,-,-,-,2,6,-,-,-,-,-,8
98.1281926,8062.0-8072.0,-,-,-,3,4,-,1,2,-,1,11
98.1178026,8073.0-8084.0,-,-,-,3,6,-,1,2,-,-,12
98.1161695,8085.0-8097.0,-,1,1,3,5,-,2,1,-,-,13
98.1152875,8098.0-8116.0,-,-,-,1,17,-,-,1,-,-,19
98.1143788,8117.0-8128.0,-,1,-,3,6,-,-,1,-,1,12
98.1066,8129.0-8143.0,-,1,1,5,7,-,-,1,-,-,15
98.1021539,8144.0-8155.0,1,1,-,5,4,1,-,-,-,-,12
98.0978932,8156.0-8165.0,-,-,-,4,5,-,-,1,-,-,10
98.0971721,8166.0-8182.0,1,2,-,3,8,1,-,2,-,-,17
98.0921502,8183.0-8202.0,-,2,-,6,7,-,2,3,-,-,20
98.0919408,8203.0-8221.0,1,-,-,4,7,-,3,4,-,-,19
98.0913477,8222.0-8243.0,-,-,-,5,11,-,4,2,-,-,22
98.0848861,8244.0-8256.0,-,-,-,3,7,1,1,1,-,-,13
98.0833848,8257.0-8265.0,-,-,-,2,4,-,1,2,-,-,9
98.0818957,8266.0-8283.0,-,1,-,6,7,1,1,1,1,-,18
98.0780781,8284.0-8297.0,-,1,-,3,5,1,1,2,1,-,14
98.0751569,8298.0-8315.0,-,-,1,6,9,-,-,2,-,-,18
98.0748364,8316.0-8333.0,-,-,-,2,12,-,-,4,-,-,18
98.0744241,8334.0-8342.0,-,-,-,4,2,-,1,2,-,-,9
98.0683302,8343.0-8356.0,-,-,1,2,8,-,1,2,-,-,14
98.0655851,8357.0-8370.0,1,-,-,2,9,-,-,2,-,-,14
98.0628957,8371.0-8384.0,1,1,-,2,7,1,1,1,-,-,14
98.0593407,8385.0-8399.0,1,1,-,6,3,-,1,3,-,-,15
98.0547198,8400.0-8413.0,-,1,1,4,6,-,1,1,-,-,14
98.0519481,8414.0-8431.0,1,-,-,3,12,-,1,1,-,-,18
98.0447413,8432.0-8448.0,1,-,2,5,5,1,-,2,-,1,17
98.044541,8449.0-8464.0,-,1,-,2,10,-,1,2,-,-,16
98.03989,8465.0-8484.0,-,-,1,5,11,-,-,3,-,-,20
98.0357905,8485.0-8498.0,-,1,-,2,6,-,1,4,-,-,14
98.0182404,8499.0-8513.0,-,-,-,2,10,-,1,1,1,-,15
98.0167272,8514.0-8525.0,1,-,-,3,6,-,1,1,-,-,12
98.0166175,8526.0-8536.0,-,-,-,3,8,-,-,-,-,-,11
98.0144531,8537.0-8548.0,-,-,-,3,5,-,-,4,-,-,12
98.0121617,8549.0-8560.0,1,1,-,3,6,-,1,-,-,-,12
98.0106799,8561.0-8575.0,-,-,-,2,9,-,-,4,-,-,15
98.0105894,8576.0-8584.0,-,-,-,-,7,-,-,2,-,-,9
98.0103906,8585.0-8594.0,-,-,-,2,8,-,-,-,-,-,10
98.003413,8595.0-8606.0,-,-,-,2,6,-,2,2,-,-,12
97.9996062,8607.0-8623.0,-,-,1,6,7,2,-,1,-,-,17
97.9968203,8624.0-8640.0,-,-,-,-,10,3,1,3,-,-,17
97.9961504,8641.0-8653.0,-,-,-,4,8,-,-,1,-,-,13
97.9857027,8654.0-8676.0,-,-,-,4,16,-,-,2,-,1,23
97.98376,8677.0-8689.0,-,-,-,2,10,-,1,-,-,-,13
97.9779158,8690.0-8697.0,-,-,-,1,4,1,-,2,-,-,8
97.9738335,8698.0-8704.0,-,-,1,1,3,-,1,1,-,-,7
97.9733277,8705.0-8714.0,-,-,-,3,3,1,-,3,-,-,10
97.9731032,8715.0-8729.0,-,-,-,4,8,-,-,3,-,-,15
97.9716801,8730.0-8739.0,-,-,-,1,7,-,2,-,-,-,10
97.9647599,8740.0-8749.0,-,-,-,6,3,-,-,1,-,-,10
97.9641818,8750.0-8762.0,-,-,1,6,5,-,1,-,-,-,13
97.9630636,8763.0-8774.0,-,1,-,1,9,-,-,1,-,-,12
97.9611464,8775.0-8795.0,1,2,1,3,9,1,-,2,-,2,21
97.9497586,8796.0-8810.0,-,-,-,4,8,-,-,3,-,-,15
97.940521,8811.0-8825.0,-,-,-,4,7,-,1,3,-,-,15
97.9339284,8826.0-8843.0,1,2,-,4,8,-,1,2,-,-,18
97.9337683,8844.0-8855.0,-,-,-,2,8,-,1,-,-,1,12
97.9285523,8856.0-8875.0,1,1,-,4,10,1,1,2,-,-,20
97.9285034,8876.0-8889.0,-,-,1,5,6,1,-,1,-,-,14
97.9274077,8890.0-8907.0,-,-,-,8,9,1,-,-,-,-,18
97.9249397,8908.0-8925.0,-,1,-,5,10,1,-,1,-,-,18
97.9249147,8926.0-8944.0,-,1,-,4,11,-,1,2,-,-,19
97.9193354,8945.0-8958.0,-,-,-,6,5,-,1,2,-,-,14
97.9153809,8959.0-8975.0,-,1,-,3,11,-,1,1,-,-,17
97.9141813,8976.0-8994.0,-,-,1,6,11,-,1,-,-,-,19
97.9129061,8995.0-9011.0,-,-,-,4,10,-,1,2,-,-,17
97.9005056,9012.0-9028.0,1,2,-,5,7,-,-,2,-,-,17
97.8998215,9029.0-9048.0,-,-,-,4,8,-,2,6,-,-,20
97.8985175,9049.0-9065.0,-,-,-,1,13,1,-,1,-,1,17
97.8978979,9066.0-9078.0,-,-,-,5,7,1,-,-,-,-,13
97.8881988,9079.0-9094.0,-,1,-,6,5,-,1,3,-,-,16
97.887694,9095.0-9110.0,-,2,1,5,6,-,-,2,-,-,16
97.8835793,9111.0-9125.0,-,-,-,5,6,-,-,4,-,-,15
97.8812233,9126.0-9139.0,-,-,-,7,5,-,-,2,-,-,14
97.8775349,9140.0-9149.0,-,-,-,1,6,1,-,1,-,1,10
97.8761672,9150.0-9170.0,-,-,1,5,12,1,1,1,-,-,21
97.8729143,9171.0-9189.0,1,-,-,7,7,1,1,2,-,-,19
97.8702175,9190.0-9201.0,1,-,-,3,8,-,-,-,-,-,12
97.8699465,9202.0-9214.0,-,-,-,2,9,-,1,-,-,1,13
97.8587922,9215.0-9225.0,1,-,1,2,7,-,-,-,-,-,11
97.8438084,9226.0-9240.0,-,-,-,3,10,-,1,1,-,-,15
97.8425595,9241.0-9247.0,-,-,-,-,6,-,-,1,-,-,7
97.8346051,9248.0-9264.0,-,-,1,4,9,-,2,1,-,-,17
97.8301745,9265.0-9282.0,-,-,-,7,9,1,1,-,-,-,18
97.8188113,9283.0-9300.0,-,-,1,8,6,-,1,2,-,-,18
97.8130223,9301.0-9312.0,-,-,-,4,6,-,1,1,-,-,12
97.8120377,9313.0-9326.0,-,1,-,2,9,2,-,-,-,-,14
97.8098824,9327.0-9341.0,-,1,1,3,9,-,-,1,-,-,15
97.8090928,9342.0-9358.0,-,-,-,4,8,-,-,5,-,-,17
97.8063117,9359.0-9376.0,1,-,-,4,11,-,2,-,-,-,18
97.8054608,9377.0-9395.0,1,3,-,4,7,-,1,2,-,1,19
97.8021978,9396.0-9411.0,1,-,-,5,7,-,1,2,-,-,16
97.7989985,9412.0-9429.0,-,-,-,10,8,-,-,-,-,-,18
97.7983129,9430.0-9445.0,-,-,-,7,7,-,-,2,-,-,16
97.7948817,9446.0-9459.0,-,2,-,5,6,-,-,1,-,-,14
97.7942456,9460.0-9482.0,1,2,1,5,11,-,1,2,-,-,23
97.7924434,9483.0-9499.0,-,-,-,3,8,1,2,3,-,-,17
97.7920203,9500.0-9519.0,-,1,-,4,13,-,1,1,-,-,20
97.7919096,9520.0-9537.0,1,-,-,6,9,-,2,-,-,-,18
97.7896101,9538.0-9550.0,-,1,-,5,7,-,-,-,-,-,13
97.7845891,9551.0-9575.0,-,1,-,7,14,-,1,1,1,-,25
97.7777778,9576.0-9591.0,-,-,-,5,10,-,-,1,-,-,16
97.7724285,9592.0-9600.0,1,-,-,5,1,-,1,1,-,-,9
97.7688908,9601.0-9619.0,1,-,1,5,9,1,2,-,-,-,19
97.7594015,9620.0-9638.0,-,1,-,2,10,-,3,3,-,-,19
97.7474428,9639.0-9654.0,1,1,-,3,5,-,4,2,-,-,16
97.7449977,9655.0-9679.0,-,-,1,5,14,1,2,1,-,1,25
97.7429122,9680.0-9693.0,-,1,-,3,8,-,1,1,-,-,14
97.7383653,9694.0-9714.0,-,1,-,6,10,-,1,3,-,-,21
97.7345783,9715.0-9735.0,1,-,1,9,8,-,-,2,-,-,21
97.7341914,9736.0-9750.0,-,2,-,4,7,-,-,2,-,-,15
97.7312329,9751.0-9771.0,-,1,-,4,12,1,1,2,-,-,21
97.7248066,9772.0-9792.0,-,1,-,2,12,1,3,2,-,-,21
97.7201365,9793.0-9805.0,1,-,-,3,7,-,-,2,-,-,13
97.7130906,9806.0-9818.0,1,-,-,2,8,-,-,2,-,-,13
97.7035859,9819.0-9844.0,-,1,-,9,11,-,1,3,-,1,26
97.6985322,9845.0-9859.0,-,-,-,1,12,-,1,1,-,-,15
97.6984554,9860.0-9879.0,1,-,1,7,8,-,-,3,-,-,20
97.6978518,9880.0-9894.0,1,-,-,4,5,-,-,4,-,1,15
97.6882405,9895.0-9913.0,-,1,-,5,9,-,-,4,-,-,19
97.6880169,9914.0-9931.0,1,1,-,1,12,-,1,1,-,1,18
97.6874562,9932.0-9946.0,1,-,-,2,11,-,-,1,-,-,15
97.6863753,9947.0-9972.0,-,-,-,6,14,-,2,3,-,1,26
97.6829141,9973.0-9990.0,-,-,-,5,12,-,-,1,-,-,18
97.6811594,9991.0-10009.0,-,-,-,7,10,2,-,-,-,-,19
97.6807275,10010.0-10019.0,-,-,-,5,4,-,-,1,-,-,10
97.6794304,10020.0-10052.0,2,2,-,3,18,3,1,3,-,1,33
97.6747797,10053.0-10063.0,-,-,-,1,6,-,2,2,-,-,11
97.6720144,10064.0-10074.0,-,-,-,7,4,-,-,-,-,-,11
97.6587031,10075.0-10084.0,1,-,-,2,7,-,-,-,-,-,10
97.6534296,10085.0-10101.0,-,1,1,3,10,-,1,1,-,-,17
97.6531257,10102.0-10116.0,-,-,-,2,13,-,-,-,-,-,15
97.6449135,10117.0-10130.0,-,-,-,3,9,-,1,1,-,-,14
97.6372992,10131.0-10147.0,1,-,-,5,9,-,-,2,-,-,17
97.6294546,10148.0-10164.0,-,-,-,3,9,1,1,2,-,1,17
97.628377,10165.0-10190.0,1,-,-,8,14,-,2,-,-,1,26
97.624379,10191.0-10209.0,-,1,-,8,6,-,-,4,-,-,19
97.6214843,10210.0-10230.0,-,-,-,7,10,-,1,3,-,-,21
97.6170884,10231.0-10239.0,-,-,-,3,5,-,1,-,-,-,9
97.6121663,10240.0-10251.0,-,1,-,2,3,1,2,2,-,1,12
97.610882,10252.0-10261.0,-,-,-,3,4,-,-,3,-,-,10
97.6103268,10262.0-10275.0,1,-,1,3,7,1,-,1,-,-,14
97.5904437,10276.0-10293.0,-,1,1,3,9,-,-,4,-,-,18
97.5899394,10294.0-10325.0,2,-,-,8,16,1,1,4,-,-,32
97.5890264,10326.0-10345.0,-,-,-,11,6,-,1,2,-,-,20
97.5738558,10346.0-10362.0,-,-,-,5,8,-,1,3,-,-,17
97.5716591,10363.0-10381.0,-,-,-,9,8,-,1,1,-,-,19
97.5715826,10382.0-10396.0,1,-,-,2,7,-,1,3,-,1,15
97.5707384,10397.0-10415.0,-,1,-,6,10,1,-,-,-,1,19
97.5701659,10416.0-10444.0,-,-,-,12,15,-,-,2,-,-,29
97.5609756,10445.0-10456.0,-,1,-,5,4,1,-,-,-,1,12
97.5556558,10457.0-10474.0,-,-,1,3,11,-,2,1,-,-,18
97.5517964,10475.0-10486.0,-,1,1,5,3,-,-,2,-,-,12
97.5511952,10487.0-10498.0,-,-,-,5,6,-,-,1,-,-,12
97.5497917,10499.0-10523.0,-,-,1,8,13,2,1,-,-,-,25
97.5478847,10524.0-10539.0,-,-,-,5,7,-,1,3,-,-,16
97.545444,10540.0-10557.0,-,2,1,6,5,-,1,2,-,1,18
97.5446034,10558.0-10570.0,1,-,1,6,3,-,-,2,-,-,13
97.5427973,10571.0-10589.0,-,3,-,6,4,1,1,4,-,-,19
97.5416581,10590.0-10605.0,1,2,-,3,6,1,-,3,-,-,16
97.5302943,10606.0-10621.0,-,1,-,6,5,-,1,3,-,-,16
97.5152589,10622.0-10631.0,-,-,-,1,8,-,-,1,-,-,10
97.5124204,10632.0-10644.0,-,1,1,2,7,-,-,2,-,-,13
97.510102,10645.0-10659.0,-,-,-,5,7,-,-,3,-,-,15
97.5085324,10660.0-10675.0,1,3,-,3,7,-,-,2,-,-,16
97.5046401,10676.0-10691.0,1,-,-,6,8,-,-,1,-,-,16
97.5014998,10692.0-10708.0,-,-,-,4,11,-,-,2,-,-,17
97.4914261,10709.0-10723.0,1,-,-,8,4,1,-,1,-,-,15
97.4894207,10724.0-10736.0,-,2,-,2,7,-,-,2,-,-,13
97.4745389,10737.0-10749.0,-,1,-,4,6,-,-,2,-,-,13
97.4729104,10750.0-10771.0,1,1,-,9,10,-,1,-,-,-,22
97.4706885,10772.0-10790.0,-,2,-,3,11,-,1,2,-,-,19
97.4578821,10791.0-10815.0,-,-,-,2,18,1,1,2,1,-,25
97.4547994,10816.0-10834.0,-,-,-,3,14,-,-,2,-,-,19
97.4499655,10835.0-10855.0,-,1,-,7,7,-,1,4,1,-,21
97.4460796,10856.0-10874.0,-,1,1,1,11,1,-,4,-,-,19
97.440273,10875.0-10900.0,-,-,-,7,12,-,2,4,-,1,26
97.4393346,10901.0-10905.0,-,-,-,2,2,-,1,-,-,-,5
97.4371782,10906.0-10924.0,-,-,-,8,9,-,-,2,-,-,19
97.4360937,10925.0-10943.0,1,-,-,6,9,1,1,1,-,-,19
97.4328274,10944.0-10970.0,-,1,-,10,12,-,1,3,-,-,27
97.4323705,10971.0-10985.0,-,1,1,5,6,1,1,-,-,-,15
97.4319502,10986.0-11001.0,-,-,-,8,4,-,2,2,-,-,16
97.4319413,11002.0-11023.0,-,-,-,9,9,-,-,3,1,-,22
97.4288016,11024.0-11046.0,-,-,1,5,8,-,3,5,-,1,23
97.4286115,11047.0-11067.0,1,-,-,4,11,-,-,4,-,1,21
97.4280163,11068.0-11089.0,-,1,1,3,13,-,-,4,-,-,22
97.4167804,11090.0-11109.0,1,1,-,3,10,1,-,3,1,-,20
97.4146966,11110.0-11124.0,1,-,-,3,6,1,1,3,-,-,15
97.4065069,11125.0-11135.0,-,1,1,2,3,-,2,-,1,1,11
97.406218,11136.0-11161.0,-,-,-,7,12,1,2,3,-,1,26
97.3971254,11162.0-11178.0,-,1,-,4,9,-,1,2,-,-,17
97.3908024,11179.0-11187.0,-,-,-,5,3,-,-,1,-,-,9
97.3877775,11188.0-11201.0,-,-,-,4,6,-,-,3,-,1,14
97.3791828,11202.0-11212.0,-,1,1,1,7,-,1,-,-,-,11
97.3781998,11213.0-11243.0,-,-,3,9,12,-,1,5,-,1,31
97.3687248,11244.0-11262.0,-,1,-,6,10,-,-,2,-,-,19
97.3681168,11263.0-11275.0,-,-,1,6,4,-,1,1,-,-,13
97.35148,11276.0-11300.0,-,-,1,8,12,-,1,3,-,-,25
97.3422829,11301.0-11311.0,1,1,1,2,6,-,-,-,-,-,11
97.3413057,11312.0-11338.0,-,-,-,9,14,2,1,1,-,-,27
97.3276451,11339.0-11359.0,1,2,-,7,11,-,-,-,-,-,21
97.3257727,11360.0-11387.0,-,1,-,5,18,-,-,4,-,-,28
97.3253913,11388.0-11401.0,-,-,-,5,7,-,-,2,-,-,14
97.321565,11402.0-11421.0,-,2,-,7,9,-,1,1,-,-,20
97.3210869,11422.0-11435.0,-,-,-,4,7,-,-,3,-,-,14
97.3163545,11436.0-11452.0,-,1,-,7,7,-,-,2,-,-,17
97.3155977,11453.0-11473.0,-,2,-,5,11,2,1,-,-,-,21
97.3130965,11474.0-11495.0,-,-,-,8,9,-,1,4,-,-,22
97.3099865,11496.0-11519.0,-,1,1,4,11,1,2,4,-,-,24
97.305038,11520.0-11544.0,-,-,-,12,9,-,-,3,-,1,25
97.3044377,11545.0-11553.0,-,-,-,4,2,-,1,2,-,-,9
97.3021583,11554.0-11572.0,1,-,-,5,9,-,1,3,-,-,19
97.3009495,11573.0-11586.0,-,1,-,2,8,-,-,3,-,-,14
97.2984447,11587.0-11610.0,-,1,-,10,9,2,-,2,-,-,24
97.2950127,11611.0-11626.0,-,1,-,5,8,-,1,1,-,-,16
97.2937644,11627.0-11645.0,1,2,-,8,7,-,-,1,-,-,19
97.2913667,11646.0-11664.0,-,1,-,6,9,-,2,1,-,-,19
97.2886818,11665.0-11688.0,-,1,2,6,10,1,1,3,-,-,24
97.286596,11689.0-11707.0,-,1,-,6,8,-,1,3,-,-,19
97.2756467,11708.0-11735.0,1,-,-,9,12,1,1,3,-,1,28
97.259303,11736.0-11751.0,-,-,-,3,11,-,-,-,-,2,16
97.2569256,11752.0-11771.0,-,-,-,5,11,-,1,3,-,-,20
97.2448075,11772.0-11784.0,-,-,1,1,7,2,1,1,-,-,13
97.2255266,11785.0-11803.0,-,1,-,4,12,-,-,2,-,-,19
97.225256,11804.0-11834.0,-,1,-,11,15,-,-,3,-,1,31
97.2172082,11835.0-11850.0,-,-,1,3,7,-,2,3,-,-,16
97.2159208,11851.0-11866.0,-,-,1,3,6,-,-,6,-,-,16
97.214849,11867.0-11882.0,1,1,-,4,7,-,-,3,-,-,16
97.2125436,11883.0-11905.0,-,-,1,9,9,-,1,3,-,-,23
97.2076054,11906.0-11927.0,1,2,-,9,9,-,-,1,-,-,22
97.2067626,11928.0-11963.0,1,2,2,9,17,-,2,1,-,2,36
97.2027972,11964.0-11973.0,-,1,1,4,3,-,-,1,-,-,10
97.192403,11974.0-11987.0,1,1,-,6,5,-,-,1,-,-,14
97.1923599,11988.0-12009.0,-,-,-,6,10,-,1,5,-,-,22
97.189844,12010.0-12033.0,-,-,-,7,12,-,-,4,1,-,24
97.1835994,12034.0-12043.0,-,-,-,3,7,-,-,-,-,-,10
97.1696644,12044.0-12058.0,-,-,-,3,7,1,1,3,-,-,15
97.1687299,12059.0-12074.0,-,-,-,2,6,1,1,5,-,1,16
97.1665783,12075.0-12096.0,-,-,2,6,10,-,1,3,-,-,22
97.1637483,12097.0-12113.0,-,-,-,3,9,1,-,3,-,1,17
97.1601104,12114.0-12134.0,-,-,1,7,10,-,-,3,-,-,21
97.1576493,12135.0-12165.0,-,2,-,10,14,-,-,4,-,1,31
97.1546136,12166.0-12181.0,-,1,-,3,8,-,1,3,-,-,16
97.148562,12182.0-12205.0,-,-,-,8,10,-,2,4,-,-,24
97.1376091,12206.0-12223.0,-,-,-,6,6,1,1,3,-,1,18
97.1344765,12224.0-12251.0,1,1,-,6,16,-,1,2,-,1,28
97.1327695,12252.0-12266.0,1,-,-,4,8,-,1,1,-,-,15
97.119681,12267.0-12289.0,1,-,-,6,11,-,1,3,-,1,23
97.1175428,12290.0-12301.0,-,-,-,3,5,-,3,1,-,-,12
97.1170667,12302.0-12339.0,-,-,-,11,20,2,2,2,-,1,38
97.1170545,12340.0-12360.0,-,1,-,1,12,-,3,4,-,-,21
97.107136,12361.0-12383.0,1,-,1,3,10,-,1,6,-,1,23
97.1023891,12384.0-12410.0,-,2,1,7,10,1,2,3,1,-,27
97.0991989,12411.0-12430.0,-,-,-,7,8,-,2,3,-,-,20
97.0949449,12431.0-12446.0,1,-,1,7,6,-,1,-,-,-,16
97.0946979,12447.0-12470.0,-,1,1,6,10,2,2,2,-,-,24
97.0945243,12471.0-12487.0,1,1,-,4,9,2,-,-,-,-,17
97.0823011,12488.0-12499.0,-,1,-,3,6,-,-,2,-,-,12
97.0798432,12500.0-12516.0,1,-,-,2,11,-,-,2,-,1,17
97.077156,12517.0-12538.0,-,1,-,5,10,1,-,5,-,-,22
97.0708734,12539.0-12551.0,-,1,-,4,7,-,1,-,-,-,13
97.0655663,12552.0-12575.0,-,1,-,6,14,-,-,2,-,1,24
97.0532519,12576.0-12594.0,-,1,-,6,6,-,3,1,-,2,19
97.0489761,12595.0-12606.0,-,-,-,4,7,-,-,1,-,-,12
97.0317477,12607.0-12625.0,1,-,-,3,9,1,-,5,-,-,19
97.0303948,12626.0-12646.0,-,-,-,10,7,-,1,3,-,-,21
97.0287935,12647.0-12668.0,-,1,-,3,15,-,-,3,-,-,22
97.023932,12669.0-12691.0,1,-,-,11,10,-,-,1,-,-,23
97.0213585,12692.0-12707.0,-,-,-,4,8,2,-,2,-,-,16
97.020253,12708.0-12717.0,1,1,-,1,7,-,-,-,-,-,10
97.0151829,12718.0-12735.0,-,-,1,6,7,-,1,3,-,-,18
97.0049392,12736.0-12752.0,-,-,-,5,7,-,-,5,-,-,17
96.9993813,12753.0-12771.0,-,-,-,6,12,1,-,-,-,-,19
96.996587,12772.0-12799.0,-,1,1,5,13,1,2,5,-,-,28
96.9883668,12800.0-12818.0,1,1,-,7,8,-,-,2,-,-,19
96.9840554,12819.0-12838.0,-,-,1,8,5,1,3,2,-,-,20
96.9836582,12839.0-12847.0,-,-,-,5,2,-,1,1,-,-,9
96.9836134,12848.0-12870.0,-,1,-,7,8,-,1,6,-,-,23
96.9819768,12871.0-12887.0,-,-,-,1,9,-,1,5,-,1,17
96.9750684,12888.0-12905.0,-,-,1,5,9,-,1,2,-,-,18
96.9644681,12906.0-12940.0,-,1,-,9,14,1,4,6,-,-,35
96.9618772,12941.0-12959.0,1,-,1,4,5,-,2,5,-,1,19
96.9615697,12960.0-12982.0,-,-,1,3,10,1,-,7,-,1,23
96.9607316,12983.0-13007.0,-,-,-,9,13,-,1,1,-,1,25
96.9526275,13008.0-13035.0,1,1,-,10,13,-,1,2,-,-,28
96.9488994,13036.0-13045.0,1,-,-,2,4,-,2,1,-,-,10
96.9477536,13046.0-13066.0,-,-,-,6,9,1,1,4,-,-,21
96.9465353,13067.0-13086.0,-,-,-,2,17,1,-,-,-,-,20
96.94069,13087.0-13103.0,1,1,-,4,7,-,1,1,-,2,17
96.9378727,13104.0-13128.0,1,1,-,8,12,1,-,2,-,-,25
96.9234547,13129.0-13156.0,-,1,1,6,15,1,2,2,-,-,28
96.9232385,13157.0-13180.0,-,-,1,10,11,-,-,2,-,-,24
96.9174524,13181.0-13199.0,-,-,-,4,12,1,-,2,-,-,19
96.9103584,13200.0-13220.0,-,-,1,6,9,-,1,4,-,-,21
96.9031415,13221.0-13243.0,1,-,-,7,12,1,-,2,-,-,23
96.9012685,13244.0-13259.0,-,2,1,4,7,-,-,-,-,2,16
96.8936433,13260.0-13280.0,-,-,1,5,13,-,1,1,-,-,21
96.8875086,13281.0-13304.0,1,1,-,6,13,-,-,2,-,1,24
96.8852136,13305.0-13325.0,-,1,1,6,7,-,1,5,-,-,21
96.882885,13326.0-13352.0,1,-,1,6,11,-,1,6,-,1,27
96.8804098,13353.0-13379.0,-,3,2,6,11,-,-,4,-,1,27
96.8737201,13380.0-13411.0,-,1,1,8,10,3,2,6,-,1,32
96.86711,13412.0-13426.0,-,-,-,5,8,2,-,-,-,-,15
96.8524368,13427.0-13454.0,-,1,1,8,12,1,2,2,1,-,28
96.8479282,13455.0-13474.0,1,-,-,4,8,1,2,3,-,1,20
96.8391244,13475.0-13492.0,-,-,-,5,9,2,1,1,-,-,18
96.8345273,13493.0-13526.0,1,2,-,10,13,1,2,5,-,-,34
96.8314615,13527.0-13538.0,-,1,-,1,7,-,-,2,-,1,12
96.8146194,13539.0-13560.0,-,1,-,5,14,-,-,2,-,-,22
96.8091806,13561.0-13579.0,-,1,-,8,4,1,1,4,-,-,19
96.8077287,13580.0-13604.0,-,1,-,7,14,-,1,1,-,1,25
96.8070391,13605.0-13620.0,-,-,-,6,7,-,2,1,-,-,16
96.8036058,13621.0-13644.0,-,3,1,4,10,1,-,5,-,-,24
96.8016647,13645.0-13669.0,-,-,-,11,9,-,-,4,-,1,25
96.79592,13670.0-13688.0,1,1,1,7,7,-,1,1,-,-,19
96.7919146,13689.0-13720.0,2,1,1,11,10,1,1,2,2,1,32
96.787533,13721.0-13737.0,-,2,-,6,6,1,-,2,-,-,17
96.7873551,13738.0-13753.0,-,-,-,6,7,-,1,1,-,1,16
96.7842505,13754.0-13770.0,-,-,-,6,8,-,2,1,-,-,17
96.7828418,13771.0-13798.0,1,2,-,7,14,-,1,3,-,-,28
96.7675378,13799.0-13825.0,-,-,2,4,13,3,1,4,-,-,27
96.7673658,13826.0-13843.0,1,-,1,3,10,-,2,1,-,-,18
96.7647625,13844.0-13883.0,-,2,1,7,24,1,1,4,-,-,40
96.7550691,13884.0-13898.0,1,-,-,8,2,1,-,3,-,-,15
96.75,13899.0,-,-,-,-,1,-,-,-,-,-,1
96.7426478,13900.0-13921.0,-,1,-,7,10,-,3,1,-,-,22
96.7365967,13922.0-13939.0,-,1,-,1,11,-,2,3,-,-,18
96.7214273,13940.0-13962.0,-,2,-,6,9,1,1,3,-,1,23
96.7149758,13963.0-13982.0,-,-,1,7,10,1,-,1,-,-,20
96.7120842,13983.0-14004.0,-,1,-,7,9,1,2,2,-,-,22
96.7098976,14005.0-14024.0,-,2,-,4,9,-,-,4,1,-,20
96.7090158,14025.0-14043.0,-,2,-,6,6,-,1,4,-,-,19
96.7001378,14044.0-14062.0,1,1,-,5,7,-,3,2,-,-,19
96.6966757,14063.0-14083.0,-,-,-,7,12,-,2,-,-,-,21
96.6963838,14084.0-14106.0,-,-,-,9,7,-,1,5,-,1,23
96.6956121,14107.0-14131.0,-,-,-,9,7,3,-,5,-,1,25
96.6937233,14132.0-14150.0,-,-,-,8,7,1,2,-,1,-,19
96.6907341,14151.0-14187.0,2,2,1,10,11,1,5,4,-,1,37
96.6879243,14188.0-14217.0,-,-,1,11,13,1,1,2,-,1,30
96.6852182,14218.0-14257.0,1,-,1,10,15,-,2,9,-,2,40
96.6688364,14258.0-14270.0,1,1,-,2,7,-,1,1,-,-,13
96.6659792,14271.0-14293.0,1,-,1,4,11,1,1,3,-,1,23
96.6594242,14294.0-14312.0,-,-,-,4,10,-,1,3,-,1,19
96.6545506,14313.0-14342.0,-,2,1,6,16,-,1,4,-,-,30
96.6498281,14343.0-14364.0,-,1,1,8,9,-,-,2,1,-,22
96.6480662,14365.0-14385.0,-,1,-,3,12,1,2,2,-,-,21
96.6453344,14386.0-14401.0,-,-,-,6,10,-,-,-,-,-,16
96.6404902,14402.0-14443.0,2,-,1,14,18,-,1,5,1,-,42
96.6285136,14444.0-14460.0,-,-,1,4,5,-,1,5,1,-,17
96.6217418,14461.0-14478.0,-,1,-,5,10,-,-,2,-,-,18
96.6205541,14479.0-14490.0,-,-,-,4,3,-,-,5,-,-,12
96.614828,14491.0-14525.0,2,1,-,14,12,-,-,4,2,-,35
96.5942413,14526.0-14551.0,1,1,-,5,15,2,-,2,-,-,26
96.5917775,14552.0-14568.0,-,-,-,4,6,-,4,2,-,1,17
96.5873016,14569.0-14588.0,-,-,1,8,6,-,-,5,-,-,20
96.5870307,14589.0-14610.0,-,-,-,7,9,1,3,2,-,-,22
96.5817647,14611.0-14640.0,-,1,-,9,15,1,1,2,-,1,30
96.58,14641.0,-,-,-,-,1,-,-,-,-,-,1
96.5674269,14642.0-14652.0,-,1,-,4,5,-,1,-,-,-,11
96.5594281,14653.0-14682.0,1,-,-,6,19,-,-,4,-,-,30
96.5565559,14683.0-14707.0,-,3,-,7,7,1,2,5,-,-,25
96.5544399,14708.0-14735.0,1,-,2,6,15,1,1,2,-,-,28
96.5496042,14736.0-14753.0,1,-,1,4,9,-,1,2,-,-,18
96.5458686,14754.0-14771.0,-,-,-,9,4,1,-,4,-,-,18
96.5386733,14772.0-14799.0,-,2,-,8,13,-,3,2,-,-,28
96.5339488,14800.0-14822.0,-,1,-,3,16,-,-,3,-,-,23
96.5336351,14823.0-14846.0,-,2,1,8,11,1,-,1,-,-,24
96.5233373,14847.0-14861.0,-,1,-,6,5,-,1,2,-,-,15
96.5179923,14862.0-14885.0,1,-,-,9,8,1,2,3,-,-,24
96.5095247,14886.0-14907.0,1,1,-,7,10,-,2,-,-,1,22
96.5079478,14908.0-14929.0,-,-,-,10,9,1,-,2,-,-,22
96.5027076,14930.0-14953.0,1,-,-,6,12,-,4,1,-,-,24
96.5024907,14954.0-14972.0,-,2,2,6,7,1,-,1,-,-,19
96.4964693,14973.0-14998.0,1,-,1,7,13,1,1,1,-,1,26
96.4927019,14999.0-15035.0,-,-,1,3,19,-,5,9,-,-,37
96.4922187,15036.0-15057.0,-,-,-,6,14,-,-,2,-,-,22
96.489538,15058.0-15072.0,-,-,-,7,4,-,-,4,-,-,15
96.4855442,15073.0-15106.0,-,2,-,8,18,1,3,2,-,-,34
96.4812287,15107.0-15141.0,-,1,2,13,11,-,3,5,-,-,35
96.4650004,15142.0-15152.0,-,1,-,4,1,-,2,2,-,1,11
96.4542259,15153.0-15172.0,-,1,2,6,10,1,-,-,-,-,20
96.4449717,15173.0-15197.0,-,2,-,8,9,1,1,4,-,-,25
96.4373935,15198.0-15218.0,-,1,-,2,11,-,3,3,-,1,21
96.4352588,15219.0-15252.0,1,2,-,14,8,3,2,4,-,-,34
96.433947,15253.0-15277.0,1,-,-,8,9,1,1,4,-,1,25
96.4320221,15278.0-15297.0,-,-,-,8,9,-,-,2,-,1,20
96.4266503,15298.0-15316.0,-,-,1,4,12,-,1,1,-,-,19
96.4185055,15317.0-15353.0,1,2,1,11,11,-,1,9,1,-,37
96.4033464,15354.0-15379.0,-,1,-,6,12,-,1,6,-,-,26
96.4033308,15380.0-15407.0,-,-,-,6,15,-,1,5,-,1,28
96.3941538,15408.0-15430.0,1,1,1,3,11,-,2,4,-,-,23
96.3919151,15431.0-15455.0,1,2,1,9,6,1,-,5,-,-,25
96.389325,15456.0-15475.0,-,1,-,7,8,-,3,1,-,-,20
96.3722342,15476.0-15517.0,1,-,1,9,21,1,-,9,-,-,42
96.3646855,15518.0-15552.0,1,-,-,11,14,-,3,6,-,-,35
96.363568,15553.0-15587.0,-,-,1,6,23,-,1,4,-,-,35
96.3586613,15588.0-15614.0,-,1,-,10,13,1,-,2,-,-,27
96.3555898,15615.0-15647.0,2,1,-,8,18,2,1,1,-,-,33
96.3496751,15648.0-15668.0,-,-,-,14,5,-,1,-,1,-,21
96.3494357,15669.0-15694.0,-,-,1,6,9,1,5,4,-,-,26
96.3433097,15695.0-15719.0,-,-,-,8,11,-,-,6,-,-,25
96.3335144,15720.0-15736.0,-,-,-,4,10,-,2,1,-,-,17
96.317687,15737.0-15765.0,-,-,1,6,17,-,1,3,-,1,29
96.3174061,15766.0-15797.0,1,1,-,6,16,1,3,4,-,-,32
96.3170599,15798.0-15813.0,1,-,1,2,7,-,-,4,-,1,16
96.3161343,15814.0-15835.0,-,2,-,5,10,1,-,4,-,-,22
96.3129908,15836.0-15883.0,1,-,-,17,21,2,2,5,-,-,48
96.3017082,15884.0-15912.0,-,-,-,7,18,-,1,3,-,-,29
96.3008972,15913.0-15933.0,2,-,1,7,7,-,-,4,-,-,21
96.2975699,15934.0-15956.0,1,-,1,7,8,2,3,1,-,-,23
96.279915,15957.0-15979.0,-,3,-,5,13,1,-,1,-,-,23
96.2707087,15980.0-16016.0,-,2,3,9,14,2,-,5,-,2,37
96.2623043,16017.0-16045.0,1,3,1,9,10,1,-,3,1,-,29
96.2590235,16046.0-16072.0,-,1,1,8,15,-,-,2,-,-,27
96.2537463,16073.0-16090.0,-,-,1,6,5,-,1,5,-,-,18
96.2498087,16091.0-16107.0,-,-,1,6,7,-,-,3,-,-,17
96.245889,16108.0-16136.0,-,1,-,8,12,3,2,3,-,-,29
96.2409787,16137.0-16167.0,2,2,-,13,8,1,-,4,-,1,31
96.2246812,16168.0-16184.0,-,-,-,5,11,-,-,-,-,1,17
96.21834,16185.0-16206.0,-,-,-,9,6,2,1,2,1,1,22
96.2091503,16207.0-16229.0,-,1,-,8,9,-,-,4,-,1,23
96.1774744,16230.0-16267.0,-,1,-,7,24,-,-,6,-,-,38
96.1741748,16268.0-16299.0,-,1,-,12,14,-,2,3,-,-,32
96.1739609,16300.0-16323.0,1,-,-,8,11,1,-,2,-,1,24
96.1725088,16324.0-16346.0,-,1,-,8,11,-,-,3,-,-,23
96.1680205,16347.0-16388.0,1,-,-,10,23,-,1,6,-,1,42
96.1627997,16389.0-16410.0,1,1,-,3,13,-,2,2,-,-,22
96.161333,16411.0-16433.0,-,1,1,8,9,1,-,3,-,-,23
96.1569533,16434.0-16463.0,-,2,-,8,15,1,-,3,-,1,30
96.1567238,16464.0-16478.0,-,-,-,6,6,-,-,3,-,-,15
96.1559696,16479.0-16500.0,-,1,-,6,12,1,-,2,-,-,22
96.1461976,16501.0-16528.0,1,-,1,5,14,-,1,6,-,-,28
96.1393231,16529.0-16563.0,-,4,1,9,16,-,1,3,-,1,35
96.1362324,16564.0-16580.0,-,-,-,5,8,-,-,4,-,-,17
96.1350237,16581.0-16594.0,-,1,-,5,5,1,-,2,-,-,14
96.1179887,16595.0-16606.0,-,-,-,6,4,-,1,1,-,-,12
96.113225,16607.0-16634.0,-,3,-,9,13,1,-,1,1,-,28
96.1115807,16635.0-16657.0,1,-,-,5,12,-,2,2,-,1,23
96.1068782,16658.0-16683.0,1,1,2,9,9,-,1,3,-,-,26
96.1046695,16684.0-16705.0,2,1,2,5,9,-,2,1,-,-,22
96.0954149,16706.0-16732.0,1,-,-,6,13,-,1,6,-,-,27
96.0852595,16733.0-16759.0,-,-,1,12,6,-,4,4,-,-,27
96.0805719,16760.0-16795.0,-,1,-,10,17,1,3,3,-,1,36
96.0715243,16796.0-16809.0,-,-,-,5,5,-,1,3,-,-,14
96.0674946,16810.0-16829.0,-,-,-,6,11,-,-,3,-,-,20
96.067455,16830.0-16858.0,-,-,-,10,14,-,2,3,-,-,29
96.0287137,16859.0-16876.0,-,1,1,4,5,2,1,4,-,-,18
96.0260116,16877.0-16892.0,-,-,-,4,7,1,2,2,-,-,16
96.0219043,16893.0-16915.0,1,-,1,9,10,-,1,1,-,-,23
96.0186459,16916.0-16942.0,-,-,1,7,12,1,1,4,-,1,27
96.0166614,16943.0-16976.0,2,-,-,6,20,-,1,5,-,-,34
96.0159089,16977.0-16999.0,-,1,-,4,9,-,2,7,-,-,23
96.0153643,17000.0-17036.0,1,1,-,7,21,-,3,4,-,-,37
96.0092361,17037.0-17063.0,-,1,1,7,13,-,3,2,-,-,27
96.0041408,17064.0-17084.0,1,-,-,8,9,-,1,2,-,-,21
95.9897611,17085.0-17111.0,-,1,-,11,9,-,-,6,-,-,27
95.9873991,17112.0-17125.0,-,-,1,2,7,1,2,1,-,-,14
95.978417,17126.0-17149.0,-,1,-,9,10,-,1,3,-,-,24
95.9770336,17150.0-17165.0,-,-,-,2,10,1,1,2,-,-,16
95.9687124,17166.0-17194.0,1,1,-,9,14,-,2,2,-,-,29
95.9638704,17195.0-17233.0,-,-,1,9,24,1,1,2,-,1,39
95.9558175,17234.0-17276.0,2,1,1,14,18,3,1,3,-,-,43
95.9544923,17277.0-17298.0,-,-,-,8,5,1,-,8,-,-,22
95.9511018,17299.0-17316.0,-,1,-,2,9,-,-,6,-,-,18
95.9447134,17317.0-17345.0,3,-,-,8,12,1,1,4,-,-,29
95.9433601,17346.0-17385.0,-,3,1,14,16,1,1,4,-,-,40
95.937512,17386.0-17410.0,-,1,-,5,13,1,1,4,-,-,25
95.9365257,17411.0-17436.0,1,-,-,11,11,-,2,1,-,-,26
95.9338334,17437.0-17460.0,-,-,1,4,16,-,1,1,-,1,24
95.9271498,17461.0-17483.0,-,1,1,7,10,1,-,3,-,-,23
95.9065146,17484.0-17517.0,1,1,1,9,14,2,2,4,-,-,34
95.9054033,17518.0-17544.0,-,-,1,7,11,-,1,7,-,-,27
95.9009755,17545.0-17590.0,-,2,2,10,18,1,1,12,-,-,46
95.8890489,17591.0-17622.0,-,2,-,10,10,1,3,5,1,-,32
95.8883843,17623.0-17651.0,-,-,-,9,16,-,3,1,-,-,29
95.881079,17652.0-17670.0,-,-,2,4,8,1,3,1,-,-,19
95.8699876,17671.0-17691.0,1,1,-,4,11,1,-,1,-,2,21
95.862761,17692.0-17710.0,-,1,-,5,5,1,2,5,-,-,19
95.8464164,17711.0-17752.0,-,1,1,12,20,-,2,5,-,1,42
95.84196,17753.0-17773.0,-,-,-,11,6,2,-,2,-,-,21
95.8390646,17774.0-17804.0,-,1,-,8,16,1,2,3,-,-,31
95.8346459,17805.0-17840.0,-,-,-,13,11,-,3,8,1,-,36
95.8307555,17841.0-17879.0,1,1,-,10,15,-,1,10,-,1,39
95.8070096,17880.0-17915.0,-,-,1,4,22,-,2,7,-,-,36
95.7942112,17916.0-17935.0,-,-,-,7,11,-,-,1,-,1,20
95.7937272,17936.0-17962.0,-,1,-,13,9,-,-,4,-,-,27
95.7931795,17963.0-17987.0,-,1,1,6,15,-,1,1,-,-,25
95.7888266,17988.0-18011.0,-,-,2,10,7,-,4,-,-,1,24
95.7868519,18012.0-18034.0,-,1,-,5,11,-,-,6,-,-,23
95.7836954,18035.0-18060.0,-,-,1,9,11,-,2,3,-,-,26
95.7805094,18061.0-18077.0,-,1,-,6,6,-,-,3,-,1,17
95.7804433,18078.0-18107.0,1,-,1,5,13,1,3,4,1,1,30
95.78,18108.0,-,-,-,-,-,-,1,-,-,-,1
95.7690393,18109.0-18128.0,-,-,-,6,7,1,1,4,-,1,20
95.764879,18129.0-18160.0,-,-,1,9,19,1,1,-,-,1,32
95.7405512,18161.0-18186.0,1,-,-,9,11,1,-,3,-,1,26
95.7279024,18187.0-18213.0,1,-,1,5,11,-,2,7,-,-,27
95.721604,18214.0-18246.0,-,2,-,4,18,-,-,9,-,-,33
95.7070884,18247.0-18282.0,-,-,-,14,15,1,2,4,-,-,36
95.7033017,18283.0-18318.0,1,1,-,12,16,-,2,4,-,-,36
95.7030198,18319.0-18348.0,-,1,2,10,13,1,-,3,-,-,30
95.6991467,18349.0-18367.0,-,-,1,9,7,-,-,2,-,-,19
95.6987601,18368.0-18393.0,1,1,-,10,11,-,1,2,-,-,26
95.6935818,18394.0-18427.0,-,1,-,11,7,1,4,10,-,-,34
95.6826425,18428.0-18468.0,1,2,1,10,16,2,3,5,-,1,41
95.6763142,18469.0-18485.0,-,-,-,6,6,-,-,5,-,-,17
95.6697928,18486.0-18502.0,-,-,-,8,5,-,1,2,1,-,17
95.6631314,18503.0-18534.0,1,1,1,9,13,2,4,1,-,-,32
95.662116,18535.0-18572.0,1,2,1,11,16,-,1,4,-,2,38
95.6584155,18573.0-18597.0,-,1,-,4,12,-,3,5,-,-,25
95.6554616,18598.0-18628.0,-,2,1,8,12,1,1,5,-,1,31
95.647381,18629.0-18663.0,-,2,2,15,13,1,-,1,1,-,35
95.6189832,18664.0-18707.0,-,1,3,14,12,1,5,7,-,1,44
95.6186659,18708.0-18727.0,-,1,-,7,8,-,1,3,-,-,20
95.6149583,18728.0-18756.0,-,2,-,11,6,3,3,4,-,-,29
95.6128536,18757.0-18784.0,-,-,-,11,7,2,1,6,1,-,28
95.5976137,18785.0-18808.0,-,1,-,7,11,1,1,3,-,-,24
95.5945285,18809.0-18833.0,-,2,-,7,10,-,3,2,-,1,25
95.5928687,18834.0-18851.0,1,-,1,4,9,-,1,2,-,-,18
95.5814221,18852.0-18868.0,-,1,-,7,6,-,1,2,-,-,17
95.5792202,18869.0-18902.0,1,-,-,8,16,2,2,4,1,-,34
95.5773573,18903.0-18917.0,-,1,-,6,6,-,-,2,-,-,15
95.5511974,18918.0-18939.0,-,1,-,9,5,1,-,6,-,-,22
95.5358718,18940.0-18976.0,1,2,-,9,18,-,2,5,-,-,37
95.5320057,18977.0-19006.0,-,1,-,13,10,-,-,4,-,2,30
95.5076994,19007.0-19031.0,-,3,-,9,10,-,3,-,-,-,25
95.5042277,19032.0-19069.0,-,2,-,8,16,-,4,8,-,-,38
95.4990284,19070.0-19100.0,-,-,-,12,14,-,-,5,-,-,31
95.4986174,19101.0-19137.0,1,-,3,13,13,-,2,5,-,-,37
95.4954605,19138.0-19161.0,-,2,-,8,9,-,2,3,-,-,24
95.4948805,19162.0-19186.0,-,-,-,10,13,-,-,2,-,-,25
95.4901686,19187.0-19214.0,-,-,2,9,7,1,2,6,-,1,28
95.4882902,19215.0-19239.0,-,2,-,5,11,-,2,4,-,1,25
95.4873006,19240.0-19257.0,-,-,-,3,9,-,4,2,-,-,18
95.4830918,19258.0-19283.0,1,-,1,11,10,-,1,2,-,-,26
95.4799,19284.0-19312.0,1,-,-,10,12,1,1,4,-,-,29
95.4702014,19313.0-19344.0,-,-,-,10,12,2,1,7,-,-,32
95.4678311,19345.0-19387.0,1,2,-,12,22,-,1,5,-,-,43
95.4536104,19388.0-19412.0,-,-,-,6,14,-,1,4,-,-,25
95.4482415,19413.0-19439.0,-,-,1,14,11,-,-,-,1,-,27
95.4430646,19440.0-19470.0,1,1,-,8,14,1,3,3,-,-,31
95.4397519,19471.0-19502.0,-,2,-,8,10,1,4,7,-,-,32
95.4259951,19503.0-19521.0,-,-,-,6,6,1,3,3,-,-,19
95.4204349,19522.0-19548.0,1,1,-,6,14,-,2,3,-,-,27
95.4161223,19549.0-19584.0,-,1,-,11,21,-,-,3,-,-,36
95.4060578,19585.0-19613.0,-,1,-,14,10,-,-,3,1,-,29
95.3963666,19614.0-19641.0,-,3,1,8,10,-,2,4,-,-,28
95.3858303,19642.0-19690.0,1,1,-,12,20,-,5,9,-,1,49
95.3805594,19691.0-19721.0,-,2,1,7,13,-,4,4,-,-,31
95.3795495,19722.0-19744.0,-,-,1,8,9,-,-,5,-,-,23
95.3686007,19745.0-19780.0,-,1,2,8,15,1,1,6,-,2,36
95.3610436,19781.0-19803.0,-,-,-,9,11,-,-,3,-,-,23
95.343223,19804.0-19835.0,-,-,-,12,11,2,2,5,-,-,32
95.3347214,19836.0-19867.0,1,-,1,17,10,-,1,2,-,-,32
95.3185047,19868.0-19895.0,-,-,-,9,8,2,-,9,-,-,28
95.3169861,19896.0-19921.0,-,-,1,6,14,-,3,2,-,-,26
95.3151853,19922.0-19952.0,-,2,-,10,12,-,2,4,-,1,31
95.3140382,19953.0-19970.0,-,-,-,5,10,1,-,1,-,1,18
95.3082494,19971.0-20004.0,-,1,-,8,23,-,-,2,-,-,34
95.3026007,20005.0-20043.0,-,1,1,10,17,1,2,7,-,-,39
95.2958925,20044.0-20073.0,-,3,1,6,14,-,4,2,-,-,30
95.2933057,20074.0-20111.0,-,1,1,13,15,-,3,4,-,1,38
95.2927669,20112.0-20140.0,-,2,-,7,12,1,3,4,-,-,29
95.2882188,20141.0-20179.0,-,2,-,11,14,1,4,6,-,1,39
95.2778203,20180.0-20209.0,-,1,-,8,10,1,1,7,-,2,30
95.2431067,20210.0-20243.0,-,1,-,12,17,1,-,2,-,1,34
95.2312139,20244.0-20264.0,-,-,1,6,8,1,3,1,1,-,21
95.2289207,20265.0-20299.0,-,1,-,10,19,-,2,2,-,1,35
95.2179107,20300.0-20321.0,-,-,1,7,9,-,-,4,-,1,22
95.2142832,20322.0-20372.0,-,-,4,13,26,1,3,4,-,-,51
95.2061875,20373.0-20400.0,-,2,-,10,12,-,1,2,1,-,28
95.1990767,20401.0-20425.0,-,-,-,12,9,1,2,1,-,-,25
95.1979522,20426.0-20458.0,-,2,-,10,16,1,1,3,-,-,33
95.1933808,20459.0-20494.0,2,-,-,11,13,-,2,7,-,1,36
95.1740567,20495.0-20525.0,-,1,-,7,17,-,2,4,-,-,31
95.1724675,20526.0-20545.0,-,2,1,2,7,1,3,3,-,1,20
95.1577916,20546.0-20586.0,1,3,2,13,19,-,2,1,-,-,41
95.1449191,20587.0-20605.0,-,1,1,5,8,-,1,3,-,-,19
95.1447135,20606.0-20626.0,-,-,-,10,7,-,2,1,-,1,21
95.1406289,20627.0-20657.0,-,2,1,7,14,1,1,4,-,1,31
95.1347459,20658.0-20691.0,-,2,-,7,22,1,2,-,-,-,34
95.1330171,20692.0-20725.0,-,-,-,12,10,1,6,2,3,-,34
95.1283815,20726.0-20754.0,-,2,-,3,17,-,2,5,-,-,29
95.126872,20755.0-20779.0,-,-,2,3,14,-,4,-,-,2,25
95.1210034,20780.0-20807.0,-,1,1,9,7,1,2,6,1,-,28
95.1113117,20808.0-20848.0,1,-,-,7,22,1,3,4,1,2,41
95.101416,20849.0-20887.0,2,-,-,10,17,1,2,6,-,1,39
95.0960832,20888.0-20934.0,1,2,-,17,16,-,5,4,1,1,47
95.0867052,20935.0-20956.0,-,-,-,12,5,-,1,3,1,-,22
95.0784112,20957.0-20981.0,1,1,2,6,12,-,-,3,-,-,25
95.0750038,20982.0-21010.0,-,1,1,5,19,1,1,1,-,-,29
95.073949,21011.0-21049.0,2,-,2,12,15,1,1,6,-,-,39
95.0655625,21050.0-21082.0,-,1,-,15,12,-,-,4,-,1,33
95.060689,21083.0-21113.0,-,1,-,12,9,-,3,5,-,1,31
95.0252399,21114.0-21138.0,1,1,1,8,12,1,-,1,-,-,25
95.022244,21139.0-21177.0,-,3,-,10,16,2,2,6,-,-,39
95.0068259,21178.0-21220.0,-,1,-,13,19,1,3,6,-,-,43
94.9879389,21221.0-21243.0,-,-,2,5,9,-,2,4,-,1,23
94.9817832,21244.0-21289.0,-,1,-,7,23,-,4,11,-,-,46
94.9817021,21290.0-21308.0,-,-,-,10,6,-,-,2,1,-,19
94.9780988,21309.0-21348.0,-,-,1,10,16,1,3,9,-,-,40
94.9644162,21349.0-21378.0,-,1,-,7,17,-,2,3,-,-,30
94.963529,21379.0-21403.0,-,-,-,6,11,-,2,6,-,-,25
94.9624784,21404.0-21427.0,-,1,-,8,11,1,-,3,-,-,24
94.9596377,21428.0-21443.0,-,-,-,7,8,-,1,-,-,-,16
94.9572138,21444.0-21504.0,-,1,2,17,25,1,5,9,1,-,61
94.9430074,21505.0-21552.0,1,2,-,11,22,2,2,7,1,-,48
94.9427415,21553.0-21585.0,-,-,1,14,12,1,2,3,-,-,33
94.9408232,21586.0-21621.0,-,-,1,10,18,-,-,7,-,-,36
94.9303758,21622.0-21662.0,-,2,-,8,24,-,1,4,1,1,41
94.9173586,21663.0-21700.0,1,1,-,7,19,1,5,3,1,-,38
94.9146711,21701.0-21729.0,-,1,1,10,11,1,-,5,-,-,29
94.893496,21730.0-21761.0,-,1,-,8,17,-,2,4,-,-,32
94.8861284,21762.0-21797.0,-,2,1,13,13,-,2,5,-,-,36
94.8860653,21798.0-21849.0,-,2,-,14,23,-,7,4,1,1,52
94.8648367,21850.0-21878.0,-,-,-,10,10,1,3,4,-,1,29
94.8609201,21879.0-21905.0,1,2,-,9,8,2,2,3,-,-,27
94.8480746,21906.0-21958.0,1,-,-,12,24,1,8,6,-,1,53
94.8431909,21959.0-21996.0,1,2,-,10,15,2,5,3,-,-,38
94.8415735,21997.0-22015.0,1,1,2,5,6,-,1,3,-,-,19
94.7981886,22016.0-22044.0,1,-,-,7,12,1,-,7,1,-,29
94.7952218,22045.0-22090.0,-,3,2,8,22,2,1,8,-,-,46
94.7940349,22091.0-22109.0,-,1,1,5,9,1,-,2,-,-,19
94.7805374,22110.0-22139.0,1,2,2,2,15,1,1,6,-,-,30
94.7789294,22140.0-22183.0,1,2,-,14,17,-,3,7,-,-,44
94.775364,22184.0-22206.0,-,1,1,7,7,1,3,3,-,-,23
94.7735192,22207.0-22226.0,-,1,-,9,6,1,1,2,-,-,20
94.772118,22227.0-22283.0,1,1,1,14,14,1,8,16,1,-,57
94.7610231,22284.0-22321.0,-,-,1,9,16,-,3,7,1,1,38
94.7585145,22322.0-22352.0,-,1,1,7,19,-,-,2,-,1,31
94.7551233,22353.0-22374.0,-,-,-,5,9,1,3,3,-,1,22
94.7283486,22375.0-22406.0,1,-,1,7,16,-,1,5,-,1,32
94.7254335,22407.0-22442.0,-,1,-,15,15,1,-,3,1,-,36
94.7105213,22443.0-22469.0,-,-,1,5,13,-,2,6,-,-,27
94.7100963,22470.0-22511.0,-,-,1,16,18,-,2,5,-,-,42
94.7041159,22512.0-22546.0,2,-,1,9,17,-,2,4,-,-,35
94.6962055,22547.0-22578.0,-,2,1,5,14,-,2,6,1,1,32
94.6959625,22579.0-22621.0,-,-,1,16,20,1,1,4,-,-,43
94.6756384,22622.0-22648.0,1,1,-,9,12,-,-,4,-,-,27
94.6694641,22649.0-22680.0,1,-,-,12,11,-,2,4,-,2,32
94.6595693,22681.0-22717.0,-,-,1,16,12,-,1,6,1,-,37
94.6508434,22718.0-22773.0,-,-,4,15,29,1,2,5,-,-,56
94.6502373,22774.0-22796.0,-,1,1,2,8,1,3,4,1,2,23
94.6480451,22797.0-22861.0,-,1,-,12,27,1,8,12,1,3,65
94.6049213,22862.0-22895.0,-,-,-,9,15,1,4,4,-,1,34
94.6011366,22896.0-22927.0,1,1,2,6,17,-,2,3,-,-,32
94.5936573,22928.0-22950.0,1,1,1,6,8,1,1,2,1,1,23
94.5878726,22951.0-22976.0,-,-,-,14,6,-,3,2,1,-,26
94.5768123,22977.0-23001.0,1,-,-,10,8,1,1,4,-,-,25
94.5733788,23002.0-23047.0,2,4,2,11,14,1,2,8,-,2,46
94.5705862,23048.0-23075.0,-,2,1,8,9,-,1,6,-,1,28
94.5582957,23076.0-23095.0,1,-,-,8,7,-,1,3,-,-,20
94.5553041,23096.0-23137.0,-,2,-,13,14,1,3,7,1,1,42
94.5397112,23138.0-23193.0,-,1,1,23,20,-,3,7,-,1,56
94.5391572,23194.0-23220.0,-,1,-,8,8,1,2,7,-,-,27
94.5264816,23221.0-23250.0,-,1,-,6,13,-,1,9,-,-,30
94.5074586,23251.0-23304.0,2,2,2,16,23,-,2,7,-,-,54
94.5016522,23305.0-23341.0,-,1,-,19,12,-,1,4,-,-,37
94.4912483,23342.0-23380.0,-,1,2,9,20,1,1,5,-,-,39
94.4877916,23381.0-23415.0,1,-,2,9,12,1,2,6,-,2,35
94.4809929,23416.0-23460.0,-,2,1,13,18,1,3,4,-,3,45
94.4790428,23461.0-23498.0,-,1,1,12,20,-,1,3,-,-,38
94.4750524,23499.0-23529.0,-,-,-,13,12,1,2,2,-,1,31
94.4720497,23530.0-23568.0,-,-,-,17,10,2,1,8,1,-,39
94.4673823,23569.0-23606.0,-,2,-,12,17,1,-,6,-,-,38
94.4638756,23607.0-23641.0,-,-,2,7,19,2,-,5,-,-,35
94.4454247,23642.0-23676.0,-,1,-,11,11,2,1,8,-,1,35
94.4264691,23677.0-23716.0,3,2,-,14,18,1,-,2,-,-,40
94.416807,23717.0-23741.0,-,1,-,11,9,-,1,2,-,1,25
94.3971331,23742.0-23759.0,-,-,-,6,9,-,-,3,-,-,18
94.3906546,23760.0-23793.0,-,2,-,12,17,-,2,1,-,-,34
94.3811959,23794.0-23844.0,-,2,1,15,19,2,7,5,-,-,51
94.372645,23845.0-23904.0,1,-,1,15,32,-,5,2,3,1,60
94.3676533,23905.0-23931.0,1,2,1,9,10,-,1,2,-,1,27
94.3667284,23932.0-23972.0,-,1,1,13,16,-,3,5,1,1,41
94.3470195,23973.0-24019.0,1,-,-,16,21,-,3,5,1,-,47
94.3460306,24020.0-24050.0,1,1,-,12,11,1,1,3,-,1,31
94.3412969,24051.0-24097.0,-,3,2,10,20,1,2,8,-,1,47
94.3393288,24098.0-24129.0,-,-,1,7,16,2,1,5,-,-,32
94.333639,24130.0-24152.0,-,-,-,10,8,-,1,3,1,-,23
94.3099035,24153.0-24177.0,1,-,-,8,9,2,1,3,1,-,25
94.2967096,24178.0-24206.0,-,1,1,12,13,-,1,1,-,-,29
94.2691204,24207.0-24260.0,-,1,-,23,17,2,2,9,-,-,54
94.2531106,24261.0-24297.0,-,2,1,10,14,-,2,5,2,1,37
94.2477571,24298.0-24341.0,-,2,-,14,17,-,2,9,-,-,44
94.2471177,24342.0-24371.0,-,-,-,12,13,1,-,4,-,-,30
94.243738,24372.0-24421.0,-,2,3,17,12,3,2,9,1,1,50
94.2326904,24422.0-24457.0,1,4,-,7,15,-,1,8,-,-,36
94.2307013,24458.0-24500.0,-,2,2,11,19,1,1,6,-,1,43
94.2160225,24501.0-24522.0,-,-,1,5,11,-,2,3,-,-,22
94.2142883,24523.0-24554.0,1,3,-,16,9,-,-,3,-,-,32
94.2112206,24555.0-24590.0,-,1,-,9,18,-,4,3,-,1,36
94.2038061,24591.0-24635.0,-,3,-,16,19,-,1,4,1,1,45
94.1950375,24636.0-24666.0,3,2,-,11,9,-,1,2,-,3,31
94.1948569,24667.0-24703.0,-,3,-,15,11,-,2,5,1,-,37
94.1937425,24704.0-24766.0,1,2,1,17,26,2,4,8,1,1,63
94.1913399,24767.0-24809.0,2,1,1,17,12,2,2,5,-,1,43
94.1906967,24810.0-24851.0,-,-,1,10,20,-,6,5,-,-,42
94.1781526,24852.0-24892.0,-,1,1,14,13,1,2,8,1,-,41
94.1399317,24893.0-24939.0,-,-,-,18,19,1,1,8,-,-,47
94.1187732,24940.0-24966.0,-,-,-,11,12,1,2,1,-,-,27
94.1005655,24967.0-24987.0,1,-,-,8,6,1,2,1,1,1,21
94.0949981,24988.0-25028.0,1,-,2,9,14,1,4,9,1,-,41
94.0758751,25029.0-25040.0,-,2,-,4,4,-,-,2,-,-,12
94.0733176,25041.0-25089.0,-,1,3,12,20,-,2,10,1,-,49
94.0729324,25090.0-25115.0,1,1,-,9,13,1,-,1,-,-,26
94.0675053,25116.0-25182.0,3,1,-,22,24,-,2,13,1,1,67
94.0668068,25183.0-25204.0,-,-,-,7,10,-,2,3,-,-,22
94.0618232,25205.0-25233.0,1,2,-,7,16,1,1,1,-,-,29
94.0581104,25234.0-25263.0,-,1,-,7,17,1,2,2,-,-,30
94.0080367,25264.0-25299.0,-,1,1,11,13,1,2,6,-,1,36
94.0032188,25300.0-25340.0,1,-,1,15,14,1,4,5,-,-,41
93.9909165,25341.0-25369.0,-,-,-,12,12,-,2,2,1,-,29
93.9889579,25370.0-25414.0,-,1,1,19,15,1,6,1,-,1,45
93.9788054,25415.0-25456.0,-,2,-,14,19,-,3,4,-,-,42
93.9724337,25457.0-25510.0,1,1,1,23,16,1,8,3,-,-,54
93.9707059,25511.0-25546.0,-,-,-,12,15,-,2,7,-,-,36
93.9637286,25547.0-25573.0,-,-,-,8,14,1,1,3,-,-,27
93.9578436,25574.0-25586.0,-,1,-,2,6,-,-,4,-,-,13
93.9551486,25587.0-25637.0,3,-,-,12,23,-,5,7,-,1,51
93.9486424,25638.0-25680.0,-,2,-,18,15,2,1,5,-,-,43
93.9374669,25681.0-25713.0,2,2,-,14,11,-,2,2,-,-,33
93.9372552,25714.0-25759.0,1,1,1,12,20,1,1,8,-,1,46
93.9346395,25760.0-25797.0,1,1,-,10,20,-,3,2,-,1,38
93.9120113,25798.0-25829.0,-,1,-,8,17,-,3,3,-,-,32
93.8942381,25830.0-25859.0,-,1,-,9,10,2,3,5,-,-,30
93.894198,25860.0-25916.0,-,1,2,11,27,1,5,10,-,-,57
93.8884805,25917.0-25972.0,-,2,1,18,16,2,2,12,-,3,56
93.887286,25973.0-26019.0,1,1,-,13,20,1,3,8,-,-,47
93.8558913,26020.0-26051.0,-,-,-,10,8,1,9,4,-,-,32
93.8417347,26052.0-26094.0,-,3,1,12,22,-,2,3,-,-,43
93.8402527,26095.0-26151.0,1,1,3,13,23,2,4,9,1,-,57
93.8303342,26152.0-26219.0,1,3,1,23,21,1,7,10,-,1,68
93.8059643,26220.0-26247.0,-,1,-,13,5,-,4,4,-,1,28
93.7940539,26248.0-26275.0,2,-,-,10,10,1,2,3,-,-,28
93.7694824,26276.0-26312.0,2,1,-,12,15,-,2,5,-,-,37
93.7616003,26313.0-26363.0,2,2,-,17,19,-,3,7,-,1,51
93.757466,26364.0-26391.0,-,4,-,5,9,-,2,7,-,1,28
93.75,26392.0,-,-,-,-,1,-,-,-,-,-,1
93.7445639,26393.0-26426.0,1,1,-,6,18,-,2,5,-,1,34
93.737776,26427.0-26475.0,-,3,1,15,17,3,1,8,-,1,49
93.7276356,26476.0-26522.0,2,-,2,12,24,1,2,4,-,-,47
93.7255053,26523.0-26555.0,1,1,1,12,9,2,3,4,-,-,33
93.7198237,26556.0-26614.0,-,3,-,21,22,2,3,7,-,1,59
93.7153061,26615.0-26648.0,-,-,-,8,17,-,-,9,-,-,34
93.7060041,26649.0-26695.0,1,2,1,17,17,1,5,3,-,-,47
93.6866278,26696.0-26728.0,-,1,2,10,13,1,3,2,-,1,33
93.6844271,26729.0-26764.0,-,2,-,12,18,-,-,3,-,1,36
93.6831704,26765.0-26811.0,1,3,1,15,17,-,4,6,-,-,47
93.6707891,26812.0-26837.0,-,-,-,7,12,-,4,3,-,-,26
93.6609837,26838.0-26875.0,2,1,1,18,13,1,2,-,-,-,38
93.6416382,26876.0-26925.0,1,4,-,9,24,1,3,7,-,1,50
93.6408784,26926.0-26965.0,-,1,-,8,19,1,7,3,-,1,40
93.6359075,26966.0-26991.0,-,1,-,10,10,2,1,1,1,-,26
93.620848,26992.0-27028.0,2,-,1,14,11,-,2,6,1,-,37
93.611957,27029.0-27089.0,1,1,-,21,29,1,4,4,-,-,61
93.603531,27090.0-27123.0,-,-,1,11,12,1,3,5,-,1,34
93.5949221,27124.0-27163.0,1,3,-,11,18,-,4,2,1,-,40
93.5771053,27164.0-27187.0,-,-,-,10,8,-,1,5,-,-,24
93.5645877,27188.0-27221.0,-,1,-,11,11,1,5,5,-,-,34
93.5072524,27222.0-27281.0,3,2,1,23,19,1,3,8,-,-,60
93.4940681,27282.0-27323.0,-,-,3,13,17,-,1,7,-,1,42
93.48002,27324.0-27354.0,1,1,1,7,13,-,1,6,-,1,31
93.4790313,27355.0-27379.0,1,2,-,11,6,-,1,4,-,-,25
93.4649935,27380.0-27426.0,2,1,1,14,18,1,2,8,-,-,47
93.462703,27427.0-27460.0,1,3,-,13,13,-,-,3,-,1,34
93.4616125,27461.0-27493.0,-,-,1,11,13,-,2,6,-,-,33
93.4491576,27494.0-27569.0,-,2,3,17,29,2,10,7,3,3,76
93.4464908,27570.0-27668.0,2,7,8,21,42,-,7,10,-,2,99
93.4463876,27669.0-27710.0,-,1,1,13,16,2,2,6,1,-,42
93.442623,27711.0-27765.0,-,1,3,20,18,-,2,8,-,3,55
93.4329298,27766.0-27809.0,-,-,1,12,21,2,2,4,-,2,44
93.4296473,27810.0-27845.0,1,1,2,9,18,-,-,5,-,-,36
93.4294534,27846.0-27888.0,1,-,1,17,12,-,3,7,1,1,43
93.4220277,27889.0-27943.0,2,2,1,15,21,-,5,7,-,2,55
93.4202865,27944.0-27986.0,1,1,-,15,14,1,2,8,1,-,43
93.4180802,27987.0-28013.0,-,2,-,6,9,1,3,5,-,1,27
93.3993174,28014.0-28080.0,1,2,-,18,29,1,6,8,-,2,67
93.3927676,28081.0-28113.0,-,1,-,10,14,-,3,5,-,-,33
93.3747412,28114.0-28162.0,1,3,1,15,18,1,3,6,1,-,49
93.3688303,28163.0-28198.0,1,-,1,12,15,1,-,4,-,2,36
93.3554944,28199.0-28234.0,-,-,1,15,13,-,2,5,-,-,36
93.3529772,28235.0-28287.0,-,-,1,18,23,-,4,6,1,-,53
93.3319332,28288.0-28350.0,1,2,1,20,24,-,4,8,-,3,63
93.2955692,28351.0-28399.0,-,1,1,14,23,-,7,3,-,-,49
93.276493,28400.0-28435.0,-,2,2,12,17,-,2,1,-,-,36
93.2488151,28436.0-28466.0,-,1,2,16,7,-,2,2,-,1,31
93.237161,28467.0-28499.0,-,-,1,10,15,3,-,3,1,-,33
93.233135,28500.0-28554.0,-,4,-,13,29,1,3,5,-,-,55
93.2287366,28555.0-28585.0,-,1,2,9,12,-,1,5,-,1,31
93.2033865,28586.0-28612.0,-,-,1,8,14,-,1,3,-,-,27
93.2009875,28613.0-28661.0,1,-,2,12,19,-,1,10,1,3,49
93.1944731,28662.0-28734.0,4,6,1,19,22,3,5,10,-,3,73
93.1708179,28735.0-28779.0,-,1,1,8,21,2,6,6,-,-,45
93.169136,28780.0-28812.0,-,1,2,10,14,-,-,6,-,-,33
93.1663509,28813.0-28860.0,1,-,-,20,16,1,4,6,-,-,48
93.1635295,28861.0-28929.0,-,2,2,23,26,1,4,10,1,-,69
93.158138,28930.0-28987.0,-,4,2,16,21,2,2,10,-,1,58
93.1462266,28988.0-29017.0,1,-,-,9,9,-,4,7,-,-,30
93.1341297,29018.0-29072.0,-,1,-,18,29,3,2,2,-,-,55
93.1261047,29073.0-29112.0,1,1,-,10,17,2,1,7,-,1,40
93.1255955,29113.0-29162.0,-,2,1,17,18,-,3,7,-,2,50
93.0903303,29163.0-29204.0,2,3,-,17,13,2,1,4,-,-,42
93.0779848,29205.0-29258.0,2,2,1,15,25,-,3,5,-,1,54
93.0716724,29259.0-29330.0,1,2,4,25,26,1,2,11,-,-,72
93.0651077,29331.0-29363.0,-,1,2,9,11,1,2,7,-,-,33
93.0647215,29364.0-29392.0,1,2,-,8,10,-,1,7,-,-,29
93.0429397,29393.0-29452.0,2,2,2,24,22,3,2,2,-,1,60
93.0414085,29453.0-29530.0,1,1,2,31,22,-,7,12,1,1,78
93.0166968,29531.0-29604.0,3,1,-,17,37,1,9,4,-,2,74
92.9781315,29605.0-29693.0,1,3,5,22,36,2,9,9,-,2,89
92.9717253,29694.0-29736.0,-,5,-,18,10,1,2,6,-,1,43
92.9703046,29737.0-29764.0,-,-,-,9,11,1,-,7,-,-,28
92.9541398,29765.0-29815.0,-,1,-,15,22,-,5,7,1,-,51
92.9443952,29816.0-29848.0,2,-,-,13,10,1,-,6,-,1,33
92.9404101,29849.0-29893.0,-,-,-,17,21,1,3,3,-,-,45
92.9316795,29894.0-29925.0,3,-,2,4,16,2,2,3,-,-,32
92.9222144,29926.0-29966.0,3,2,2,11,14,3,1,5,-,-,41
92.9026198,29967.0-30021.0,1,1,-,19,20,4,2,7,-,1,55
92.8822002,30022.0-30077.0,1,3,2,15,24,1,-,8,1,1,56
92.8766596,30078.0-30126.0,1,4,1,17,16,-,1,8,-,1,49
92.8705176,30127.0-30183.0,-,3,1,14,21,1,6,10,-,1,57
92.8590573,30184.0-30215.0,1,-,1,9,14,-,4,3,-,-,32
92.8576339,30216.0-30273.0,2,3,1,19,15,2,-,15,-,1,58
92.8362212,30274.0-30350.0,-,4,-,26,23,2,8,13,-,1,77
92.8258661,30351.0-30404.0,1,2,1,18,23,1,2,5,-,1,54
92.8241551,30405.0-30464.0,1,1,3,23,15,2,4,11,-,-,60
92.82,30465.0,-,-,-,1,-,-,-,-,-,-,1
92.8132001,30466.0-30525.0,2,2,2,16,26,1,5,6,-,-,60
92.8110351,30526.0-30563.0,1,2,1,11,12,1,4,6,-,-,38
92.7868473,30564.0-30593.0,1,-,-,11,10,-,-,8,-,-,30
92.7564924,30594.0-30630.0,2,1,-,19,9,-,4,2,-,-,37
92.7517958,30631.0-30664.0,1,-,-,7,22,-,-,3,1,-,34
92.7467219,30665.0-30720.0,-,1,2,17,18,3,5,8,-,2,56
92.7372014,30721.0-30784.0,1,3,2,22,21,1,3,8,1,2,64
92.7160749,30785.0-30835.0,2,2,-,16,15,1,3,10,1,1,51
92.6755145,30836.0-30867.0,-,1,-,12,13,-,1,4,-,1,32
92.67182,30868.0-30913.0,-,1,1,15,13,1,5,8,1,1,46
92.6489748,30914.0-30968.0,1,2,1,15,21,-,3,11,-,1,55
92.6363457,30969.0-31010.0,-,2,-,14,15,1,3,7,-,-,42
92.6318737,31011.0-31082.0,-,2,2,15,35,2,5,11,-,-,72
92.6293219,31083.0-31118.0,1,-,1,9,13,-,4,7,1,-,36
92.6284151,31119.0-31148.0,-,-,-,6,18,1,2,2,-,1,30
92.6165904,31149.0-31200.0,2,3,2,12,24,-,-,3,4,2,52
92.5914149,31201.0-31254.0,1,-,1,18,23,3,3,5,-,-,54
92.5689146,31255.0-31334.0,2,2,2,21,32,1,5,13,-,2,80
92.5679358,31335.0-31376.0,-,2,1,14,13,-,3,7,-,2,42
92.5664772,31377.0-31429.0,-,1,2,13,20,2,6,7,-,2,53
92.5616727,31430.0-31517.0,2,4,-,21,36,2,10,12,1,-,88
92.5341543,31518.0-31543.0,-,1,1,6,13,1,-,3,-,1,26
92.5267651,31544.0-31609.0,2,3,1,23,23,-,2,10,1,1,66
92.5144909,31610.0-31663.0,1,3,-,15,25,1,3,5,-,1,54
92.5132937,31664.0-31725.0,2,2,1,13,27,-,9,7,-,1,62
92.5129597,31726.0-31779.0,-,1,-,16,26,1,4,6,-,-,54
92.4965846,31780.0-31823.0,1,1,-,14,20,2,1,3,1,1,44
92.4858168,31824.0-31863.0,-,3,-,15,12,-,3,7,-,-,40
92.476754,31864.0-31902.0,-,1,-,13,16,2,1,6,-,-,39
92.47,31903.0,-,-,-,-,1,-,-,-,-,-,1
92.4614728,31904.0-31945.0,-,1,-,18,12,-,2,8,-,1,42
92.4575883,31946.0-31981.0,1,1,-,10,14,1,1,6,-,2,36
92.4480361,31982.0-32055.0,1,1,2,33,24,2,3,8,-,-,74
92.4132948,32056.0-32106.0,1,2,-,17,18,2,3,6,-,2,51
92.4095563,32107.0-32195.0,2,1,1,24,30,6,8,12,2,3,89
92.3740511,32196.0-32258.0,-,2,3,27,19,1,3,4,-,4,63
92.3536394,32259.0-32298.0,-,-,1,12,17,-,3,5,1,1,40
92.3523755,32299.0-32344.0,-,-,1,12,22,-,5,4,-,2,46
92.3471157,32345.0-32359.0,1,1,-,4,7,-,-,2,-,-,15
92.3369677,32360.0-32420.0,-,1,3,17,24,1,5,9,1,-,61
92.2976964,32421.0-32464.0,1,2,1,12,14,2,4,5,1,2,44
92.28,32465.0,-,-,-,1,-,-,-,-,-,-,1
92.2738405,32466.0-32507.0,2,2,-,19,10,2,-,6,-,1,42
92.2609198,32508.0-32540.0,-,3,1,9,11,1,2,6,-,-,33
92.2478719,32541.0-32591.0,2,2,1,18,21,1,1,4,1,-,51
92.2409094,32592.0-32629.0,-,-,1,12,17,2,3,3,-,-,38
92.2402421,32630.0-32691.0,1,4,-,14,31,-,4,7,-,1,62
92.2402301,32692.0-32738.0,-,2,1,15,21,-,3,5,-,-,47
92.2381205,32739.0-32780.0,1,2,-,14,20,-,2,3,-,-,42
92.2153383,32781.0-32861.0,-,5,1,21,26,-,15,11,1,1,81
92.2148897,32862.0-32946.0,1,5,-,21,26,1,8,19,3,1,85
92.1789653,32947.0-33017.0,2,2,1,15,31,2,7,9,-,2,71
92.1732083,33018.0-33048.0,-,1,-,16,7,-,2,4,-,1,31
92.1628997,33049.0-33108.0,-,5,-,16,20,2,6,8,-,3,60
92.1611438,33109.0-33201.0,-,6,2,27,23,1,8,23,2,1,93
92.1517727,33202.0-33270.0,2,-,1,26,24,4,2,10,-,-,69
92.1404554,33271.0-33299.0,-,-,1,5,15,1,3,3,-,1,29
92.1242775,33300.0-33348.0,-,-,1,18,14,-,4,10,-,2,49
92.1236176,33349.0-33382.0,-,2,1,10,12,2,3,3,-,1,34
92.119419,33383.0-33422.0,-,-,2,8,21,1,3,4,1,-,40
92.0888164,33423.0-33467.0,2,1,-,16,15,-,2,9,-,-,45
92.0615223,33468.0-33556.0,3,2,1,26,37,1,8,9,1,1,89
92.0527932,33557.0-33624.0,-,3,2,19,27,2,6,8,-,1,68
92.0393375,33625.0-33681.0,-,1,1,29,16,1,-,8,-,1,57
92.0107754,33682.0-33724.0,-,3,1,16,19,-,1,2,-,1,43
92.0078173,33725.0-33793.0,2,-,1,22,18,3,7,14,-,2,69
92.0068259,33794.0-33883.0,-,5,4,15,41,2,7,12,2,2,90
92.0013784,33884.0-33924.0,-,-,-,13,18,2,3,5,-,-,41
91.9792268,33925.0-33982.0,2,3,1,18,16,1,5,7,-,5,58
91.9625508,33983.0-34046.0,1,1,-,26,22,-,4,9,-,1,64
91.9525714,34047.0-34097.0,-,1,-,19,18,1,7,4,-,1,51
91.9326024,34098.0-34146.0,2,2,-,13,22,2,2,6,-,-,49
91.9103015,34147.0-34195.0,3,1,1,16,16,1,4,5,-,2,49
91.8983104,34196.0-34233.0,3,-,2,21,6,-,1,4,-,1,38
91.8763536,34234.0-34264.0,-,1,-,15,11,1,1,2,-,-,31
91.8567404,34265.0-34306.0,-,2,1,14,19,-,1,4,-,1,42
91.8461716,34307.0-34336.0,2,1,-,12,9,1,-,5,-,-,30
91.8455822,34337.0-34385.0,-,2,2,18,11,-,4,12,-,-,49
91.8375201,34386.0-34450.0,2,5,1,17,18,2,8,11,1,-,65
91.8347853,34451.0-34489.0,1,-,-,11,19,1,1,4,2,-,39
91.8268053,34490.0-34554.0,1,2,1,13,27,4,5,11,-,1,65
91.7989964,34555.0-34633.0,2,2,1,21,26,-,8,18,-,1,79
91.794056,34634.0-34689.0,1,2,1,11,28,-,6,7,-,-,56
91.7858261,34690.0-34762.0,2,1,2,22,28,3,5,7,2,1,73
91.7854984,34763.0-34825.0,1,4,1,20,22,2,2,9,1,1,63
91.7505571,34826.0-34861.0,-,-,-,9,18,-,3,4,-,2,36
91.7316874,34862.0-34895.0,1,2,2,9,13,3,1,3,-,-,34
91.6804693,34896.0-34967.0,-,4,2,27,27,-,4,6,1,1,72
91.6610792,34968.0-35034.0,2,1,2,21,29,2,4,6,-,-,67
91.6606042,35035.0-35073.0,1,-,-,7,20,-,1,9,-,1,39
91.6505265,35074.0-35185.0,3,3,2,26,50,2,11,12,2,1,112
91.6451799,35186.0-35224.0,-,4,-,16,15,-,1,3,-,-,39
91.6438644,35225.0-35271.0,1,3,2,15,18,1,2,5,-,-,47
91.6272372,35272.0-35353.0,2,5,1,23,22,1,10,17,-,1,82
91.6068238,35354.0-35398.0,-,1,1,15,19,1,3,4,-,1,45
91.563328,35399.0-35451.0,1,2,-,12,29,-,2,5,1,1,53
91.5631399,35452.0-35544.0,1,3,1,29,42,1,4,9,3,-,93
91.5582428,35545.0-35596.0,-,3,3,16,18,3,2,6,-,1,52
91.5364131,35597.0-35621.0,-,1,-,8,12,-,2,2,-,-,25
91.5329871,35622.0-35673.0,1,2,-,21,18,2,3,4,-,1,52
91.53248,35674.0-35716.0,-,1,-,10,24,1,2,4,-,1,43
91.53,35717.0,-,-,-,-,-,-,-,1,-,-,1
91.512485,35718.0-35808.0,1,5,1,22,37,1,8,10,2,4,91
91.507071,35809.0-35835.0,-,1,2,6,8,2,2,6,-,-,27
91.4870854,35836.0-35860.0,-,-,-,8,11,1,2,3,-,-,25
91.4865131,35861.0-35901.0,-,3,-,10,21,-,-,7,-,-,41
91.4806522,35902.0-35958.0,-,4,1,12,21,3,7,8,1,-,57
91.4802758,35959.0-36054.0,3,2,1,30,34,2,7,15,-,2,96
91.4700615,36055.0-36083.0,1,2,-,11,11,-,-,4,-,-,29
91.4334483,36084.0-36147.0,2,1,-,26,26,1,3,3,1,1,64
91.4174744,36148.0-36223.0,-,-,-,26,28,-,10,11,-,1,76
91.4124337,36224.0-36260.0,-,1,1,10,19,1,1,3,1,-,37
91.3857287,36261.0-36335.0,3,1,1,19,26,1,9,11,2,2,75
91.3734349,36336.0-36379.0,2,1,1,11,16,2,4,6,-,1,44
91.3672693,36380.0-36453.0,3,3,-,17,31,2,6,8,1,3,74
91.3435037,36454.0-36522.0,2,2,1,16,32,1,3,12,-,-,69
91.3421736,36523.0-36584.0,2,1,2,16,29,-,4,6,-,2,62
91.3230812,36585.0-36637.0,-,1,1,22,19,1,3,5,-,1,53
91.3216011,36638.0-36709.0,-,-,4,23,27,1,6,8,1,2,72
91.2552493,36710.0-36788.0,2,3,1,23,28,3,8,9,1,1,79
91.244949,36789.0-36832.0,-,1,1,18,17,-,1,5,1,-,44
91.2331407,36833.0-36883.0,1,1,1,11,16,2,7,8,-,4,51
91.2329425,36884.0-36963.0,-,-,3,32,22,4,6,11,1,1,80
91.2158031,36964.0-37006.0,1,1,-,21,13,2,2,3,-,-,43
91.2083671,37007.0-37043.0,-,2,-,10,13,-,2,9,-,1,37
91.2065006,37044.0-37100.0,1,2,-,20,21,2,4,7,-,-,57
91.18,37101.0,-,-,-,1,-,-,-,-,-,-,1
91.1718238,37102.0-37141.0,1,-,2,9,16,2,3,5,-,2,40
91.17,37142.0,-,-,-,1,-,-,-,-,-,-,1
91.1602633,37143.0-37196.0,-,3,1,18,20,-,2,8,1,1,54
91.1552725,37197.0-37252.0,1,3,1,17,21,2,5,6,-,-,56
91.1518015,37253.0-37282.0,1,-,2,8,19,-,-,-,-,-,30
91.1365188,37283.0-37383.0,1,3,1,31,38,2,7,17,1,-,101
91.1313556,37384.0-37415.0,-,3,2,11,8,2,-,6,-,-,32
91.0982881,37416.0-37460.0,-,2,2,15,20,1,-,4,-,1,45
91.0694792,37461.0-37563.0,2,3,1,29,44,2,8,12,1,1,103
91.0668866,37564.0-37641.0,1,1,2,23,22,-,9,17,-,3,78
91.0435718,37642.0-37686.0,1,1,-,5,28,-,5,3,1,1,45
91.0387255,37687.0-37775.0,-,1,-,28,39,-,9,11,1,-,89
91.0135161,37776.0-37814.0,1,-,1,18,13,1,-,5,-,-,39
90.9727817,37815.0-37880.0,1,3,1,20,23,-,4,13,-,1,66
90.966814,37881.0-37948.0,1,-,3,29,18,4,4,8,1,-,68
90.9657321,37949.0-38029.0,3,1,3,19,30,1,5,15,2,2,81
90.9612775,38030.0-38098.0,1,5,-,20,26,1,2,12,2,-,69
90.9203835,38099.0-38139.0,-,3,-,12,14,3,2,7,-,-,41
90.9200385,38140.0-38210.0,1,-,1,25,22,2,9,11,-,-,71
90.9144237,38211.0-38285.0,-,2,6,26,17,1,5,13,1,4,75
90.9108002,38286.0-38398.0,2,3,4,37,37,-,14,14,-,2,113
90.89,38399.0,-,-,-,-,1,-,-,-,-,-,1
90.866765,38400.0-38476.0,1,3,5,20,27,-,8,10,-,3,77
90.8571649,38477.0-38509.0,-,1,2,6,14,1,-,8,1,-,33
90.8566407,38510.0-38546.0,-,2,1,12,15,-,2,4,-,1,37
90.8447181,38547.0-38598.0,1,3,1,14,25,1,5,2,-,-,52
90.8237951,38599.0-38654.0,2,2,1,19,21,1,3,7,-,-,56
90.8211878,38655.0-38749.0,-,-,1,25,43,2,10,11,-,3,95
90.8146472,38750.0-38826.0,-,4,1,27,29,-,3,9,1,3,77
90.8134561,38827.0-38854.0,-,1,-,9,11,2,-,5,-,-,28
90.8037449,38855.0-38909.0,-,4,1,14,20,1,3,11,-,1,55
90.8013388,38910.0-38935.0,1,1,1,9,8,-,2,1,1,2,26
90.7879085,38936.0-39012.0,1,2,3,33,23,1,2,8,1,3,77
90.76,39013.0,-,1,-,-,-,-,-,-,-,-,1
90.7559146,39014.0-39077.0,-,4,-,25,22,2,5,3,1,2,64
90.7163631,39078.0-39121.0,1,2,1,17,10,1,4,6,1,1,44
90.7025504,39122.0-39201.0,1,4,1,26,29,1,9,8,-,1,80
90.6918865,39202.0-39252.0,1,-,-,19,24,-,2,5,-,-,51
90.651656,39253.0-39281.0,-,3,-,7,13,-,-,3,1,2,29
90.6279863,39282.0-39388.0,4,6,1,37,36,1,10,10,-,2,107
90.5979613,39389.0-39447.0,1,1,1,22,20,-,3,10,-,1,59
90.5728815,39448.0-39527.0,1,4,-,25,33,2,7,5,-,3,80
90.5704062,39528.0-39601.0,1,2,2,27,21,-,2,16,2,1,74
90.5659048,39602.0-39694.0,1,5,3,20,33,2,11,12,1,5,93
90.5491967,39695.0-39793.0,2,1,1,37,33,2,7,11,1,4,99
90.5252595,39794.0-39849.0,2,1,-,18,25,-,4,6,-,-,56
90.5244362,39850.0-39913.0,-,1,2,16,30,1,3,11,-,-,64
90.5209194,39914.0-39976.0,1,6,2,24,19,-,3,7,-,1,63
90.5194308,39977.0-40050.0,2,3,-,23,30,2,3,11,-,-,74
90.51,40051.0,-,-,-,-,1,-,-,-,-,-,1
90.5012991,40052.0-40093.0,1,2,1,14,11,2,3,7,1,-,42
90.4796411,40094.0-40166.0,-,1,1,32,27,2,4,5,1,-,73
90.4743555,40167.0-40210.0,2,2,2,19,12,-,2,4,-,1,44
90.4666273,40211.0-40251.0,-,-,-,23,14,-,-,4,-,-,41
90.4539834,40252.0-40305.0,-,2,-,23,20,-,4,4,-,1,54
90.4512103,40306.0-40378.0,2,2,1,26,23,-,4,13,-,2,73
90.4021551,40379.0-40423.0,-,2,2,18,15,-,4,3,-,1,45
90.3566145,40424.0-40474.0,1,3,2,12,21,-,4,6,-,2,51
90.354069,40475.0-40555.0,1,4,-,26,31,4,7,7,-,1,81
90.3279027,40556.0-40654.0,-,-,1,27,39,-,7,21,-,4,99
90.3271341,40655.0-40726.0,2,3,1,31,19,1,4,11,-,-,72
90.3096903,40727.0-40768.0,-,-,-,18,15,2,3,4,-,-,42
90.3030767,40769.0-40816.0,2,1,1,19,13,-,6,4,-,2,48
90.2925429,40817.0-40913.0,1,5,-,25,40,-,10,12,2,2,97
90.266876,40914.0-40951.0,1,1,1,10,14,-,5,4,-,2,38
90.2558184,40952.0-41000.0,2,-,2,17,20,-,2,4,-,2,49
90.25,41001.0,-,-,-,1,-,-,-,-,-,-,1
90.2371528,41002.0-41077.0,3,7,1,28,25,-,6,6,-,-,76
90.1775065,41078.0-41159.0,4,2,4,32,27,2,6,4,-,1,82
90.1398917,41160.0-41321.0,3,6,7,36,58,3,21,18,4,6,162
90.1262916,41322.0-41407.0,-,2,1,31,28,4,4,14,2,-,86
90.1218002,41408.0-41483.0,2,4,-,29,25,1,4,10,1,-,76
90.112628,41484.0-41609.0,4,2,4,43,42,1,7,17,2,4,126
90.1045888,41610.0-41650.0,-,5,1,14,15,-,1,4,-,1,41
90.1004135,41651.0-41682.0,1,1,-,4,19,-,2,5,-,-,32
90.0963693,41683.0-41778.0,1,2,3,25,44,-,10,11,-,-,96
90.0962861,41779.0-41819.0,-,2,3,18,11,-,1,5,1,-,41
90.0843448,41820.0-41906.0,2,2,1,26,30,2,7,15,-,2,87
90.0830242,41907.0-41983.0,1,2,1,25,27,2,5,11,2,1,77
90.0621118,41984.0-42071.0,2,4,3,25,29,3,6,15,1,-,88
90.06,42072.0,-,-,-,-,1,-,-,-,-,-,1
90.0508521,42073.0-42128.0,2,-,1,17,22,-,6,7,1,-,56
90.0451538,42129.0-42251.0,2,4,1,32,52,1,17,11,1,2,123
90.0196524,42252.0-42278.0,-,2,-,10,7,1,2,4,-,1,27
90.0134693,42279.0-42327.0,1,4,1,14,18,1,6,3,-,1,49
90.0,42328.0,-,-,-,-,1,-,-,-,-,-,1
89.9742931,42329.0-42474.0,2,3,8,36,61,3,13,18,-,2,146
89.9552166,42475.0-42566.0,4,3,2,32,31,3,6,7,1,3,92
89.935711,42567.0-42617.0,-,4,-,22,16,1,3,5,-,-,51
89.9205793,42618.0-42668.0,1,2,1,18,19,-,3,6,-,1,51
89.9024053,42669.0-42729.0,1,2,-,22,22,3,3,6,1,1,61
89.9001306,42730.0-42809.0,-,2,1,30,29,3,4,9,1,1,80
89.9,42810.0,-,-,-,1,-,-,-,-,-,-,1
89.8845123,42811.0-42927.0,2,8,2,44,31,3,8,16,-,3,117
89.8801547,42928.0-42959.0,-,-,-,10,13,-,1,7,-,1,32
89.7957754,42960.0-43029.0,1,-,1,26,27,-,7,8,-,-,70
89.7903443,43030.0-43081.0,1,1,-,16,23,-,2,9,-,-,52
89.6934787,43082.0-43181.0,1,4,3,31,34,1,4,19,1,2,100
89.683918,43182.0-43229.0,1,5,-,19,17,-,1,3,1,1,48
89.6830085,43230.0-43272.0,3,2,1,18,15,-,-,3,-,1,43
89.6618256,43273.0-43343.0,1,6,2,28,19,3,3,9,-,-,71
89.6590708,43344.0-43413.0,1,1,2,20,28,2,5,10,-,1,70
89.657308,43414.0-43491.0,2,3,2,28,27,2,2,12,-,-,78
89.6568852,43492.0-43546.0,1,1,-,19,24,-,5,4,-,1,55
89.6497245,43547.0-43580.0,-,1,-,11,14,-,2,6,-,-,34
89.621821,43581.0-43665.0,1,2,2,21,32,-,6,17,2,2,85
89.56,43666.0,-,-,1,-,-,-,-,-,-,-,1
89.5593612,43667.0-43727.0,1,2,1,19,21,2,3,11,-,1,61
89.5592458,43728.0-43830.0,-,4,-,29,49,1,8,10,1,1,103
89.5539769,43831.0-43871.0,2,-,1,11,18,-,4,4,-,1,41
89.5522919,43872.0-43960.0,1,4,2,32,32,2,2,11,2,1,89
89.5432094,43961.0-44001.0,1,-,1,16,11,1,7,4,-,-,41
89.5272602,44002.0-44089.0,3,2,1,29,30,-,13,9,1,-,88
89.5119454,44090.0-44212.0,1,4,3,38,39,3,7,21,1,6,123
89.4962236,44213.0-44263.0,1,-,-,14,24,-,2,9,-,1,51
89.4554822,44264.0-44349.0,3,5,2,21,30,2,7,9,3,4,86
89.451403,44350.0-44448.0,3,2,2,39,29,2,6,13,1,2,99
89.4497168,44449.0-44505.0,-,2,2,18,22,-,1,11,1,-,57
89.44,44506.0,-,-,-,-,1,-,-,-,-,-,1
89.429801,44507.0-44556.0,1,-,1,14,21,1,5,7,-,-,50
89.4256012,44557.0-44681.0,3,3,6,31,47,2,12,14,3,4,125
89.41,44682.0,-,-,-,1,-,-,-,-,-,-,1
89.3655049,44683.0-44794.0,4,8,1,22,42,3,4,21,1,6,112
89.364907,44795.0-44885.0,1,5,4,28,31,2,10,6,2,2,91
89.35,44886.0-44888.0,1,-,-,-,1,-,-,1,-,-,3
89.3287171,44889.0-44948.0,2,4,2,15,22,-,4,9,-,2,60
89.302917,44949.0-44985.0,3,2,-,9,15,-,1,5,-,2,37
89.2656035,44986.0-45029.0,1,3,1,17,11,1,2,7,1,-,44
89.2478098,45030.0-45075.0,1,3,-,16,17,1,2,3,1,2,46
89.2457163,45076.0-45150.0,1,-,-,27,32,-,4,8,-,3,75
89.2375447,45151.0-45222.0,1,5,1,22,27,1,4,10,-,1,72
89.2347783,45223.0-45377.0,-,5,2,37,60,7,15,21,5,3,155
89.2303375,45378.0-45474.0,-,6,1,31,33,5,8,11,-,2,97
89.2174843,45475.0-45521.0,-,3,1,15,15,1,3,8,-,1,47
89.1852024,45522.0-45593.0,2,2,2,25,27,1,5,7,1,-,72
89.1809567,45594.0-45749.0,3,4,-,40,65,1,24,15,2,2,156
89.18,45750.0-45751.0,-,-,-,1,1,-,-,-,-,-,2
89.1791812,45752.0-45856.0,3,3,2,39,28,3,9,14,1,3,105
89.1450013,45857.0-45910.0,4,1,-,21,21,-,2,5,-,-,54
89.106913,45911.0-46012.0,1,2,3,41,36,3,10,5,-,1,102
89.1014047,46013.0-46073.0,1,3,2,15,29,1,3,4,-,3,61
89.0615554,46074.0-46158.0,1,1,3,37,24,2,7,9,-,1,85
89.0368294,46159.0-46204.0,5,1,-,12,15,1,4,7,-,1,46
89.0033044,46205.0-46267.0,1,2,3,23,19,3,7,5,-,-,63
89.0027605,46268.0-46351.0,-,4,-,39,22,2,6,10,1,-,84
88.986683,46352.0-46405.0,1,2,3,18,12,1,3,13,-,1,54
88.9649575,46406.0-46510.0,-,5,1,43,40,2,5,7,-,2,105
88.95,46511.0,-,-,-,1,-,-,-,-,-,-,1
88.9445493,46512.0-46540.0,-,1,-,12,8,-,5,3,-,-,29
88.94,46541.0,-,-,-,1,-,-,-,-,-,-,1
88.8881114,46542.0-46648.0,5,6,1,33,37,4,8,11,2,-,107
88.8686273,46649.0-46743.0,3,2,2,21,34,1,17,9,2,4,95
88.8632429,46744.0-46808.0,2,1,-,21,22,1,4,11,-,3,65
88.8600683,46809.0-46942.0,2,8,2,47,43,-,11,20,-,1,134
88.856074,46943.0-46988.0,1,2,-,13,21,3,1,5,-,-,46
88.8464637,46989.0-47058.0,3,5,3,20,24,-,4,7,-,4,70
88.8293119,47059.0-47190.0,1,6,2,31,63,1,5,21,1,1,132
88.8232797,47191.0-47243.0,-,2,-,10,23,2,8,7,-,1,53
88.8,47244.0,-,-,-,-,1,-,-,-,-,-,1
88.7955476,47245.0-47366.0,1,2,5,33,36,2,15,23,3,2,122
88.7627999,47367.0-47429.0,-,4,1,18,24,2,5,6,-,3,63
88.7592898,47430.0-47514.0,2,3,1,28,21,3,13,13,1,-,85
88.7357048,47515.0-47612.0,4,4,2,35,35,2,5,10,-,1,98
88.7299064,47613.0-47686.0,1,3,3,23,30,2,4,6,1,1,74
88.7231708,47687.0-47820.0,3,8,2,39,46,2,13,20,1,-,134
88.72,47821.0,-,-,-,-,-,-,1,-,-,-,1
88.6855305,47822.0-47874.0,2,3,-,19,17,1,4,5,-,2,53
88.6611545,47875.0-47939.0,1,-,1,24,19,2,5,13,-,-,65
88.5780258,47940.0-48004.0,-,5,1,20,24,-,10,4,-,1,65
88.5637068,48005.0-48111.0,3,10,3,32,38,-,5,15,-,1,107
88.5540762,48112.0-48171.0,2,1,1,15,23,2,5,8,1,2,60
88.5515009,48172.0-48214.0,-,-,-,14,19,3,2,4,-,1,43
88.5427828,48215.0-48271.0,1,-,-,22,21,1,3,6,-,3,57
88.542227,48272.0-48336.0,-,3,-,21,22,2,7,7,1,2,65
88.53,48337.0,-,-,-,-,-,-,-,1,-,-,1
88.525902,48338.0-48430.0,3,1,1,30,26,2,14,12,1,3,93
88.5024155,48431.0-48527.0,-,2,3,32,37,1,8,11,2,1,97
88.4226013,48528.0-48612.0,-,5,1,29,29,2,4,14,1,-,85
88.4219058,48613.0-48680.0,1,1,1,19,24,3,6,11,1,1,68
88.4177906,48681.0-48840.0,7,3,-,56,53,3,14,20,3,1,160
88.3756645,48841.0-48898.0,-,1,3,18,27,2,2,4,-,1,58
88.2977496,48899.0-48961.0,3,1,1,17,27,1,4,9,-,-,63
88.2909271,48962.0-49078.0,4,2,2,36,41,4,9,15,1,3,117
88.28,49079.0,-,-,-,-,-,-,-,1,-,-,1
88.2758357,49080.0-49144.0,2,2,-,23,24,1,7,6,-,-,65
88.2737276,49145.0-49192.0,-,2,-,15,18,-,4,8,-,1,48
88.2603909,49193.0-49289.0,-,4,2,28,34,2,9,15,1,2,97
88.26,49290.0-49291.0,-,-,-,1,1,-,-,-,-,-,2
88.2583444,49292.0-49382.0,7,4,1,30,33,2,4,10,-,-,91
88.245893,49383.0-49450.0,-,4,2,20,29,1,3,9,-,-,68
88.24,49451.0,-,1,-,-,-,-,-,-,-,-,1
88.22,49452.0,-,-,-,-,-,-,-,-,1,-,1
88.2059917,49453.0-49546.0,2,5,1,33,26,4,4,17,-,2,94
88.1968791,49547.0-49662.0,3,4,3,35,37,1,10,18,1,4,116
88.1535836,49663.0-49835.0,5,5,4,41,67,1,19,24,3,4,173
88.1468922,49836.0-49874.0,-,5,1,11,10,1,5,6,-,-,39
88.118041,49875.0-49938.0,1,2,-,23,24,-,3,8,2,1,64
88.1120509,49939.0-50060.0,2,3,2,34,40,3,13,19,2,4,122
88.1060139,50061.0-50180.0,5,5,2,38,37,2,9,16,4,2,120
88.0988826,50181.0-50232.0,-,3,1,13,27,-,2,6,-,-,52
88.0941637,50233.0-50407.0,6,4,6,59,55,1,18,18,3,5,175
88.0866426,50408.0-50464.0,1,3,2,21,13,2,4,11,-,-,57
88.070986,50465.0-50620.0,4,12,4,40,53,1,17,21,2,2,156
88.0315567,50621.0-50691.0,1,2,2,19,24,3,9,8,1,2,71
87.9735649,50692.0-50747.0,1,-,4,25,19,1,2,3,-,1,56
87.9627325,50748.0-50843.0,-,2,1,24,39,4,9,16,-,1,96
87.9344536,50844.0-50945.0,-,4,-,24,45,-,9,17,1,2,102
87.921673,50946.0-51031.0,2,3,3,35,21,1,7,13,1,-,86
87.8970321,51032.0-51079.0,1,2,-,15,14,2,5,7,1,1,48
87.89,51080.0,-,-,-,-,1,-,-,-,-,-,1
87.8873794,51081.0-51139.0,1,1,1,20,23,-,3,9,1,-,59
87.88,51140.0-51142.0,-,-,-,1,2,-,-,-,-,-,3
87.8605935,51143.0-51243.0,1,7,5,31,35,1,6,15,-,-,101
87.7884762,51244.0-51300.0,-,1,2,14,27,1,5,6,-,1,57
87.746137,51301.0-51331.0,-,1,1,8,13,-,2,5,-,1,31
87.73995,51332.0-51410.0,-,1,-,31,27,2,7,10,-,1,79
87.7370373,51411.0-51514.0,-,3,2,36,35,1,11,13,1,2,104
87.7359574,51515.0-51572.0,2,4,-,16,21,3,3,7,-,2,58
87.7305257,51573.0-51672.0,1,2,2,41,34,5,5,9,-,1,100
87.730083,51673.0-51756.0,4,7,2,29,23,2,5,11,-,1,84
87.65,51757.0,-,-,-,-,-,-,-,-,1,-,1
87.6469672,51758.0-51837.0,-,-,1,33,32,-,4,8,-,2,80
87.6167151,51838.0-51908.0,2,5,-,24,23,1,6,7,1,2,71
87.6160033,51909.0-52047.0,1,1,2,43,48,-,10,27,2,5,139
87.609626,52048.0-52160.0,1,3,2,42,39,1,8,14,2,1,113
87.5957229,52161.0-52284.0,4,4,1,49,43,2,7,12,-,2,124
87.5726309,52285.0-52443.0,4,8,3,44,61,1,12,16,3,7,159
87.5237763,52444.0-52510.0,2,3,1,20,26,1,5,7,-,2,67
87.493276,52511.0-52573.0,1,1,-,23,23,2,6,6,-,1,63
87.468285,52574.0-52718.0,1,7,4,46,47,3,12,18,-,7,145
87.4609239,52719.0-52780.0,-,4,1,24,15,1,9,7,-,1,62
87.4466038,52781.0-52854.0,1,1,1,30,24,2,5,9,-,1,74
87.4032298,52855.0-52941.0,5,4,3,27,34,2,4,4,1,3,87
87.3937627,52942.0-53062.0,2,4,3,36,52,2,10,10,1,1,121
87.3518409,53063.0-53125.0,1,1,2,21,29,1,5,2,1,-,63
87.3415283,53126.0-53163.0,-,2,-,11,18,1,3,2,1,-,38
87.3221306,53164.0-53285.0,1,2,1,43,39,3,12,18,-,3,122
87.265016,53286.0-53357.0,-,2,1,21,27,1,7,12,1,-,72
87.2636301,53358.0-53458.0,2,1,2,40,28,1,5,16,2,4,101
87.2593857,53459.0-53650.0,5,5,2,58,69,6,17,17,6,7,192
87.2379152,53651.0-53805.0,2,7,3,44,59,2,15,19,-,4,155
87.2248719,53806.0-53924.0,2,3,1,42,45,4,11,9,2,-,119
87.22,53925.0,-,-,-,-,1,-,-,-,-,-,1
87.2196787,53926.0-54042.0,3,5,4,27,43,2,11,19,-,3,117
87.2152238,54043.0-54106.0,2,5,-,30,15,2,7,2,-,1,64
87.21,54107.0,-,-,-,-,-,-,1,-,-,-,1
87.18,54108.0-54109.0,1,-,-,1,-,-,-,-,-,-,2
87.1731352,54110.0-54204.0,1,3,-,35,31,2,9,10,1,3,95
87.1247638,54205.0-54307.0,-,3,5,36,33,3,5,13,-,5,103
87.089825,54308.0-54371.0,-,3,-,27,18,-,7,8,1,-,64
87.0771468,54372.0-54436.0,-,1,2,20,19,2,4,15,1,1,65
87.0343086,54437.0-54561.0,1,2,2,40,52,2,8,15,1,2,125
87.0084871,54562.0-54643.0,2,4,-,26,28,2,11,8,1,-,82
87.0,54644.0,-,-,-,-,1,-,-,-,-,-,1
86.9330662,54645.0-54688.0,1,1,2,8,25,1,2,3,-,1,44
86.9322985,54689.0-54753.0,-,3,2,22,21,4,1,10,-,2,65
86.89,54754.0,-,-,-,-,1,-,-,-,-,-,1
86.8897379,54755.0-54825.0,1,1,3,26,20,-,9,10,1,-,71
86.8832732,54826.0-55079.0,7,16,4,58,89,2,35,29,3,11,254
86.8632708,55080.0-55231.0,2,12,7,35,56,2,12,22,1,3,152
86.85,55232.0,-,-,-,-,1,-,-,-,-,-,1
86.8427506,55233.0-55316.0,1,4,3,29,32,-,4,10,1,-,84
86.8334686,55317.0-55440.0,1,3,-,52,39,1,7,17,2,2,124
86.83,55441.0-55442.0,-,-,-,-,1,-,-,-,1,-,2
86.8005513,55443.0-55508.0,-,1,1,22,20,4,6,10,1,1,66
86.75,55509.0,-,-,-,-,1,-,-,-,-,-,1
86.7461997,55510.0-55583.0,1,2,1,27,25,2,9,7,-,-,74
86.713982,55584.0-55718.0,4,4,3,51,36,4,6,22,1,4,135
86.7003307,55719.0-55835.0,3,4,1,42,37,1,6,22,-,1,117
86.6676057,55836.0-55992.0,2,3,3,53,54,2,21,12,1,6,157
86.6485431,55993.0-56065.0,-,3,3,34,15,3,3,8,1,3,73
86.6459627,56066.0-56183.0,2,5,1,38,35,-,11,23,1,2,118
86.61,56184.0,-,-,-,1,-,-,-,-,-,-,1
86.5951005,56185.0-56287.0,1,2,1,36,37,-,13,13,-,-,103
86.59,56288.0,1,-,-,-,-,-,-,-,-,-,1
86.5848999,56289.0-56363.0,-,2,-,27,28,1,4,13,-,-,75
86.5796724,56364.0-56447.0,1,1,2,16,42,4,4,12,-,2,84
86.5748101,56448.0-56541.0,3,3,1,23,34,4,8,14,-,4,94
86.5743412,56542.0-56621.0,2,1,2,32,26,1,6,9,-,1,80
86.564971,56622.0-56723.0,-,4,2,39,29,-,6,19,-,3,102
86.560206,56724.0-56850.0,3,1,2,38,51,1,16,13,1,1,127
86.5,56851.0,-,-,-,1,-,-,-,-,-,-,1
86.4436823,56852.0-56896.0,2,1,1,15,19,-,2,3,1,1,45
86.3943435,56897.0-57087.0,5,9,6,48,60,3,22,31,4,3,191
86.3505412,57088.0-57175.0,3,5,1,31,24,3,5,13,1,2,88
86.3482671,57176.0-57252.0,2,2,-,21,33,3,3,13,-,-,77
86.3037543,57253.0-57450.0,1,7,5,55,72,6,22,23,2,5,198
86.3032893,57451.0-57523.0,1,5,2,24,27,3,7,3,-,1,73
86.2729883,57524.0-57653.0,1,2,2,31,54,1,22,14,-,3,130
86.2722396,57654.0-57716.0,-,-,2,21,23,-,5,12,-,-,63
86.2660493,57717.0-57868.0,3,4,4,54,52,6,12,15,1,1,152
86.24,57869.0,-,-,-,-,1,-,-,-,-,-,1
86.2039517,57870.0-57950.0,2,4,4,26,31,1,4,8,1,-,81
86.2020083,57951.0-58022.0,-,2,1,16,32,1,10,9,-,1,72
86.18,58023.0-58024.0,-,-,-,-,2,-,-,-,-,-,2
86.17,58025.0,-,-,-,1,-,-,-,-,-,-,1
86.099446,58026.0-58156.0,-,3,5,47,47,2,7,14,2,4,131
86.0742045,58157.0-58223.0,1,-,1,22,22,1,7,9,3,1,67
86.0457957,58224.0-58302.0,1,-,-,37,25,1,6,8,-,1,79
86.0346936,58303.0-58380.0,2,1,3,24,23,2,6,15,-,2,78
86.0314842,58381.0-58543.0,4,3,2,46,56,4,19,25,1,3,163
86.0,58544.0-58545.0,-,-,-,-,1,-,-,1,-,-,2
85.9891185,58546.0-58684.0,2,5,-,53,48,2,16,12,-,1,139
85.9765355,58685.0-58791.0,2,2,3,33,40,2,6,14,3,2,107
85.9425358,58792.0-58942.0,6,7,3,51,48,2,11,21,-,2,151
85.9241674,58943.0-59061.0,2,5,2,37,39,1,11,20,2,-,119
85.9212092,59062.0-59192.0,2,1,1,49,45,3,10,19,-,1,131
85.9106165,59193.0-59304.0,3,7,5,29,35,4,3,18,1,7,112
85.9003507,59305.0-59360.0,1,1,1,22,18,1,3,7,1,1,56
85.8946885,59361.0-59433.0,3,2,1,22,26,2,5,11,-,1,73
85.8665128,59434.0-59520.0,-,3,2,24,29,3,11,13,-,2,87
85.83,59521.0,-,-,-,-,-,-,1,-,-,-,1
85.819156,59522.0-59663.0,2,4,3,41,51,5,16,18,1,1,142
85.791852,59664.0-59775.0,1,5,2,47,30,3,6,16,-,2,112
85.7757627,59776.0-59870.0,2,5,1,36,24,1,10,12,2,2,95
85.7396473,59871.0-59938.0,-,4,1,27,24,1,4,6,-,1,68
85.6921506,59939.0-60165.0,2,8,4,70,61,3,25,45,4,5,227
85.6770225,60166.0-60236.0,1,1,2,16,32,2,7,9,-,1,71
85.65358,60237.0-60459.0,3,9,5,69,75,2,26,26,3,5,223
85.65,60460.0,-,-,-,-,1,-,-,-,-,-,1
85.61,60461.0,-,-,-,-,-,-,-,1,-,-,1
85.59,60462.0,-,-,-,-,1,-,-,-,-,-,1
85.5419841,60463.0-60531.0,-,3,2,15,33,2,3,11,-,-,69
85.5286474,60532.0-60611.0,-,-,1,24,31,2,8,12,1,1,80
85.4974574,60612.0-60707.0,-,4,3,39,24,-,9,13,2,2,96
85.4732337,60708.0-60860.0,5,4,3,53,49,3,14,15,4,3,153
85.44,60861.0,-,-,-,-,-,-,-,-,1,-,1
85.41,60862.0,-,-,-,-,1,-,-,-,-,-,1
85.3954204,60863.0-60965.0,1,1,5,42,35,1,4,14,-,-,103
85.39,60966.0,-,-,-,-,1,-,-,-,-,-,1
85.3531656,60967.0-61025.0,-,3,1,16,21,1,5,12,-,-,59
85.35,61026.0,-,-,-,-,1,-,-,-,-,-,1
85.3469357,61027.0-61098.0,-,2,2,26,22,2,8,10,-,-,72
85.3230758,61099.0-61259.0,2,2,3,56,58,6,7,23,-,4,161
85.2987504,61260.0-61418.0,5,9,6,41,47,2,18,18,3,10,159
85.29,61419.0,-,-,-,1,-,-,-,-,-,-,1
85.2824124,61420.0-61506.0,1,4,4,32,33,-,4,8,-,1,87
85.2566749,61507.0-61647.0,3,2,7,47,53,3,6,13,2,5,141
85.239357,61648.0-61743.0,-,1,2,23,39,4,10,8,5,4,96
85.225256,61744.0-61966.0,4,9,7,63,68,6,26,32,1,7,223
85.22,61967.0-61968.0,-,-,-,-,2,-,-,-,-,-,2
85.21049,61969.0-62093.0,-,4,1,49,40,2,13,12,2,2,125
85.1996728,62094.0-62234.0,3,6,8,53,38,5,13,13,2,-,141
85.1749825,62235.0-62363.0,8,4,2,30,55,2,10,9,2,7,129
85.1689875,62364.0-62478.0,-,3,3,42,33,1,14,16,-,3,115
85.1550148,62479.0-62648.0,4,12,4,51,64,2,7,21,2,3,170
85.14,62649.0,-,-,-,-,1,-,-,-,-,-,1
85.129786,62650.0-62751.0,3,6,3,34,30,3,7,12,1,3,102
85.1182895,62752.0-62831.0,-,5,2,30,24,2,4,11,-,2,80
85.11,62832.0,-,-,-,-,1,-,-,-,-,-,1
85.0971341,62833.0-62906.0,2,2,1,24,28,1,4,10,1,1,74
85.0853734,62907.0-63087.0,6,7,5,58,62,5,18,18,1,1,181
85.0803043,63088.0-63157.0,1,5,-,23,21,4,4,11,-,1,70
85.05,63158.0,-,-,-,-,-,-,1,-,-,-,1
85.0307561,63159.0-63231.0,1,2,2,25,24,2,7,9,1,-,73
85.0,63232.0,-,-,-,-,1,-,-,-,-,-,1
84.94,63233.0,-,-,-,-,-,-,-,-,1,-,1
84.9389417,63234.0-63392.0,3,4,3,58,51,3,17,13,3,4,159
84.9063828,63393.0-63475.0,4,3,-,23,27,4,10,12,-,-,83
84.8637817,63476.0-63531.0,1,2,-,19,21,1,4,6,1,1,56
84.84,63532.0,-,-,-,-,-,-,1,-,-,-,1
84.83,63533.0,-,-,-,1,-,-,-,-,-,-,1
84.7804686,63534.0-63593.0,1,1,1,23,24,-,6,2,-,2,60
84.7521447,63594.0-63675.0,4,7,3,21,28,1,7,11,-,-,82
84.72,63676.0,-,-,-,-,1,-,-,-,-,-,1
84.6586561,63677.0-63754.0,3,4,1,25,22,3,5,13,-,2,78
84.65,63755.0-63757.0,-,-,-,2,1,-,-,-,-,-,3
84.6438942,63758.0-63839.0,-,2,-,29,38,-,5,8,-,-,82
84.59,63840.0,-,-,-,-,-,-,1,-,-,-,1
84.5857013,63841.0-64003.0,1,3,2,74,44,2,14,17,1,5,163
84.5795651,64004.0-64115.0,3,3,3,36,39,3,8,16,1,-,112
84.56,64116.0-64117.0,-,-,-,-,2,-,-,-,-,-,2
84.539834,64118.0-64254.0,2,7,5,43,44,4,13,10,1,8,137
84.4852349,64255.0-64372.0,-,4,2,44,44,2,4,16,1,1,118
84.4790806,64373.0-64525.0,1,4,1,53,46,-,14,27,1,6,153
84.47,64526.0,-,-,-,-,1,-,-,-,-,-,1
84.4651484,64527.0-64650.0,2,7,6,45,29,1,12,17,-,5,124
84.4547028,64651.0-64735.0,1,3,1,30,30,1,6,10,2,1,85
84.4467601,64736.0-64819.0,3,3,3,22,29,4,7,11,1,1,84
84.4463229,64820.0-64910.0,4,3,3,34,27,1,10,8,-,1,91
84.4412567,64911.0-65027.0,1,5,1,37,38,2,14,16,1,2,117
84.44,65028.0,-,-,-,-,1,-,-,-,-,-,1
84.4137833,65029.0-65197.0,4,4,1,60,58,4,17,15,2,4,169
84.41,65198.0,-,-,-,-,-,-,-,1,-,-,1
84.3808448,65199.0-65363.0,4,5,3,45,58,2,16,25,2,5,165
84.3786315,65364.0-65560.0,3,8,4,57,70,3,25,20,4,3,197
84.34,65561.0,-,-,-,-,1,-,-,-,-,-,1
84.3396689,65562.0-65747.0,6,6,5,48,60,1,23,30,1,6,186
84.33,65748.0,-,-,-,-,1,-,-,-,-,-,1
84.3204501,65749.0-65801.0,3,1,2,13,23,-,3,4,-,4,53
84.3183057,65802.0-65912.0,2,4,1,36,39,2,10,15,1,1,111
84.31,65913.0,-,-,-,-,1,-,-,-,-,-,1
84.28,65914.0-65915.0,1,-,-,-,1,-,-,-,-,-,2
84.2510483,65916.0-66120.0,5,10,7,57,57,4,19,40,2,4,205
84.2401501,66121.0-66197.0,1,-,4,30,29,1,3,8,-,1,77
84.22,66198.0,-,-,-,-,1,-,-,-,-,-,1
84.207639,66199.0-66393.0,6,10,3,62,58,7,14,23,5,7,195
84.17,66394.0,-,-,-,-,1,-,-,-,-,-,1
84.15,66395.0,-,-,-,-,-,-,-,1,-,-,1
84.12,66396.0,-,-,-,-,1,-,-,-,-,-,1
84.1149833,66397.0-66477.0,4,3,4,30,23,1,4,12,-,-,81
84.0343736,66478.0-66645.0,3,5,2,48,63,5,20,18,1,3,168
84.0342981,66646.0-66788.0,3,5,6,42,49,1,18,10,3,6,143
84.0,66789.0,-,-,-,-,1,-,-,-,-,-,1
83.9990684,66790.0-66887.0,3,6,-,29,28,3,10,18,-,1,98
83.988979,66888.0-66966.0,2,4,-,25,28,-,9,9,1,1,79
83.9561363,66967.0-67063.0,4,-,2,32,34,2,9,13,-,1,97
83.95,67064.0,-,-,-,-,1,-,-,-,-,-,1
83.94,67065.0,-,-,-,1,-,-,-,-,-,-,1
83.9283276,67066.0-67322.0,4,21,5,79,71,2,23,41,4,7,257
83.92,67323.0,-,-,-,-,1,-,-,-,-,-,1
83.88,67324.0-67325.0,-,-,-,1,1,-,-,-,-,-,2
83.8560469,67326.0-67552.0,7,8,5,69,70,4,30,20,6,8,227
83.83,67553.0,-,-,-,-,1,-,-,-,-,-,1
83.7986478,67554.0-67648.0,-,5,1,27,30,4,7,16,1,4,95
83.769652,67649.0-67785.0,5,5,-,50,48,2,8,13,4,2,137
83.7431799,67786.0-67886.0,2,3,5,31,26,3,12,16,1,2,101
83.73706,67887.0-68055.0,3,5,2,60,54,2,13,26,3,1,169
83.72,68056.0,-,-,-,-,1,-,-,-,-,-,1
83.7154638,68057.0-68124.0,1,3,4,25,24,1,3,6,-,1,68
83.7134808,68125.0-68211.0,2,7,3,32,26,1,5,8,1,2,87
83.71,68212.0,-,-,-,-,1,-,-,-,-,-,1
83.7045586,68213.0-68290.0,3,3,3,28,19,1,9,10,1,1,78
83.7030299,68291.0-68437.0,2,1,2,50,47,4,9,25,2,5,147
83.6944391,68438.0-68527.0,1,1,1,39,26,-,5,15,-,2,90
83.67,68528.0,-,-,-,1,-,-,-,-,-,-,1
83.6630885,68529.0-68710.0,5,7,6,59,66,2,13,19,2,3,182
83.66,68711.0,-,-,-,-,-,-,-,1,-,-,1
83.65,68712.0,-,-,-,1,-,-,-,-,-,-,1
83.5707404,68713.0-68876.0,-,9,6,50,52,1,21,18,1,6,164
83.5700884,68877.0-68956.0,-,3,1,28,29,-,4,14,1,-,80
83.47,68957.0,-,-,-,-,1,-,-,-,-,-,1
83.4527296,68958.0-69114.0,7,4,3,58,48,4,12,19,-,2,157
83.4251983,69115.0-69269.0,1,8,3,55,49,3,13,21,1,1,155
83.41,69270.0-69271.0,-,-,-,1,1,-,-,-,-,-,2
83.3956241,69272.0-69357.0,3,1,3,30,27,-,6,12,1,3,86
83.3904312,69358.0-69439.0,1,4,-,26,31,6,7,6,1,-,82
83.38,69440.0,-,-,-,-,-,1,-,-,-,-,1
83.33,69441.0,-,-,-,1,-,-,-,-,-,-,1
83.29,69442.0,-,-,-,-,1,-,-,-,-,-,1
83.2810347,69443.0-69544.0,3,1,2,31,33,3,18,10,-,1,102
83.27,69545.0,-,-,-,-,1,-,-,-,-,-,1
83.22,69546.0,-,-,-,-,1,-,-,-,-,-,1
83.2071736,69547.0-69655.0,3,3,-,39,37,3,9,12,2,1,109
83.1950716,69656.0-69870.0,1,16,6,55,66,3,24,29,1,14,215
83.1821207,69871.0-69986.0,2,2,3,32,44,5,12,14,1,1,116
83.1707575,69987.0-70224.0,5,6,9,79,74,-,30,26,4,5,238
83.1481862,70225.0-70444.0,4,10,9,75,56,4,17,37,-,8,220
83.1461103,70445.0-70539.0,2,3,6,36,23,3,9,8,2,3,95
83.11,70540.0,-,-,-,1,-,-,-,-,-,-,1
83.1030453,70541.0-70764.0,4,9,4,81,67,2,17,32,-,8,224
83.06,70765.0,-,-,-,-,1,-,-,-,-,-,1
83.0532651,70766.0-70950.0,4,8,5,60,53,6,17,26,3,3,185
83.014142,70951.0-71012.0,-,1,1,22,21,3,5,8,1,-,62
82.9763421,71013.0-71107.0,1,4,1,29,31,3,4,18,2,2,95
82.9708753,71108.0-71202.0,3,1,1,29,28,5,10,15,2,1,95
82.9464759,71203.0-71336.0,4,5,5,47,37,4,8,19,1,4,134
82.9459739,71337.0-71444.0,1,2,4,41,36,-,8,13,1,2,108
82.9428736,71445.0-71556.0,2,6,2,35,43,1,6,15,2,-,112
82.94,71557.0-71558.0,-,-,-,1,1,-,-,-,-,-,2
82.9247643,71559.0-71668.0,2,2,1,39,34,2,8,17,-,5,110
82.89,71669.0,-,-,-,1,-,-,-,-,-,-,1
82.8318522,71670.0-71824.0,2,5,7,57,45,3,15,19,-,2,155
82.78,71825.0,-,-,-,-,1,-,-,-,-,-,1
82.7777778,71826.0-71967.0,3,5,3,52,39,8,10,18,-,4,142
82.75,71968.0,-,-,-,-,-,-,1,-,-,-,1
82.74,71969.0,-,-,-,-,1,-,-,-,-,-,1
82.7018873,71970.0-72144.0,5,8,3,69,49,3,15,15,5,3,175
82.67,72145.0,-,-,-,-,1,-,-,-,-,-,1
82.6530612,72146.0-72297.0,5,3,4,35,53,3,23,12,3,11,152
82.65,72298.0,-,-,-,1,-,-,-,-,-,-,1
82.6245527,72299.0-72477.0,3,5,2,68,49,7,18,21,2,4,179
82.61,72478.0,-,-,-,-,1,-,-,-,-,-,1
82.59,72479.0-72481.0,-,1,-,-,1,-,1,-,-,-,3
82.5792479,72482.0-72586.0,2,3,2,37,42,1,5,12,-,1,105
82.5741649,72587.0-72698.0,3,5,4,36,34,2,9,16,-,3,112
82.56,72699.0-72700.0,-,-,-,-,2,-,-,-,-,-,2
82.53,72701.0,-,-,-,-,1,-,-,-,-,-,1
82.5187713,72702.0-72988.0,4,15,8,90,80,8,30,38,4,10,287
82.5,72989.0,-,1,-,-,-,-,-,-,-,-,1
82.4999118,72990.0-73159.0,1,10,7,72,52,1,12,10,2,3,170
82.4850758,73160.0-73264.0,2,2,5,40,26,2,7,15,3,3,105
82.4780187,73265.0-73405.0,1,9,4,49,44,4,9,18,1,2,141
82.46,73406.0,-,-,-,1,-,-,-,-,-,-,1
82.4592501,73407.0-73474.0,3,1,2,22,20,3,6,10,-,1,68
82.41,73475.0,-,-,-,-,-,-,-,-,1,-,1
82.3704723,73476.0-73564.0,1,3,6,25,24,2,8,14,2,4,89
82.3548238,73565.0-73746.0,2,3,5,69,52,3,23,21,-,4,182
82.3454058,73747.0-73856.0,5,5,2,35,34,4,8,13,1,3,110
82.29,73857.0-73858.0,-,-,-,2,-,-,-,-,-,-,2
82.24,73859.0-73860.0,-,-,-,1,-,-,1,-,-,-,2
82.22,73861.0,-,-,-,-,1,-,-,-,-,-,1
82.21,73862.0,-,-,-,-,1,-,-,-,-,-,1
82.2,73863.0,-,-,-,-,1,-,-,-,-,-,1
82.190886,73864.0-73985.0,2,3,4,39,49,1,6,15,2,1,122
82.18,73986.0-73987.0,-,-,-,-,1,-,-,1,-,-,2
82.17,73988.0,-,-,-,1,-,-,-,-,-,-,1
82.1648735,73989.0-74102.0,1,3,2,33,41,1,12,16,-,5,114
82.1388599,74103.0-74188.0,1,4,1,31,34,-,4,11,-,-,86
82.1268327,74189.0-74327.0,2,8,3,48,42,1,13,16,3,3,139
82.12,74328.0,-,-,-,-,-,1,-,-,-,-,1
82.11,74329.0,-,-,-,-,1,-,-,-,-,-,1
82.06,74330.0-74332.0,-,-,-,1,2,-,-,-,-,-,3
82.0388536,74333.0-74439.0,4,4,3,32,32,2,11,16,2,1,107
82.016548,74440.0-74560.0,1,7,2,47,30,4,11,16,-,3,121
81.9712626,74561.0-74766.0,5,8,2,64,67,4,22,30,1,3,206
81.94,74767.0,-,-,-,1,-,-,-,-,-,-,1
81.9381769,74768.0-75008.0,13,6,7,70,77,5,26,24,8,5,241
81.9314642,75009.0-75229.0,7,10,3,62,74,5,27,26,3,4,221
81.9275869,75230.0-75440.0,4,9,6,69,63,5,21,29,2,3,211
81.9221888,75441.0-75597.0,4,7,3,59,50,4,13,14,1,2,157
81.9137967,75598.0-75834.0,5,8,11,80,61,4,28,30,3,7,237
81.89,75835.0,-,-,-,-,1,-,-,-,-,-,1
81.8599034,75836.0-76030.0,5,6,3,62,56,3,17,31,4,8,195
81.82,76031.0,-,-,-,1,-,-,-,-,-,-,1
81.78,76032.0-76034.0,-,1,-,-,2,-,-,-,-,-,3
81.7656352,76035.0-76095.0,-,4,1,25,16,1,3,10,-,1,61
81.72,76096.0,-,-,-,-,-,-,1,-,-,-,1
81.7199,76097.0-76343.0,4,13,5,64,83,3,36,28,3,8,247
81.71,76344.0,-,-,-,-,1,-,-,-,-,-,1
81.6705255,76345.0-76519.0,7,5,6,61,51,6,13,20,1,5,175
81.6656822,76520.0-76617.0,1,3,3,37,29,1,11,10,1,2,98
81.643697,76618.0-76716.0,2,2,1,32,24,5,12,19,1,1,99
81.6127789,76717.0-76859.0,5,6,3,48,41,4,9,23,2,2,143
81.61,76860.0,-,-,-,-,1,-,-,-,-,-,1
81.6,76861.0,-,-,-,-,-,-,1,-,-,-,1
81.5934486,76862.0-76970.0,3,5,1,43,29,3,11,11,-,3,109
81.5923479,76971.0-77162.0,6,11,11,62,50,3,21,21,4,3,192
81.58,77163.0,-,-,-,-,-,1,-,-,-,-,1
81.51,77164.0,-,-,-,1,-,-,-,-,-,-,1
81.4993122,77165.0-77278.0,-,6,3,34,38,1,15,13,3,1,114
81.47,77279.0-77280.0,-,-,-,-,1,-,-,-,-,1,2
81.4271094,77281.0-77471.0,2,11,2,61,55,9,20,23,3,5,191
81.39,77472.0,-,-,-,-,1,-,-,-,-,-,1
81.3607995,77473.0-77585.0,2,5,2,45,38,2,9,8,1,1,113
81.33,77586.0-77587.0,-,-,-,-,2,-,-,-,-,-,2
81.3283933,77588.0-77680.0,2,1,3,36,27,2,8,11,1,2,93
81.3089554,77681.0-77827.0,2,2,4,44,48,4,16,21,4,2,147
81.29,77828.0,-,-,-,1,-,-,-,-,-,-,1
81.2737812,77829.0-78002.0,3,7,7,58,53,3,30,11,1,1,174
81.2524249,78003.0-78200.0,5,8,6,46,71,6,25,20,2,9,198
81.2365306,78201.0-78371.0,2,10,7,53,56,5,15,16,2,5,171
81.22,78372.0,-,-,-,-,1,-,-,-,-,-,1
81.2187812,78373.0-78496.0,3,8,2,39,42,1,8,18,-,3,124
81.17,78497.0-78498.0,-,-,-,-,2,-,-,-,-,-,2
81.14,78499.0,-,-,-,1,-,-,-,-,-,-,1
81.1271398,78500.0-78611.0,2,5,2,32,40,2,15,10,1,3,112
81.12,78612.0,-,-,-,-,1,-,-,-,-,-,1
81.11,78613.0-78614.0,-,-,-,1,-,-,1,-,-,-,2
81.1,78615.0-78616.0,-,-,-,1,-,-,1,-,-,-,2
81.06,78617.0-78618.0,-,-,-,2,-,-,-,-,-,-,2
81.05,78619.0,-,-,-,-,1,-,-,-,-,-,1
81.0334862,78620.0-78691.0,-,1,1,30,20,1,3,13,1,2,72
81.0159708,78692.0-78817.0,3,4,3,41,41,4,13,15,1,1,126
81.0,78818.0-78821.0,-,-,-,1,2,-,-,-,1,-,4
80.9705409,78822.0-79002.0,4,7,7,63,52,3,14,22,1,8,181
80.97,79003.0,-,-,-,-,1,-,-,-,-,-,1
80.91,79004.0,-,-,-,-,-,-,1,-,-,-,1
80.88,79005.0,-,-,-,-,1,-,-,-,-,-,1
80.83,79006.0,-,-,-,-,1,-,-,-,-,-,1
80.7910924,79007.0-79131.0,3,4,2,44,37,3,6,19,1,6,125
80.7883659,79132.0-79329.0,3,8,3,75,50,6,18,29,3,3,198
80.78157,79330.0-79652.0,6,13,2,108,97,6,33,44,9,5,323
80.78,79653.0,-,-,-,-,-,-,-,1,-,-,1
80.76,79654.0,-,-,1,-,-,-,-,-,-,-,1
80.7403032,79655.0-79771.0,1,4,-,40,46,1,8,14,1,2,117
80.7055032,79772.0-79917.0,3,7,2,66,43,3,8,11,-,3,146
80.7035589,79918.0-80144.0,8,6,11,79,61,2,21,26,4,9,227
80.7004831,80145.0-80322.0,3,4,5,66,57,3,13,19,3,5,178
80.67,80323.0,-,-,-,1,-,-,-,-,-,-,1
80.65,80324.0-80325.0,-,-,-,1,1,-,-,-,-,-,2
80.62,80326.0,-,-,-,-,-,1,-,-,-,-,1
80.61,80327.0,-,-,-,-,1,-,-,-,-,-,1
80.59,80328.0-80329.0,-,-,-,-,1,-,1,-,-,-,2
80.58,80330.0,-,-,-,-,1,-,-,-,-,-,1
80.5793663,80331.0-80451.0,4,5,2,45,40,-,10,12,2,1,121
80.56,80452.0,-,-,-,-,1,-,-,-,-,-,1
80.5595655,80453.0-80714.0,8,8,7,80,78,6,27,36,4,8,262
80.5383458,80715.0-80970.0,6,13,2,86,68,6,23,41,2,9,256
80.5339227,80971.0-81165.0,5,10,3,75,48,8,16,23,4,3,195
80.4992916,81166.0-81286.0,1,7,3,42,33,3,12,16,1,3,121
80.4944215,81287.0-81412.0,2,8,2,45,40,3,9,11,4,2,126
80.49,81413.0,-,-,-,-,1,-,-,-,-,-,1
80.4716144,81414.0-81543.0,-,3,5,48,44,2,11,12,1,4,130
80.47,81544.0,-,-,-,1,-,-,-,-,-,-,1
80.44,81545.0-81546.0,-,-,-,1,1,-,-,-,-,-,2
80.4293972,81547.0-81721.0,2,7,4,63,49,1,19,24,3,3,175
80.4,81722.0-81723.0,-,-,-,-,1,-,-,1,-,-,2
80.34,81724.0,-,-,-,-,1,-,-,-,-,-,1
80.3167508,81725.0-81807.0,1,5,3,28,29,-,5,9,3,-,83
80.25,81808.0,-,-,-,-,-,-,-,1,-,-,1
80.2462012,81809.0-81946.0,4,6,3,45,45,3,17,12,3,-,138
80.24,81947.0,-,-,-,-,1,-,-,-,-,-,1
80.2313072,81948.0-82073.0,3,5,3,38,51,2,8,12,1,3,126
80.2298047,82074.0-82217.0,3,5,2,52,38,5,19,17,1,2,144
80.18,82218.0-82219.0,-,-,-,-,1,-,-,1,-,-,2
80.1766472,82220.0-82416.0,3,9,4,67,65,5,16,24,-,4,197
80.1749582,82417.0-82617.0,4,9,4,56,66,4,19,29,5,5,201
80.1708014,82618.0-82834.0,1,15,4,80,61,9,15,22,6,4,217
80.12,82835.0,-,-,-,-,-,-,1,-,-,-,1
80.06,82836.0-82838.0,-,-,-,1,1,-,-,-,-,1,3
80.0260591,82839.0-83101.0,8,11,6,74,83,5,32,29,4,11,263
80.0,83102.0,-,-,-,-,1,-,-,-,-,-,1
79.9864621,83103.0-83362.0,9,8,11,66,81,6,42,22,7,8,260
79.9422744,83363.0-83485.0,3,6,1,48,28,1,13,20,1,2,123
79.94,83486.0,-,-,-,-,1,-,-,-,-,-,1
79.93,83487.0,-,-,-,-,-,-,-,1,-,-,1
79.91,83488.0,-,-,-,-,-,-,1,-,-,-,1
79.89,83489.0,-,-,-,-,1,-,-,-,-,-,1
79.88,83490.0-83493.0,-,-,-,2,1,-,1,-,-,-,4
79.8369603,83494.0-83670.0,2,6,6,64,55,2,16,23,-,3,177
79.83,83671.0,-,-,-,-,1,-,-,-,-,-,1
79.82,83672.0-83673.0,-,-,-,-,2,-,-,-,-,-,2
79.81,83674.0,-,-,-,-,1,-,-,-,-,-,1
79.7671884,83675.0-83801.0,-,2,9,47,36,5,9,15,-,4,127
79.76,83802.0,-,-,-,-,1,-,-,-,-,-,1
79.75,83803.0,-,-,-,-,1,-,-,-,-,-,1
79.72,83804.0,-,-,-,1,-,-,-,-,-,-,1
79.7046663,83805.0-83925.0,1,8,2,43,37,2,8,20,-,-,121
79.6966406,83926.0-84085.0,3,4,9,57,43,7,10,21,2,4,160
79.67,84086.0,-,-,-,-,1,-,-,-,-,-,1
79.66,84087.0,-,-,-,-,1,-,-,-,-,-,1
79.61,84088.0-84089.0,-,-,-,-,1,-,-,1,-,-,2
79.5928226,84090.0-84287.0,1,8,3,71,63,6,11,33,-,2,198
79.59,84288.0,-,-,-,1,-,-,-,-,-,-,1
79.5691881,84289.0-84360.0,1,-,-,27,30,1,5,4,1,3,72
79.56,84361.0,-,-,-,-,1,-,-,-,-,-,1
79.5538038,84362.0-84449.0,2,2,3,26,30,-,9,10,3,3,88
79.5076004,84450.0-84573.0,1,5,1,38,32,3,14,23,3,4,124
79.5,84574.0,-,-,-,1,-,-,-,-,-,-,1
79.4793202,84575.0-84774.0,8,8,7,52,61,6,25,21,5,7,200
79.4663048,84775.0-84985.0,6,10,11,76,58,7,11,26,5,1,211
79.4627847,84986.0-85101.0,3,6,2,40,31,6,9,17,-,2,116
79.44,85102.0-85103.0,-,-,-,1,1,-,-,-,-,-,2
79.43,85104.0,-,-,-,-,1,-,-,-,-,-,1
79.379989,85105.0-85321.0,9,11,2,74,63,3,28,21,2,4,217
79.3794141,85322.0-85425.0,2,3,6,33,36,3,6,13,1,1,104
79.3766715,85426.0-85684.0,6,14,4,80,78,3,18,44,1,11,259
79.3692556,85685.0-85913.0,5,3,4,78,64,7,22,40,2,4,229
79.33,85914.0-85915.0,-,-,-,-,2,-,-,-,-,-,2
79.31,85916.0,-,-,-,-,1,-,-,-,-,-,1
79.29,85917.0-85919.0,-,-,-,1,2,-,-,-,-,-,3
79.2630446,85920.0-86056.0,4,2,4,47,37,3,20,17,-,3,137
79.24,86057.0-86058.0,-,-,-,-,2,-,-,-,-,-,2
79.22,86059.0,-,-,-,1,-,-,-,-,-,-,1
79.21,86060.0-86061.0,-,-,-,1,1,-,-,-,-,-,2
79.17,86062.0-86063.0,-,-,-,1,-,-,-,1,-,-,2
79.14,86064.0,-,-,-,1,-,-,-,-,-,-,1
79.11,86065.0-86066.0,-,-,-,-,1,-,1,-,-,-,2
79.0728986,86067.0-86207.0,4,6,5,49,40,4,16,13,3,1,141
79.06,86208.0-86209.0,-,-,-,-,1,-,-,1,-,-,2
79.03,86210.0-86211.0,-,-,-,-,1,-,1,-,-,-,2
79.0264353,86212.0-86349.0,2,4,3,54,37,3,11,21,-,3,138
79.0,86350.0-86351.0,1,-,-,-,1,-,-,-,-,-,2
78.9956692,86352.0-86640.0,9,18,6,102,79,5,16,40,5,9,289
78.975446,86641.0-86815.0,2,10,2,75,48,1,12,18,2,5,175
78.97,86816.0,-,-,-,1,-,-,-,-,-,-,1
78.9492107,86817.0-87089.0,4,11,5,88,76,7,33,44,1,4,273
78.94,87090.0-87093.0,-,-,-,1,3,-,-,-,-,-,4
78.91,87094.0,-,-,-,-,1,-,-,-,-,-,1
78.9025471,87095.0-87175.0,4,2,3,38,22,1,6,3,-,2,81
78.8983322,87176.0-87373.0,-,2,5,77,56,3,24,25,2,4,198
78.890785,87374.0-87694.0,3,17,7,124,79,11,38,26,3,13,321
78.89,87695.0,-,-,-,-,-,-,-,-,-,1,1
78.88,87696.0-87697.0,-,-,-,-,1,-,-,-,1,-,2
78.8724264,87698.0-87827.0,2,5,5,43,41,-,16,12,2,4,130
78.8262695,87828.0-88045.0,8,12,2,79,62,4,20,28,1,2,218
78.82,88046.0-88047.0,-,-,-,-,2,-,-,-,-,-,2
78.733317,88048.0-88208.0,2,5,4,51,49,8,20,17,4,1,161
78.72,88209.0-88210.0,-,-,-,-,1,-,1,-,-,-,2
78.7121389,88211.0-88346.0,3,6,5,44,41,2,18,13,2,2,136
78.71,88347.0-88348.0,-,-,-,-,1,-,1,-,-,-,2
78.699881,88349.0-88528.0,4,6,3,80,43,5,15,20,1,3,180
78.69,88529.0-88531.0,-,-,-,-,3,-,-,-,-,-,3
78.685137,88532.0-88694.0,3,3,1,59,56,4,11,21,1,4,163
78.67,88695.0-88696.0,-,-,-,1,1,-,-,-,-,-,2
78.65,88697.0-88699.0,-,-,-,-,1,-,1,1,-,-,3
78.63,88700.0,-,-,-,-,1,-,-,-,-,-,1
78.61,88701.0,-,-,-,-,1,-,-,-,-,-,1
78.5981492,88702.0-88825.0,1,5,4,41,48,-,11,9,3,2,124
78.59,88826.0,-,-,-,-,-,-,-,1,-,-,1
78.56,88827.0,-,-,1,-,-,-,-,-,-,-,1
78.53,88828.0-88829.0,-,-,-,1,1,-,-,-,-,-,2
78.49,88830.0,-,-,-,-,1,-,-,-,-,-,1
78.4699621,88831.0-88976.0,7,3,1,55,36,1,22,17,2,2,146
78.46,88977.0,-,-,-,-,1,-,-,-,-,-,1
78.45,88978.0,-,-,-,-,1,-,-,-,-,-,1
78.44,88979.0,-,-,-,-,1,-,-,-,-,-,1
78.42,88980.0,-,-,-,-,1,-,-,-,-,-,1
78.4082225,88981.0-89125.0,4,5,2,47,49,-,19,15,4,-,145
78.39,89126.0-89127.0,-,-,-,-,1,-,-,-,1,-,2
78.37,89128.0,-,-,-,-,-,1,-,-,-,-,1
78.35,89129.0,-,-,-,-,1,-,-,-,-,-,1
78.3451044,89130.0-89252.0,1,9,1,40,47,3,10,10,-,2,123
78.34,89253.0,-,-,-,-,1,-,-,-,-,-,1
78.33,89254.0-89255.0,-,-,-,1,1,-,-,-,-,-,2
78.2850242,89256.0-89457.0,3,6,4,85,62,4,14,19,2,3,202
78.26,89458.0,-,-,-,-,1,-,-,-,-,-,1
78.24,89459.0-89460.0,-,-,-,-,1,1,-,-,-,-,2
78.23,89461.0-89462.0,-,-,-,1,1,-,-,-,-,-,2
78.22,89463.0-89464.0,-,-,-,-,1,-,1,-,-,-,2
78.21,89465.0-89466.0,-,-,-,-,2,-,-,-,-,-,2
78.1913582,89467.0-89732.0,13,9,7,87,69,5,33,27,5,11,266
78.1871974,89733.0-89875.0,5,15,4,48,42,3,11,12,2,1,143
78.18,89876.0,-,-,-,1,-,-,-,-,-,-,1
78.11,89877.0-89882.0,-,-,-,1,5,-,-,-,-,-,6
78.0816199,89883.0-90112.0,7,6,6,75,62,6,26,31,1,10,230
78.06,90113.0-90116.0,-,-,-,1,1,-,1,1,-,-,4
78.05,90117.0,-,-,-,-,-,-,1,-,-,-,1
78.0162614,90118.0-90224.0,-,3,1,42,31,1,17,11,1,-,107
78.0,90225.0-90231.0,-,-,-,-,4,-,2,1,-,-,7
77.9589871,90232.0-90470.0,6,9,8,76,68,5,23,30,4,10,239
77.94,90471.0-90472.0,-,-,-,1,-,-,1,-,-,-,2
77.937978,90473.0-90700.0,3,10,3,83,61,4,31,30,-,3,228
77.9303712,90701.0-90857.0,1,10,4,58,46,3,9,21,1,4,157
77.93,90858.0,-,-,-,-,1,-,-,-,-,-,1
77.9049638,90859.0-91064.0,4,7,5,76,58,5,20,24,3,4,206
77.89,91065.0-91070.0,-,-,-,1,3,-,2,-,-,-,6
77.8890571,91071.0-91243.0,4,7,3,65,47,5,14,24,2,2,173
77.88,91244.0,-,-,-,-,1,-,-,-,-,-,1
77.8612083,91245.0-91487.0,11,12,9,77,64,5,31,26,6,2,243
77.84,91488.0,-,-,-,-,1,-,-,-,-,-,1
77.83,91489.0-91491.0,-,-,-,1,-,-,1,1,-,-,3
77.82,91492.0,-,-,-,-,1,-,-,-,-,-,1
77.78,91493.0,-,-,-,-,-,1,-,-,-,-,1
77.77,91494.0,-,-,-,1,-,-,-,-,-,-,1
77.76,91495.0-91496.0,-,-,-,-,1,-,1,-,-,-,2
77.741426,91497.0-91767.0,9,10,9,69,92,5,41,21,6,9,271
77.7384664,91768.0-91931.0,-,7,2,66,52,3,15,18,-,1,164
77.72,91932.0-91934.0,-,-,-,2,1,-,-,-,-,-,3
77.7140658,91935.0-92122.0,2,8,6,63,56,6,20,24,2,1,188
77.71,92123.0,-,-,-,1,-,-,-,-,-,-,1
77.67,92124.0-92126.0,-,-,-,-,3,-,-,-,-,-,3
77.66,92127.0,-,-,-,-,1,-,-,-,-,-,1
77.65,92128.0-92129.0,-,-,-,-,1,-,-,-,1,-,2
77.64,92130.0-92131.0,-,-,-,1,-,-,1,-,-,-,2
77.6220509,92132.0-92260.0,2,4,1,45,39,7,14,12,2,3,129
77.61,92261.0-92262.0,-,-,-,-,2,-,-,-,-,-,2
77.59,92263.0-92264.0,1,-,-,1,-,-,-,-,-,-,2
77.583794,92265.0-92455.0,4,7,5,72,63,1,17,18,1,3,191
77.56,92456.0,-,-,-,-,1,-,-,-,-,-,1
77.550585,92457.0-92645.0,9,8,4,67,38,5,23,27,4,4,189
77.55,92646.0,-,-,-,-,1,-,-,-,-,-,1
77.540946,92647.0-92780.0,2,5,3,41,41,2,22,15,-,3,134
77.54,92781.0,-,-,-,-,1,-,-,-,-,-,1
77.53,92782.0,-,-,-,-,1,-,-,-,-,-,1
77.5,92783.0,-,-,-,-,1,-,-,-,-,-,1
77.47,92784.0,-,-,-,-,-,-,1,-,-,-,1
77.4501436,92785.0-92994.0,1,10,6,62,69,4,31,14,7,6,210
77.44,92995.0-92997.0,-,-,-,1,1,-,1,-,-,-,3
77.4128766,92998.0-93124.0,4,3,3,39,46,1,11,16,1,3,127
77.41,93125.0,-,-,-,-,1,-,-,-,-,-,1
77.39,93126.0-93127.0,-,-,-,1,-,-,1,-,-,-,2
77.3787188,93128.0-93269.0,3,4,1,55,41,7,11,15,2,3,142
77.3511663,93270.0-93503.0,1,14,7,80,69,3,21,32,4,3,234
77.35,93504.0,-,-,-,-,1,-,-,-,-,-,1
77.32,93505.0,-,-,-,1,-,-,-,-,-,-,1
77.31,93506.0,-,-,-,-,1,-,-,-,-,-,1
77.3,93507.0,-,-,-,-,1,-,-,-,-,-,1
77.29,93508.0-93510.0,-,-,-,-,3,-,-,-,-,-,3
77.28,93511.0-93517.0,-,-,-,4,3,-,-,-,-,-,7
77.2619593,93518.0-93671.0,3,9,6,53,40,2,13,23,2,3,154
77.24,93672.0,-,-,-,-,-,-,1,-,-,-,1
77.2289819,93673.0-93992.0,11,6,4,130,83,9,23,38,3,13,320
77.22,93993.0-93994.0,-,-,-,1,1,-,-,-,-,-,2
77.2143105,93995.0-94141.0,4,8,3,58,39,3,8,18,1,5,147
77.1955616,94142.0-94388.0,3,9,6,82,76,5,31,29,4,2,247
77.18,94389.0,-,-,-,1,-,-,-,-,-,-,1
77.17,94390.0-94391.0,-,-,-,-,1,-,1,-,-,-,2
77.16,94392.0,-,-,-,1,-,-,-,-,-,-,1
77.14,94393.0,-,-,-,1,-,-,-,-,-,-,1
77.11,94394.0-94395.0,-,-,-,-,1,-,1,-,-,-,2
77.0914416,94396.0-94505.0,4,2,2,33,43,3,8,12,1,2,110
77.09,94506.0-94507.0,-,-,-,-,1,-,1,-,-,-,2
77.06,94508.0,-,-,-,1,-,-,-,-,-,-,1
77.05,94509.0,-,-,-,-,1,-,-,-,-,-,1
77.022977,94510.0-94664.0,1,4,3,47,49,4,16,22,2,7,155
77.0,94665.0-94669.0,-,-,-,1,3,1,-,-,-,-,5
76.973775,94670.0-94870.0,3,9,4,75,54,2,19,21,4,10,201
76.94,94871.0-94874.0,-,-,-,-,2,-,-,-,1,1,4
76.91,94875.0,-,-,-,-,1,-,-,-,-,-,1
76.89,94876.0-94878.0,-,-,-,-,3,-,-,-,-,-,3
76.88,94879.0-94880.0,-,-,-,-,1,-,-,-,-,1,2
76.86,94881.0,-,-,-,-,1,-,-,-,-,-,1
76.84,94882.0,1,-,-,-,-,-,-,-,-,-,1
76.83,94883.0-94886.0,1,-,-,-,2,-,1,-,-,-,4
76.82,94887.0,-,-,-,-,1,-,-,-,-,-,1
76.7952218,94888.0-95230.0,8,12,6,114,98,2,39,49,2,13,343
76.79,95231.0,-,-,-,-,1,-,-,-,-,-,1
76.78,95232.0-95234.0,-,-,-,1,1,-,-,1,-,-,3
76.76,95235.0-95236.0,-,-,-,-,2,-,-,-,-,-,2
76.72,95237.0,-,-,-,-,-,-,-,1,-,-,1
76.71,95238.0-95239.0,-,-,-,2,-,-,-,-,-,-,2
76.6993653,95240.0-95396.0,3,7,4,56,37,2,19,26,2,1,157
76.69,95397.0,-,-,-,-,1,-,-,-,-,-,1
76.6875679,95398.0-95580.0,5,6,8,67,39,3,25,22,4,4,183
76.68,95581.0,-,-,-,-,1,-,-,-,-,-,1
76.67,95582.0-95585.0,-,-,-,-,2,-,1,1,-,-,4
76.65,95586.0,-,-,-,1,-,-,-,-,-,-,1
76.63,95587.0,-,-,-,1,-,-,-,-,-,-,1
76.61,95588.0-95589.0,-,-,-,-,1,-,1,-,-,-,2
76.5995199,95590.0-95848.0,4,11,8,92,79,7,22,28,5,3,259
76.59,95849.0,-,-,-,-,1,-,-,-,-,-,1
76.57,95850.0,-,-,-,-,1,-,-,-,-,-,1
76.56,95851.0,-,-,-,-,1,-,-,-,-,-,1
76.53,95852.0-95853.0,-,-,-,1,1,-,-,-,-,-,2
76.5235824,95854.0-96052.0,9,7,7,69,57,4,26,16,3,1,199
76.51,96053.0,-,-,-,-,1,-,-,-,-,-,1
76.5032413,96054.0-96238.0,7,5,3,64,44,8,24,23,1,6,185
76.47,96239.0,-,-,-,1,-,-,-,-,-,-,1
76.468112,96240.0-96479.0,5,7,5,90,60,2,34,31,5,1,240
76.46,96480.0-96481.0,-,-,-,-,2,-,-,-,-,-,2
76.4503291,96482.0-96620.0,2,4,2,44,41,1,17,24,3,1,139
76.44,96621.0,-,-,-,-,1,-,-,-,-,-,1
76.4346337,96622.0-96789.0,1,4,5,62,50,7,15,21,-,3,168
76.43,96790.0,-,-,-,-,1,-,-,-,-,-,1
76.41,96791.0,1,-,-,-,-,-,-,-,-,-,1
76.4,96792.0,1,-,-,-,-,-,-,-,-,-,1
76.35,96793.0-96794.0,-,-,-,-,2,-,-,-,-,-,2
76.34,96795.0-96796.0,-,-,-,-,1,1,-,-,-,-,2
76.3384255,96797.0-97034.0,5,11,7,73,60,7,34,33,4,4,238
76.3324995,97035.0-97212.0,3,5,5,64,45,1,19,31,3,2,178
76.33,97213.0-97215.0,-,-,-,-,3,-,-,-,-,-,3
76.3286018,97216.0-97503.0,6,17,6,83,85,4,34,42,8,3,288
76.3172626,97504.0-97741.0,10,9,5,77,56,6,32,31,7,5,238
76.29,97742.0-97743.0,-,-,-,-,-,-,-,1,-,1,2
76.28,97744.0-97748.0,-,1,-,-,3,-,-,-,1,-,5
76.2668468,97749.0-97990.0,8,9,6,84,80,6,19,24,3,3,242
76.2591061,97991.0-98152.0,5,10,3,50,37,8,18,28,1,2,162
76.24,98153.0-98155.0,-,1,-,2,-,-,-,-,-,-,3
76.22,98156.0,-,-,-,-,1,-,-,-,-,-,1
76.1726079,98157.0-98298.0,2,5,1,59,39,1,16,12,4,3,142
76.17,98299.0-98301.0,-,-,-,-,3,-,-,-,-,-,3
76.16,98302.0,1,-,-,-,-,-,-,-,-,-,1
76.14,98303.0,-,-,-,-,-,-,1,-,-,-,1
76.131941,98304.0-98396.0,1,5,1,29,32,3,10,10,1,1,93
76.12,98397.0-98398.0,-,-,-,-,2,-,-,-,-,-,2
76.11,98399.0-98404.0,-,-,-,2,3,-,1,-,-,-,6
76.099588,98405.0-98698.0,9,10,7,98,87,2,33,32,2,14,294
76.06,98699.0-98705.0,1,-,1,2,2,-,1,-,-,-,7
76.0,98706.0,-,1,-,-,-,-,-,-,-,-,1
75.9743237,98707.0-98855.0,2,7,2,53,42,6,14,20,-,3,149
75.94,98856.0-98861.0,-,-,-,1,4,-,-,1,-,-,6
75.9291421,98862.0-98997.0,3,7,1,39,40,7,10,25,1,3,136
75.9,98998.0,-,-,-,1,-,-,-,-,-,-,1
75.89,98999.0-99001.0,-,-,-,1,1,-,1,-,-,-,3
75.88,99002.0,-,-,-,-,1,-,-,-,-,-,1
75.86,99003.0,-,-,-,-,1,-,-,-,-,-,1
75.8548894,99004.0-99236.0,6,6,6,87,63,3,25,28,1,8,233
75.84,99237.0,-,-,-,-,1,-,-,-,-,-,1
75.83,99238.0-99239.0,-,-,-,-,1,-,-,-,-,1,2
75.82,99240.0-99241.0,-,-,-,1,1,-,-,-,-,-,2
75.78,99242.0-99243.0,-,-,-,-,1,-,1,-,-,-,2
75.77,99244.0-99245.0,-,-,-,-,2,-,-,-,-,-,2
75.76,99246.0,-,-,-,-,-,-,1,-,-,-,1
75.72,99247.0-99248.0,-,-,-,2,-,-,-,-,-,-,2
75.71,99249.0-99252.0,-,-,-,-,1,-,2,1,-,-,4
75.67,99253.0-99256.0,-,-,-,1,3,-,-,-,-,-,4
75.65,99257.0,-,-,-,-,-,-,-,1,-,-,1
75.64,99258.0-99260.0,-,-,-,1,-,-,2,-,-,-,3
75.6280193,99261.0-99484.0,3,14,5,92,53,4,21,21,3,8,224
75.62,99485.0,-,-,-,-,1,-,-,-,-,-,1
75.61,99486.0-99489.0,-,-,-,1,2,-,1,-,-,-,4
75.6051641,99490.0-99670.0,2,7,3,63,67,2,17,17,-,3,181
75.6,99671.0,-,-,-,-,1,-,-,-,-,-,1
75.56,99672.0-99675.0,-,-,-,2,-,-,1,-,-,1,4
75.54,99676.0,-,-,-,-,1,-,-,-,-,-,1
75.53,99677.0,-,-,-,-,1,-,-,-,-,-,1
75.5,99678.0-99680.0,-,1,-,-,2,-,-,-,-,-,3
75.48,99681.0-99682.0,-,-,-,-,2,-,-,-,-,-,2
75.4755316,99683.0-99872.0,2,9,5,68,51,12,18,22,2,1,190
75.47,99873.0,-,-,-,-,1,-,-,-,-,-,1
75.45,99874.0,-,-,-,-,-,-,-,-,1,-,1
75.4489132,99875.0-100167.0,10,13,9,99,69,3,34,42,10,4,293
75.44,100168.0,-,-,-,-,1,-,-,-,-,-,1
75.43,100169.0,-,-,-,1,-,-,-,-,-,-,1
75.41,100170.0-100171.0,-,-,-,1,1,-,-,-,-,-,2
75.406809,100172.0-100319.0,1,5,4,59,45,4,8,19,1,2,148
75.39,100320.0-100322.0,-,-,-,1,2,-,-,-,-,-,3
75.37,100323.0-100326.0,-,-,-,1,2,-,-,-,-,1,4
75.35,100327.0,-,-,-,-,1,-,-,-,-,-,1
75.33,100328.0-100332.0,-,-,-,1,3,-,1,-,-,-,5
75.32,100333.0,-,-,-,1,-,-,-,-,-,-,1
75.29,100334.0-100335.0,-,-,-,-,1,-,-,-,-,1,2
75.28,100336.0,-,-,-,1,-,-,-,-,-,-,1
75.26,100337.0,-,-,-,-,1,-,-,-,-,-,1
75.242318,100338.0-100645.0,6,21,12,102,71,3,34,41,6,12,308
75.24,100646.0-100647.0,-,-,-,1,-,-,1,-,-,-,2
75.2331528,100648.0-100922.0,5,7,4,74,103,5,29,31,7,10,275
75.22,100923.0-100924.0,-,-,-,1,-,-,-,1,-,-,2
75.2153333,100925.0-101152.0,3,11,9,49,75,2,39,28,3,9,228
75.2,101153.0,-,-,-,-,1,-,-,-,-,-,1
75.18,101154.0,-,-,-,-,1,-,-,-,-,-,1
75.1704646,101155.0-101375.0,5,14,6,80,63,3,20,23,4,3,221
75.17,101376.0,-,-,-,-,1,-,-,-,-,-,1
75.16,101377.0,-,-,-,-,1,-,-,-,-,-,1
75.1493199,101378.0-101485.0,-,2,3,45,34,-,8,12,-,4,108
75.14,101486.0,-,-,-,-,1,-,-,-,-,-,1
75.110975,101487.0-101638.0,5,4,6,59,40,7,14,15,-,2,152
75.11,101639.0-101640.0,-,-,-,1,1,-,-,-,-,-,2
75.0953827,101641.0-101790.0,2,7,5,56,34,2,22,17,2,3,150
75.06,101791.0-101795.0,-,-,-,1,3,-,1,-,-,-,5
75.03,101796.0-101799.0,-,-,-,1,2,-,1,-,-,-,4
75.0,101800.0-101847.0,2,3,-,7,25,1,2,2,4,2,48
74.9893249,101848.0-102065.0,3,9,8,84,51,6,17,34,3,3,218
74.9818126,102066.0-102236.0,2,6,3,58,47,4,23,22,-,6,171
74.97,102237.0-102247.0,2,1,1,-,7,-,-,-,-,-,11
74.96,102248.0-102251.0,-,-,-,1,1,-,2,-,-,-,4
74.95,102252.0,-,-,-,1,-,-,-,-,-,-,1
74.94,102253.0,-,-,-,1,-,-,-,-,-,-,1
74.8210845,102254.0-102523.0,4,15,3,98,79,6,23,31,3,8,270
74.8112584,102524.0-102761.0,5,8,5,86,64,9,22,29,4,6,238
74.8088122,102762.0-103038.0,9,12,7,97,70,5,34,28,5,10,277
74.75684,103039.0-103255.0,4,7,6,87,54,6,15,27,9,2,217
74.7351841,103256.0-103433.0,3,6,5,63,48,3,16,25,6,3,178
74.6853954,103434.0-103613.0,-,9,4,58,53,6,19,25,5,1,180
74.6516923,103614.0-103773.0,1,6,1,44,51,7,19,25,-,6,160
74.6275026,103774.0-104007.0,5,8,4,91,59,9,29,23,2,4,234
74.6217331,104008.0-104158.0,7,8,3,47,41,7,14,22,-,2,151
74.59,104159.0,-,-,-,-,1,-,-,-,-,-,1
74.5525612,104160.0-104460.0,6,11,6,106,69,9,37,39,9,9,301
74.46,104461.0,-,-,-,-,1,-,-,-,-,-,1
74.44,104462.0,-,-,-,1,-,-,-,-,-,-,1
74.4163823,104463.0-104792.0,7,11,11,107,90,10,44,37,4,9,330
74.41,104793.0-104794.0,-,-,-,1,1,-,-,-,-,-,2
74.4,104795.0,-,-,-,1,-,-,-,-,-,-,1
74.39,104796.0-104797.0,-,-,-,1,1,-,-,-,-,-,2
74.35,104798.0-104800.0,-,-,-,1,2,-,-,-,-,-,3
74.33,104801.0-104803.0,-,-,-,1,1,-,-,1,-,-,3
74.31,104804.0,-,-,-,-,-,-,1,-,-,-,1
74.28,104805.0-104807.0,-,-,-,-,3,-,-,-,-,-,3
74.27,104808.0,-,-,-,-,1,-,-,-,-,-,1
74.26,104809.0-104810.0,-,-,-,-,1,-,-,1,-,-,2
74.24,104811.0-104813.0,-,-,-,2,-,-,-,-,1,-,3
74.23,104814.0-104815.0,-,1,-,-,-,-,-,1,-,-,2
74.2209832,104816.0-105082.0,6,7,4,94,76,8,34,22,6,10,267
74.22,105083.0-105089.0,-,2,-,-,4,-,1,-,-,-,7
74.21,105090.0,-,-,-,1,-,-,-,-,-,-,1
74.1899324,105091.0-105286.0,5,4,7,72,50,6,21,26,3,2,196
74.18,105287.0-105288.0,-,-,-,2,-,-,-,-,-,-,2
74.17,105289.0-105293.0,-,-,-,1,3,-,1,-,-,-,5
74.1334872,105294.0-105472.0,4,7,5,52,56,3,21,27,2,2,179
74.12,105473.0,-,-,-,1,-,-,-,-,-,-,1
74.112751,105474.0-105610.0,4,1,4,58,38,3,10,9,3,7,137
74.11,105611.0-105614.0,-,1,-,-,2,-,1,-,-,-,4
74.0786749,105615.0-105836.0,5,15,5,72,64,4,20,28,3,6,222
74.06,105837.0-105844.0,-,-,1,1,4,-,1,-,-,1,8
74.05,105845.0,-,-,-,-,1,-,-,-,-,-,1
74.0,105846.0-105852.0,-,-,-,4,2,-,-,1,-,-,7
73.9721817,105853.0-106027.0,5,7,4,59,50,-,21,26,-,3,175
73.95,106028.0,-,-,-,-,1,-,-,-,-,-,1
73.94,106029.0-106036.0,1,-,-,2,5,-,-,-,-,-,8
73.93,106037.0-106038.0,-,-,-,-,2,-,-,-,-,-,2
73.91,106039.0-106041.0,-,-,-,-,3,-,-,-,-,-,3
73.9021728,106042.0-106366.0,7,11,7,90,102,6,50,31,9,12,325
73.9,106367.0,-,-,-,-,1,-,-,-,-,-,1
73.89,106368.0-106372.0,-,-,-,-,4,-,-,-,-,1,5
73.88,106373.0-106374.0,1,-,-,-,1,-,-,-,-,-,2
73.83,106375.0-106379.0,-,-,-,1,4,-,-,-,-,-,5
73.82,106380.0,-,-,-,-,1,-,-,-,-,-,1
73.78,106381.0-106383.0,-,-,-,-,2,-,-,-,-,1,3
73.7754477,106384.0-106538.0,5,6,4,54,38,4,19,17,3,5,155
73.77,106539.0,-,-,-,-,1,-,-,-,-,-,1
73.76,106540.0,-,-,-,1,-,-,-,-,-,-,1
73.75,106541.0,-,-,-,1,-,-,-,-,-,-,1
73.74,106542.0,-,-,-,-,1,-,-,-,-,-,1
73.72,106543.0-106545.0,-,-,-,1,2,-,-,-,-,-,3
73.71,106546.0-106551.0,-,-,-,1,3,-,1,1,-,-,6
73.676029,106552.0-106783.0,3,7,10,89,66,4,20,25,2,6,232
73.67,106784.0-106788.0,-,1,-,-,3,-,1,-,-,-,5
73.6510161,106789.0-106951.0,1,10,7,52,47,6,14,20,3,3,163
73.65,106952.0-106957.0,-,-,-,1,3,-,2,-,-,-,6
73.64,106958.0,1,-,-,-,-,-,-,-,-,-,1
73.61,106959.0-106963.0,1,-,-,-,3,-,1,-,-,-,5
73.59,106964.0-106965.0,-,-,-,1,1,-,-,-,-,-,2
73.58,106966.0-106968.0,-,-,-,-,2,-,1,-,-,-,3
73.57,106969.0-106971.0,1,-,-,1,1,-,-,-,-,-,3
73.5651108,106972.0-107141.0,5,7,4,61,45,4,15,23,2,4,170
73.56,107142.0-107146.0,-,2,-,1,2,-,-,-,-,-,5
73.54,107147.0-107148.0,-,-,-,-,1,1,-,-,-,-,2
73.5,107149.0-107150.0,-,-,-,-,2,-,-,-,-,-,2
73.49,107151.0-107153.0,-,-,-,-,2,-,1,-,-,-,3
73.44,107154.0-107160.0,-,-,-,1,3,-,2,-,1,-,7
73.41,107161.0-107162.0,-,-,-,1,1,-,-,-,-,-,2
73.39,107163.0,-,-,-,1,-,-,-,-,-,-,1
73.38,107164.0-107165.0,-,1,-,-,1,-,-,-,-,-,2
73.37,107166.0-107168.0,-,-,-,1,2,-,-,-,-,-,3
73.35,107169.0,-,-,-,-,1,-,-,-,-,-,1
73.3487346,107170.0-107457.0,5,10,3,89,69,2,40,51,6,13,288
73.3356624,107458.0-107636.0,3,5,7,58,60,2,13,23,3,5,179
73.33,107637.0-107642.0,-,-,-,1,4,-,1,-,-,-,6
73.2908824,107643.0-107921.0,5,11,9,107,73,4,27,37,2,4,279
73.29,107922.0,-,-,-,1,-,-,-,-,-,-,1
73.2860799,107923.0-108085.0,1,10,2,58,46,3,16,20,4,3,163
73.28,108086.0-108090.0,-,-,-,-,4,-,1,-,-,-,5
73.27,108091.0,-,-,-,-,1,-,-,-,-,-,1
73.262321,108092.0-108285.0,4,5,4,60,60,3,22,24,5,7,194
73.26,108286.0-108288.0,-,-,-,-,3,-,-,-,-,-,3
73.24,108289.0-108290.0,-,-,-,1,-,-,1,-,-,-,2
73.22,108291.0-108295.0,1,-,-,1,2,-,-,-,1,-,5
73.2109713,108296.0-108604.0,11,12,7,115,87,7,26,28,9,7,309
73.21,108605.0,-,-,-,-,-,-,-,-,-,1,1
73.2041877,108606.0-108779.0,5,9,5,67,44,2,19,17,2,4,174
73.2,108780.0,-,-,-,-,1,-,-,-,-,-,1
73.17,108781.0-108782.0,-,-,-,1,1,-,-,-,-,-,2
73.16,108783.0-108786.0,-,-,-,-,4,-,-,-,-,-,4
73.14,108787.0-108788.0,-,-,-,-,1,-,-,1,-,-,2
73.11,108789.0-108794.0,-,1,-,1,3,-,-,-,-,1,6
73.1,108795.0,-,-,-,-,-,-,1,-,-,-,1
73.09,108796.0-108798.0,-,-,-,1,2,-,-,-,-,-,3
73.0844718,108799.0-108982.0,4,10,5,71,45,5,20,17,3,4,184
73.06,108983.0-108993.0,-,1,-,2,7,-,1,-,-,-,11
73.05,108994.0,-,-,-,-,1,-,-,-,-,-,1
73.04,108995.0,-,-,-,-,-,-,-,-,1,-,1
73.03,108996.0,-,-,-,-,1,-,-,-,-,-,1
73.0237189,108997.0-109208.0,7,8,3,69,67,5,16,28,5,4,212
73.0,109209.0-109212.0,-,-,-,-,4,-,-,-,-,-,4
72.9916849,109213.0-109493.0,7,6,2,102,80,4,34,32,8,6,281
72.9906413,109494.0-109744.0,8,6,7,93,60,4,32,31,5,5,251
72.97,109745.0,-,-,-,-,-,-,1,-,-,-,1
72.96,109746.0-109748.0,-,-,-,-,1,-,2,-,-,-,3
72.94,109749.0-109754.0,-,-,-,1,4,-,1,-,-,-,6
72.9249982,109755.0-110055.0,6,14,6,124,63,8,30,35,7,8,301
72.91,110056.0,-,-,-,-,1,-,-,-,-,-,1
72.9,110057.0,-,-,-,-,1,-,-,-,-,-,1
72.89,110058.0-110064.0,-,-,-,2,5,-,-,-,-,-,7
72.88,110065.0-110066.0,-,-,-,2,-,-,-,-,-,-,2
72.87,110067.0,-,-,-,-,1,-,-,-,-,-,1
72.86,110068.0,-,-,-,-,-,-,1,-,-,-,1
72.8488305,110069.0-110178.0,3,6,5,30,33,5,11,13,1,3,110
72.83,110179.0-110183.0,-,-,-,-,4,-,1,-,-,-,5
72.82,110184.0-110186.0,-,-,-,-,2,-,-,1,-,-,3
72.8027463,110187.0-110404.0,4,8,7,81,61,6,20,22,2,7,218
72.78,110405.0-110407.0,-,-,-,-,3,-,-,-,-,-,3
72.76,110408.0,-,-,-,1,-,-,-,-,-,-,1
72.74,110409.0,-,1,-,-,-,-,-,-,-,-,1
72.72,110410.0-110414.0,-,1,-,-,3,-,1,-,-,-,5
72.71,110415.0,-,-,-,-,1,-,-,-,-,-,1
72.69,110416.0,-,-,-,-,1,-,-,-,-,-,1
72.6740126,110417.0-110636.0,4,11,6,62,70,8,29,17,5,8,220
72.67,110637.0-110642.0,-,-,-,2,4,-,-,-,-,-,6
72.65,110643.0,-,-,-,-,1,-,-,-,-,-,1
72.61,110644.0-110645.0,-,-,-,1,1,-,-,-,-,-,2
72.59,110646.0-110649.0,-,-,-,1,3,-,-,-,-,-,4
72.5793422,110650.0-110816.0,3,10,1,54,56,2,18,18,2,3,167
72.56,110817.0-110820.0,1,-,-,2,1,-,-,-,-,-,4
72.5330927,110821.0-111104.0,8,9,15,83,89,5,38,23,6,8,284
72.53,111105.0-111106.0,-,-,-,1,1,-,-,-,-,-,2
72.51,111107.0,-,-,-,-,1,-,-,-,-,-,1
72.5022286,111108.0-111427.0,5,19,7,123,61,8,32,51,6,8,320
72.5,111428.0-111430.0,-,-,-,1,1,-,1,-,-,-,3
72.47,111431.0-111434.0,-,-,-,1,3,-,-,-,-,-,4
72.46,111435.0-111437.0,-,-,-,-,2,-,1,-,-,-,3
72.44,111438.0-111441.0,-,-,-,-,4,-,-,-,-,-,4
72.43,111442.0-111443.0,-,-,-,-,-,-,2,-,-,-,2
72.4223602,111444.0-111659.0,4,9,3,88,52,5,25,22,3,5,216
72.41,111660.0-111661.0,-,-,-,1,1,-,-,-,-,-,2
72.4,111662.0-111663.0,-,-,-,1,-,-,1,-,-,-,2
72.39,111664.0-111666.0,-,1,-,1,-,-,1,-,-,-,3
72.3814647,111667.0-111849.0,3,4,4,67,59,4,15,20,3,4,183
72.3753397,111850.0-112128.0,13,9,7,111,69,7,21,28,6,8,279
72.36,112129.0-112131.0,-,-,-,2,-,-,1,-,-,-,3
72.35,112132.0-112134.0,-,-,-,1,2,-,-,-,-,-,3
72.33,112135.0,-,-,-,1,-,-,-,-,-,-,1
72.3251186,112136.0-112317.0,10,8,4,60,47,6,13,25,6,3,182
72.29,112318.0,-,1,-,-,-,-,-,-,-,-,1
72.28,112319.0-112323.0,-,-,-,3,2,-,-,-,-,-,5
72.26,112324.0,-,-,-,1,-,-,-,-,-,-,1
72.24,112325.0,-,-,-,-,1,-,-,-,-,-,1
72.22,112326.0-112329.0,-,-,-,1,3,-,-,-,-,-,4
72.21,112330.0,-,-,-,-,1,-,-,-,-,-,1
72.1871837,112331.0-112515.0,4,7,9,71,49,2,15,23,2,3,185
72.17,112516.0-112520.0,-,1,-,1,3,-,-,-,-,-,5
72.12,112521.0-112524.0,-,-,-,-,3,1,-,-,-,-,4
72.11,112525.0-112530.0,-,-,-,3,2,-,1,-,-,-,6
72.1,112531.0,-,-,-,1,-,-,-,-,-,-,1
72.06,112532.0-112537.0,-,-,-,-,1,-,2,-,3,-,6
72.0579403,112538.0-112769.0,3,8,5,87,62,3,23,37,1,3,232
72.05,112770.0,-,-,-,-,1,-,-,-,-,-,1
72.0373703,112771.0-112950.0,5,8,6,64,52,6,11,24,-,4,180
72.0,112951.0-112960.0,1,-,-,4,4,1,-,-,-,-,10
71.94,112961.0-112972.0,-,2,-,-,8,-,2,-,-,-,12
71.93,112973.0,-,-,-,-,1,-,-,-,-,-,1
71.9146758,112974.0-113340.0,3,13,6,132,104,8,44,45,2,10,367
71.91,113341.0,-,-,-,-,1,-,-,-,-,-,1
71.89,113342.0-113347.0,-,-,-,3,3,-,-,-,-,-,6
71.88,113348.0,-,-,-,-,1,-,-,-,-,-,1
71.85,113349.0,-,1,-,-,-,-,-,-,-,-,1
71.84,113350.0,-,-,-,-,1,-,-,-,-,-,1
71.83,113351.0-113356.0,-,-,1,1,2,-,1,-,1,-,6
71.82,113357.0,-,-,-,1,-,-,-,-,-,-,1
71.78,113358.0-113359.0,-,-,-,-,2,-,-,-,-,-,2
71.77,113360.0-113361.0,-,-,-,-,2,-,-,-,-,-,2
71.7660957,113362.0-113561.0,7,4,8,81,50,3,21,25,-,1,200
71.76,113562.0-113565.0,-,-,-,-,3,-,1,-,-,-,4
71.7544603,113566.0-113711.0,6,2,6,44,39,6,18,20,2,3,146
71.7479911,113712.0-113915.0,7,7,5,67,51,8,17,31,3,8,204
71.74,113916.0-113917.0,-,-,-,1,1,-,-,-,-,-,2
71.72,113918.0-113923.0,-,-,-,-,4,-,1,-,1,-,6
71.71,113924.0-113926.0,-,-,-,1,2,-,-,-,-,-,3
71.68,113927.0,-,-,-,-,1,-,-,-,-,-,1
71.67,113928.0-113931.0,-,-,-,-,3,-,1,-,-,-,4
71.66,113932.0,-,-,-,1,-,-,-,-,-,-,1
71.65,113933.0-113935.0,-,-,1,-,1,-,1,-,-,-,3
71.62,113936.0,-,-,-,-,-,-,1,-,-,-,1
71.61,113937.0-113941.0,-,-,-,2,1,-,2,-,-,-,5
71.6,113942.0,-,-,-,-,1,-,-,-,-,-,1
71.5917775,113943.0-114121.0,4,11,4,50,56,3,21,22,1,7,179
71.59,114122.0-114125.0,-,-,-,1,3,-,-,-,-,-,4
71.56,114126.0-114130.0,-,-,-,1,4,-,-,-,-,-,5
71.54,114131.0-114132.0,-,-,-,-,1,-,1,-,-,-,2
71.53,114133.0-114134.0,-,-,-,-,2,-,-,-,-,-,2
71.5294662,114135.0-114297.0,1,4,4,60,47,5,11,25,2,4,163
71.5,114298.0-114304.0,1,-,1,2,3,-,-,-,-,-,7
71.49,114305.0,-,-,-,-,-,-,-,-,1,-,1
71.4864246,114306.0-114642.0,4,16,10,95,92,6,54,41,6,13,337
71.48,114643.0,-,-,-,-,1,-,-,-,-,-,1
71.4785529,114644.0-114870.0,10,9,7,77,60,1,31,23,3,6,227
71.47,114871.0-114875.0,-,-,-,-,3,-,1,1,-,-,5
71.44,114876.0-114878.0,-,-,-,-,3,-,-,-,-,-,3
71.4377156,114879.0-115140.0,5,12,5,83,72,4,37,31,2,11,262
71.43,115141.0,-,-,-,1,-,-,-,-,-,-,1
71.4142775,115142.0-115370.0,5,9,6,77,62,2,30,33,1,4,229
71.41,115371.0,-,-,-,1,-,-,-,-,-,-,1
71.39,115372.0-115377.0,-,-,-,1,4,-,1,-,-,-,6
71.38,115378.0-115381.0,-,-,-,-,3,-,1,-,-,-,4
71.37,115382.0-115383.0,-,-,-,1,-,-,1,-,-,-,2
71.35,115384.0,-,-,-,-,1,-,-,-,-,-,1
71.33,115385.0-115386.0,-,-,-,1,1,-,-,-,-,-,2
71.32,115387.0,-,-,-,-,1,-,-,-,-,-,1
71.31,115388.0,-,-,-,-,-,-,1,-,-,-,1
71.2894525,115389.0-115592.0,4,10,4,71,61,6,20,25,1,2,204
71.28,115593.0-115594.0,1,-,1,-,-,-,-,-,-,-,2
71.24,115595.0-115596.0,-,-,-,-,2,-,-,-,-,-,2
71.22,115597.0-115599.0,-,-,-,1,1,-,1,-,-,-,3
71.21,115600.0,-,-,-,1,-,-,-,-,-,-,1
71.2,115601.0,-,-,-,-,1,-,-,-,-,-,1
71.19,115602.0,-,-,-,-,1,-,-,-,-,-,1
71.18,115603.0-115604.0,-,-,-,1,1,-,-,-,-,-,2
71.17,115605.0-115606.0,-,-,-,-,2,-,-,-,-,-,2
71.14,115607.0-115608.0,1,-,-,-,1,-,-,-,-,-,2
71.1330463,115609.0-115932.0,9,11,3,103,87,7,53,37,7,7,324
71.13,115933.0-115935.0,-,-,-,-,3,-,-,-,-,-,3
71.12,115936.0-115938.0,-,-,-,-,3,-,-,-,-,-,3
71.1120286,115939.0-116232.0,10,12,5,107,76,9,27,36,5,7,294
71.11,116233.0,-,-,-,-,-,-,1,-,-,-,1
71.1,116234.0,-,-,-,-,1,-,-,-,-,-,1
71.09,116235.0,-,-,-,-,1,-,-,-,-,-,1
71.08,116236.0,-,-,-,-,-,-,-,1,-,-,1
71.06,116237.0-116242.0,1,-,-,1,4,-,-,-,-,-,6
71.05,116243.0-116244.0,-,-,-,-,2,-,-,-,-,-,2
71.0421393,116245.0-116575.0,8,16,8,110,77,6,41,50,9,6,331
71.04,116576.0-116577.0,-,-,-,-,1,-,-,-,1,-,2
71.03,116578.0-116580.0,-,-,-,-,2,-,1,-,-,-,3
71.0,116581.0-116582.0,-,-,-,1,1,-,-,-,-,-,2
70.97,116583.0,-,-,-,-,-,-,-,1,-,-,1
70.96,116584.0,-,-,-,-,1,-,-,-,-,-,1
70.9482593,116585.0-116780.0,4,8,4,82,48,3,23,18,2,4,196
70.94,116781.0-116783.0,-,-,1,1,1,-,-,-,-,-,3
70.9390112,116784.0-117110.0,10,17,7,101,75,11,45,42,9,10,327
70.93,117111.0-117112.0,-,-,-,-,2,-,-,-,-,-,2
70.92,117113.0-117114.0,-,-,-,-,1,-,1,-,-,-,2
70.8903389,117115.0-117425.0,11,13,10,112,83,3,35,32,8,4,311
70.89,117426.0-117434.0,-,-,1,1,5,-,2,-,-,-,9
70.88,117435.0-117437.0,-,1,-,-,1,1,-,-,-,-,3
70.86,117438.0-117440.0,-,-,-,-,3,-,-,-,-,-,3
70.83,117441.0-117444.0,-,-,-,1,3,-,-,-,-,-,4
70.82,117445.0,-,-,-,-,1,-,-,-,-,-,1
70.8,117446.0,-,-,-,-,1,-,-,-,-,-,1
70.79,117447.0-117448.0,-,-,-,1,1,-,-,-,-,-,2
70.78,117449.0-117451.0,1,-,-,1,1,-,-,-,-,-,3
70.76,117452.0,-,-,-,1,-,-,-,-,-,-,1
70.75,117453.0,-,-,-,-,1,-,-,-,-,-,1
70.74,117454.0,-,-,-,-,1,-,-,-,-,-,1
70.733113,117455.0-117631.0,3,6,7,63,54,1,15,19,3,6,177
70.72,117632.0-117634.0,-,-,-,1,2,-,-,-,-,-,3
70.71,117635.0-117636.0,-,-,-,-,2,-,-,-,-,-,2
70.7,117637.0,-,-,-,-,1,-,-,-,-,-,1
70.6987601,117638.0-117840.0,2,7,5,84,53,6,16,21,6,3,203
70.6970324,117841.0-118107.0,10,12,7,93,85,3,17,32,3,5,267
70.68,118108.0,-,-,-,-,1,-,-,-,-,-,1
70.67,118109.0-118114.0,1,-,-,2,2,-,-,-,-,1,6
70.66,118115.0,-,-,-,-,-,-,-,-,1,-,1
70.63,118116.0-118117.0,-,-,-,-,2,-,-,-,-,-,2
70.61,118118.0-118122.0,-,-,1,-,3,-,1,-,-,-,5
70.59,118123.0,-,-,-,-,1,-,-,-,-,-,1
70.57,118124.0-118125.0,-,-,-,1,1,-,-,-,-,-,2
70.56,118126.0-118131.0,1,-,-,2,3,-,-,-,-,-,6
70.53,118132.0,-,-,-,-,1,-,-,-,-,-,1
70.52,118133.0,-,-,-,-,-,-,1,-,-,-,1
70.51,118134.0-118135.0,-,-,-,-,2,-,-,-,-,-,2
70.5,118136.0-118140.0,-,-,-,-,5,-,-,-,-,-,5
70.4858678,118141.0-118347.0,8,5,4,67,63,2,20,29,3,6,207
70.47,118348.0,-,-,-,-,1,-,-,-,-,-,1
70.46,118349.0-118350.0,-,-,-,-,1,-,1,-,-,-,2
70.44,118351.0-118356.0,-,-,-,-,4,-,2,-,-,-,6
70.4215645,118357.0-118571.0,3,10,7,69,60,6,22,32,-,6,215
70.4097117,118572.0-118860.0,5,14,9,119,68,7,25,34,4,4,289
70.3901803,118861.0-119200.0,11,21,8,116,85,5,36,46,5,7,340
70.39,119201.0-119205.0,-,-,-,1,2,-,-,-,2,-,5
70.38,119206.0,-,-,-,-,1,-,-,-,-,-,1
70.37,119207.0,-,-,-,1,-,-,-,-,-,-,1
70.36,119208.0,-,-,-,-,1,-,-,-,-,-,1
70.35,119209.0-119212.0,-,-,-,2,2,-,-,-,-,-,4
70.3444621,119213.0-119459.0,9,8,6,92,62,5,26,29,3,7,247
70.3402566,119460.0-119620.0,5,5,3,64,43,2,10,26,-,3,161
70.34,119621.0,-,-,-,-,1,-,-,-,-,-,1
70.33,119622.0-119624.0,-,-,-,-,3,-,-,-,-,-,3
70.31,119625.0,-,-,-,1,-,-,-,-,-,-,1
70.29,119626.0,-,-,-,-,1,-,-,-,-,-,1
70.28,119627.0-119628.0,-,1,-,1,-,-,-,-,-,-,2
70.27,119629.0,-,-,-,-,-,-,1,-,-,-,1
70.26,119630.0-119632.0,-,-,-,1,2,-,-,-,-,-,3
70.24,119633.0-119634.0,-,-,1,-,1,-,-,-,-,-,2
70.23,119635.0-119636.0,-,-,-,1,1,-,-,-,-,-,2
70.22,119637.0-119639.0,-,-,-,-,2,-,1,-,-,-,3
70.21,119640.0-119641.0,-,-,-,-,2,-,-,-,-,-,2
70.18,119642.0-119643.0,-,-,-,-,1,-,-,-,-,1,2
70.17,119644.0-119651.0,-,-,-,3,2,1,-,1,1,-,8
70.16,119652.0,-,-,-,1,-,-,-,-,-,-,1
70.15,119653.0,-,-,-,-,1,-,-,-,-,-,1
70.11,119654.0,-,-,-,-,1,-,-,-,-,-,1
70.09,119655.0,-,-,-,-,-,-,1,-,-,-,1
70.0706138,119656.0-119906.0,9,7,9,68,74,6,46,21,5,6,251
70.07,119907.0-119909.0,-,-,-,-,3,-,-,-,-,-,3
70.06,119910.0-119913.0,-,-,1,1,1,-,1,-,-,-,4
70.05,119914.0-119915.0,-,-,-,-,2,-,-,-,-,-,2
70.0,119916.0-119920.0,-,-,-,1,3,-,-,1,-,-,5
69.95,119921.0-119922.0,-,-,-,1,1,-,-,-,-,-,2
69.94,119923.0-119931.0,-,-,-,3,6,-,-,-,-,-,9
69.9192754,119932.0-120126.0,3,8,2,74,56,3,20,24,3,2,195
69.91,120127.0,-,-,-,-,-,-,1,-,-,-,1
69.89,120128.0-120134.0,-,-,-,1,5,-,1,-,-,-,7
69.88,120135.0,-,-,-,-,1,-,-,-,-,-,1
69.87,120136.0,-,-,-,-,1,-,-,-,-,-,1
69.8506426,120137.0-120313.0,5,11,4,72,40,5,16,16,4,4,177
69.8418157,120314.0-120519.0,4,4,4,80,51,5,23,27,6,2,206
69.84,120520.0,-,1,-,-,-,-,-,-,-,-,1
69.8303637,120521.0-120720.0,6,10,6,62,50,6,20,33,6,1,200
69.83,120721.0-120723.0,-,-,-,1,1,-,-,1,-,-,3
69.82,120724.0-120725.0,-,-,-,-,2,-,-,-,-,-,2
69.8131691,120726.0-120980.0,2,11,13,93,73,5,25,27,1,5,255
69.78,120981.0-120985.0,-,-,-,-,4,-,1,-,-,-,5
69.7766245,120986.0-121259.0,12,7,9,68,82,9,37,26,10,14,274
69.77,121260.0,-,-,-,-,1,-,-,-,-,-,1
69.7621466,121261.0-121500.0,7,10,5,82,65,2,26,33,3,7,240
69.74,121501.0-121502.0,-,-,-,-,2,-,-,-,-,-,2
69.72,121503.0-121505.0,-,-,-,3,-,-,-,-,-,-,3
69.71,121506.0,-,-,-,-,-,-,1,-,-,-,1
69.69,121507.0,-,-,-,-,1,-,-,-,-,-,1
69.67,121508.0-121510.0,-,-,-,-,3,-,-,-,-,-,3
69.66,121511.0,-,-,-,-,1,-,-,-,-,-,1
69.65,121512.0,-,-,-,-,-,-,1,-,-,-,1
69.64,121513.0-121514.0,-,-,-,-,1,-,1,-,-,-,2
69.63,121515.0-121516.0,-,-,-,-,1,-,1,-,-,-,2
69.61,121517.0-121519.0,-,-,-,-,1,-,1,1,-,-,3
69.6,121520.0,-,-,-,-,1,-,-,-,-,-,1
69.59,121521.0-121522.0,-,-,-,1,-,-,1,-,-,-,2
69.57,121523.0,-,-,-,-,1,-,-,-,-,-,1
69.54,121524.0,-,-,-,-,1,-,-,-,-,-,1
69.53,121525.0-121526.0,-,-,-,-,-,1,1,-,-,-,2
69.5,121527.0-121528.0,-,-,-,-,1,-,-,-,-,1,2
69.49,121529.0-121531.0,-,-,-,1,2,-,-,-,-,-,3
69.48,121532.0,-,-,-,-,1,-,-,-,-,-,1
69.4641016,121533.0-121804.0,4,12,7,88,82,8,34,24,4,9,272
69.44,121805.0-121807.0,-,-,-,-,2,-,1,-,-,-,3
69.41,121808.0,-,-,-,1,-,-,-,-,-,-,1
69.3900327,121809.0-122004.0,-,9,3,71,51,5,26,26,4,1,196
69.39,122005.0-122008.0,-,-,-,1,2,-,1,-,-,-,4
69.37,122009.0-122011.0,-,-,-,-,3,-,-,-,-,-,3
69.33,122012.0-122017.0,-,1,-,1,4,-,-,-,-,-,6
69.3105802,122018.0-122404.0,8,21,13,131,101,4,45,47,4,13,387
69.31,122405.0-122406.0,-,-,-,-,2,-,-,-,-,-,2
69.3,122407.0,-,-,-,-,-,-,1,-,-,-,1
69.28,122408.0,-,-,-,-,-,-,-,1,-,-,1
69.27,122409.0-122410.0,1,-,-,-,1,-,-,-,-,-,2
69.26,122411.0-122412.0,-,-,-,1,1,-,-,-,-,-,2
69.24,122413.0-122414.0,-,-,1,-,1,-,-,-,-,-,2
69.23,122415.0-122418.0,-,-,-,-,4,-,-,-,-,-,4
69.22,122419.0-122420.0,-,-,-,1,1,-,-,-,-,-,2
69.21,122421.0,-,-,-,-,-,1,-,-,-,-,1
69.2,122422.0-122423.0,1,-,-,-,-,1,-,-,-,-,2
69.18,122424.0-122427.0,-,-,-,2,1,-,1,-,-,-,4
69.1748413,122428.0-122618.0,3,9,1,57,52,2,25,33,6,3,191
69.17,122619.0-122622.0,-,-,-,-,2,-,2,-,-,-,4
69.14,122623.0-122625.0,-,-,-,2,1,-,-,-,-,-,3
69.13,122626.0,-,-,-,-,-,-,1,-,-,-,1
69.11,122627.0-122629.0,-,-,-,-,3,-,-,-,-,-,3
69.08,122630.0,-,-,-,-,1,-,-,-,-,-,1
69.06,122631.0-122632.0,-,-,-,1,1,-,-,-,-,-,2
69.03,122633.0-122634.0,-,-,-,1,-,1,-,-,-,-,2
69.0271267,122635.0-122836.0,4,4,3,77,63,6,16,23,3,3,202
69.0,122837.0-122856.0,-,1,-,2,13,-,4,-,-,-,20
68.96,122857.0,-,-,-,-,-,-,1,-,-,-,1
68.9409579,122858.0-123154.0,10,13,3,112,84,7,27,29,2,10,297
68.94,123155.0-123158.0,-,-,-,-,4,-,-,-,-,-,4
68.9346395,123159.0-123366.0,8,12,3,75,53,4,19,23,4,7,208
68.92,123367.0,-,-,-,-,-,-,1,-,-,-,1
68.91,123368.0-123369.0,-,-,-,-,1,-,1,-,-,-,2
68.89,123370.0-123374.0,-,-,-,1,4,-,-,-,-,-,5
68.88,123375.0,-,-,-,-,1,-,-,-,-,-,1
68.87,123376.0-123377.0,-,-,-,-,2,-,-,-,-,-,2
68.83,123378.0-123381.0,-,-,-,1,3,-,-,-,-,-,4
68.82,123382.0-123383.0,-,-,-,1,1,-,-,-,-,-,2
68.8065641,123384.0-123745.0,14,11,12,116,92,8,45,36,16,12,362
68.8,123746.0,-,-,-,-,1,-,-,-,-,-,1
68.78733,123747.0-123889.0,2,6,1,56,31,2,23,14,2,6,143
68.78,123890.0-123897.0,-,1,-,-,6,-,-,-,1,-,8
68.76,123898.0,-,-,-,-,1,-,-,-,-,-,1
68.74,123899.0,-,-,-,-,1,-,-,-,-,-,1
68.7336094,123900.0-124176.0,2,8,8,106,68,9,22,38,6,10,277
68.72,124177.0,-,-,-,-,1,-,-,-,-,-,1
68.71,124178.0-124179.0,-,-,-,-,1,1,-,-,-,-,2
68.6717464,124180.0-124381.0,6,7,4,66,42,6,21,33,9,8,202
68.67,124382.0-124387.0,-,-,-,1,4,-,1,-,-,-,6
68.6498934,124388.0-124764.0,10,15,12,128,99,9,42,45,6,11,377
68.63,124765.0,-,-,-,-,1,-,-,-,-,-,1
68.6254044,124766.0-125082.0,9,12,5,118,96,5,33,27,4,8,317
68.62,125083.0,-,-,-,-,1,-,-,-,-,-,1
68.61,125084.0-125088.0,-,-,-,2,2,-,1,-,-,-,5
68.6031011,125089.0-125434.0,9,10,8,142,63,11,42,46,4,11,346
68.58833,125435.0-125706.0,7,18,8,89,71,1,35,36,3,4,272
68.58,125707.0,-,-,-,-,1,-,-,-,-,-,1
68.56,125708.0-125712.0,-,-,1,1,3,-,-,-,-,-,5
68.53,125713.0-125714.0,-,-,-,-,1,-,-,-,1,-,2
68.51,125715.0-125717.0,-,-,-,1,1,-,1,-,-,-,3
68.5042436,125718.0-125914.0,6,6,3,71,59,8,18,22,-,4,197
68.5,125915.0-125918.0,-,-,-,-,2,-,2,-,-,-,4
68.48,125919.0,-,-,-,-,1,-,-,-,-,-,1
68.47,125920.0-125921.0,-,-,-,-,2,-,-,-,-,-,2
68.46,125922.0-125923.0,-,-,-,1,1,-,-,-,-,-,2
68.44,125924.0-125926.0,-,-,-,1,2,-,-,-,-,-,3
68.43,125927.0,-,-,-,-,1,-,-,-,-,-,1
68.4225402,125928.0-126176.0,4,12,11,96,54,3,32,26,5,6,249
68.42,126177.0-126178.0,-,-,-,1,1,-,-,-,-,-,2
68.41,126179.0-126180.0,-,-,-,1,1,-,-,-,-,-,2
68.39,126181.0-126183.0,-,1,-,1,1,-,-,-,-,-,3
68.34,126184.0-126185.0,-,-,-,-,-,-,2,-,-,-,2
68.33,126186.0-126189.0,-,-,-,2,1,-,1,-,-,-,4
68.32,126190.0,-,-,-,1,-,-,-,-,-,-,1
68.3,126191.0,-,-,-,-,1,-,-,-,-,-,1
68.2993965,126192.0-126478.0,3,15,7,104,71,4,35,34,7,7,287
68.26,126479.0-126482.0,-,-,-,-,4,-,-,-,-,-,4
68.24,126483.0-126485.0,-,-,-,-,3,-,-,-,-,-,3
68.23,126486.0,-,-,-,1,-,-,-,-,-,-,1
68.22,126487.0-126489.0,-,-,-,-,2,-,1,-,-,-,3
68.21,126490.0,-,-,-,1,-,-,-,-,-,-,1
68.18,126491.0-126492.0,-,-,-,1,1,-,-,-,-,-,2
68.17,126493.0-126498.0,-,-,-,-,6,-,-,-,-,-,6
68.16,126499.0,-,-,-,1,-,-,-,-,-,-,1
68.15,126500.0,-,-,-,-,1,-,-,-,-,-,1
68.1448034,126501.0-126711.0,1,6,2,71,61,6,26,30,3,5,211
68.11,126712.0-126715.0,-,-,-,2,2,-,-,-,-,-,4
68.1,126716.0-126718.0,-,-,-,-,1,-,1,-,1,-,3
68.063194,126719.0-126937.0,6,13,7,84,59,5,24,16,2,3,219
68.06,126938.0-126943.0,1,-,-,2,3,-,-,-,-,-,6
68.05,126944.0,-,-,-,-,1,-,-,-,-,-,1
68.0484125,126945.0-127283.0,8,15,10,132,69,3,38,51,7,6,339
68.0,127284.0-127292.0,-,-,-,1,7,-,1,-,-,-,9
67.967082,127293.0-127497.0,7,6,8,80,47,6,21,27,-,3,205
67.9621973,127498.0-127691.0,2,5,6,72,57,7,17,24,3,1,194
67.95,127692.0,-,-,-,-,1,-,-,-,-,-,1
67.94,127693.0-127700.0,-,1,-,3,3,-,1,-,-,-,8
67.931377,127701.0-127903.0,5,4,3,75,55,4,19,28,2,8,203
67.9203695,127904.0-128155.0,6,14,10,99,55,5,27,26,5,5,252
67.91,128156.0,-,-,-,-,1,-,-,-,-,-,1
67.9,128157.0-128159.0,-,-,-,-,3,-,-,-,-,-,3
67.89,128160.0-128163.0,-,-,-,-,3,-,1,-,-,-,4
67.88,128164.0-128165.0,-,1,-,1,-,-,-,-,-,-,2
67.87,128166.0,-,-,-,1,-,-,-,-,-,-,1
67.83,128167.0-128172.0,-,-,-,-,4,-,-,-,2,-,6
67.82,128173.0,-,-,-,-,1,-,-,-,-,-,1
67.79,128174.0,-,-,-,-,1,-,-,-,-,-,1
67.78,128175.0,-,-,-,-,-,-,-,-,1,-,1
67.77,128176.0-128177.0,-,-,-,1,1,-,-,-,-,-,2
67.76,128178.0-128179.0,-,-,-,1,1,-,-,-,-,-,2
67.74,128180.0-128181.0,-,-,-,-,1,-,1,-,-,-,2
67.72,128182.0-128184.0,-,-,-,3,-,-,-,-,-,-,3
67.71,128185.0-128189.0,-,-,1,1,2,-,1,-,-,-,5
67.69,128190.0-128191.0,-,-,-,1,1,-,-,-,-,-,2
67.67,128192.0-128194.0,-,-,-,1,1,-,-,1,-,-,3
67.64,128195.0,-,-,-,-,1,-,-,-,-,-,1
67.63,128196.0,-,-,-,-,1,-,-,-,-,-,1
67.61,128197.0-128199.0,-,-,-,-,3,-,-,-,-,-,3
67.6,128200.0,-,-,-,-,-,-,1,-,-,-,1
67.59,128201.0-128202.0,-,-,-,-,1,-,-,-,-,1,2
67.58,128203.0,-,-,-,-,-,-,1,-,-,-,1
67.56,128204.0-128207.0,-,-,-,-,3,-,-,-,-,1,4
67.54,128208.0,-,-,-,-,1,-,-,-,-,-,1
67.53,128209.0,-,-,-,-,1,-,-,-,-,-,1
67.52,128210.0-128212.0,-,-,-,2,1,-,-,-,-,-,3
67.500481,128213.0-128433.0,3,5,7,83,50,7,28,24,5,9,221
67.5,128434.0-128439.0,-,2,-,-,4,-,-,-,-,-,6
67.49,128440.0-128442.0,-,-,-,1,2,-,-,-,-,-,3
67.47,128443.0,-,-,-,-,1,-,-,-,-,-,1
67.458483,128444.0-128699.0,3,11,7,87,63,7,34,33,5,6,256
67.44,128700.0-128703.0,-,1,1,-,2,-,-,-,-,-,4
67.42,128704.0-128705.0,-,-,-,-,2,-,-,-,-,-,2
67.41,128706.0,-,-,-,-,1,-,-,-,-,-,1
67.39,128707.0-128710.0,-,-,-,-,2,1,1,-,-,-,4
67.38,128711.0-128713.0,-,-,-,-,3,-,-,-,-,-,3
67.37,128714.0-128715.0,-,-,-,1,1,-,-,-,-,-,2
67.3538592,128716.0-128860.0,4,6,2,61,37,7,11,13,2,2,145
67.35,128861.0-128863.0,-,-,-,2,1,-,-,-,-,-,3
67.33,128864.0-128870.0,-,-,-,1,6,-,-,-,-,-,7
67.3167917,128871.0-129083.0,5,9,6,69,56,13,29,22,2,2,213
67.2980865,129084.0-129297.0,4,12,8,67,56,7,24,28,3,5,214
67.29,129298.0,-,-,-,-,1,-,-,-,-,-,1
67.28,129299.0-129301.0,-,-,-,-,3,-,-,-,-,-,3
67.26,129302.0-129303.0,-,-,-,1,-,-,-,1,-,-,2
67.2460619,129304.0-129542.0,8,11,7,53,77,3,39,21,8,12,239
67.24,129543.0,-,-,-,-,1,-,-,-,-,-,1
67.23,129544.0,-,-,-,-,1,-,-,-,-,-,1
67.22,129545.0-129549.0,1,-,-,-,1,1,1,-,1,-,5
67.21,129550.0-129551.0,-,-,-,-,-,-,2,-,-,-,2
67.2,129552.0,-,-,-,-,1,-,-,-,-,-,1
67.18,129553.0,-,-,-,-,1,-,-,-,-,-,1
67.17,129554.0-129555.0,-,-,-,-,2,-,-,-,-,-,2
67.13,129556.0-129557.0,-,-,-,-,2,-,-,-,-,-,2
67.1207715,129558.0-129738.0,2,9,5,71,43,2,18,26,1,4,181
67.12,129739.0,-,-,-,-,1,-,-,-,-,-,1
67.11,129740.0-129742.0,-,-,-,2,1,-,-,-,-,-,3
67.09,129743.0,-,-,-,-,1,-,-,-,-,-,1
67.06,129744.0-129746.0,-,-,-,1,1,-,1,-,-,-,3
67.03,129747.0,-,-,-,-,1,-,-,-,-,-,1
67.0,129748.0-129753.0,-,-,-,1,4,-,1,-,-,-,6
66.97,129754.0,-,-,-,1,-,-,-,-,-,-,1
66.96,129755.0,-,-,-,-,-,-,1,-,-,-,1
66.95,129756.0,-,-,-,-,-,-,1,-,-,-,1
66.94,129757.0-129758.0,-,-,-,-,2,-,-,-,-,-,2
66.93,129759.0,-,-,-,-,1,-,-,-,-,-,1
66.91,129760.0,-,-,-,-,1,-,-,-,-,-,1
66.89,129761.0-129766.0,-,-,-,4,1,-,1,-,-,-,6
66.88,129767.0-129770.0,-,-,1,1,2,-,-,-,-,-,4
66.83,129771.0,-,-,1,-,-,-,-,-,-,-,1
66.8147184,129772.0-129995.0,6,11,7,75,63,3,31,19,5,4,224
66.8,129996.0-129997.0,-,-,-,1,-,-,1,-,-,-,2
66.78,129998.0,-,-,-,-,1,-,-,-,-,-,1
66.77,129999.0,-,-,-,-,1,-,-,-,-,-,1
66.74,130000.0,-,-,-,-,-,-,1,-,-,-,1
66.72,130001.0-130004.0,-,-,-,3,1,-,-,-,-,-,4
66.7193141,130005.0-130263.0,7,16,7,63,88,5,38,27,4,4,259
66.69,130264.0,-,-,-,-,1,-,-,-,-,-,1
66.67,130265.0-130266.0,-,-,-,-,1,-,1,-,-,-,2
66.65,130267.0-130268.0,-,-,-,-,2,-,-,-,-,-,2
66.63,130269.0,-,-,-,-,1,-,-,-,-,-,1
66.61,130270.0-130273.0,-,1,-,-,1,-,1,-,1,-,4
66.5942029,130274.0-130575.0,18,15,8,98,90,2,29,31,6,5,302
66.59,130576.0,-,-,-,-,1,-,-,-,-,-,1
66.57,130577.0,-,-,-,-,1,-,-,-,-,-,1
66.561551,130578.0-130767.0,3,6,6,61,51,3,26,24,3,7,190
66.56,130768.0-130773.0,-,-,-,2,2,-,1,1,-,-,6
66.5496835,130774.0-131072.0,15,11,8,97,75,6,32,40,8,7,299
66.53,131073.0,-,-,1,-,-,-,-,-,-,-,1
66.52,131074.0-131076.0,-,-,-,-,2,-,1,-,-,-,3
66.51,131077.0-131078.0,-,-,-,1,1,-,-,-,-,-,2
66.5,131079.0-131083.0,-,-,-,1,3,-,1,-,-,-,5
66.4794206,131084.0-131410.0,8,10,11,103,93,6,37,43,8,8,327
66.44,131411.0,-,-,-,1,-,-,-,-,-,-,1
66.41,131412.0-131414.0,-,-,-,-,2,-,1,-,-,-,3
66.4,131415.0,-,-,-,-,1,-,-,-,-,-,1
66.39,131416.0-131418.0,-,-,-,-,3,-,-,-,-,-,3
66.37,131419.0,-,-,-,-,1,-,-,-,-,-,1
66.35,131420.0-131421.0,-,-,-,-,1,1,-,-,-,-,2
66.3432235,131422.0-131673.0,2,10,11,85,73,7,25,35,1,3,252
66.34,131674.0,-,-,-,-,1,-,-,-,-,-,1
66.33,131675.0-131676.0,-,-,-,-,2,-,-,-,-,-,2
66.31,131677.0,-,-,-,-,1,-,-,-,-,-,1
66.3,131678.0,-,-,-,-,1,-,-,-,-,-,1
66.28,131679.0-131682.0,-,-,-,-,3,-,1,-,-,-,4
66.2459959,131683.0-131865.0,3,9,3,77,39,2,17,26,1,6,183
66.22,131866.0-131869.0,-,-,-,1,3,-,-,-,-,-,4
66.21,131870.0-131871.0,-,-,-,-,2,-,-,-,-,-,2
66.2,131872.0,-,-,-,1,-,-,-,-,-,-,1
66.1911263,131873.0-132262.0,12,13,8,135,94,15,50,46,8,9,390
66.18,132263.0-132264.0,1,-,-,1,-,-,-,-,-,-,2
66.17,132265.0-132267.0,-,-,-,1,2,-,-,-,-,-,3
66.1311211,132268.0-132554.0,3,9,11,84,88,5,36,40,3,8,287
66.12,132555.0,-,-,-,-,1,-,-,-,-,-,1
66.1169676,132556.0-132884.0,5,20,6,125,85,7,32,37,3,9,329
66.11,132885.0-132886.0,-,-,-,1,-,1,-,-,-,-,2
66.1,132887.0,-,-,-,-,-,-,1,-,-,-,1
66.0956881,132888.0-133091.0,6,13,5,67,47,3,19,30,6,8,204
66.0913492,133092.0-133407.0,6,14,5,120,76,9,40,32,7,7,316
66.0625569,133408.0-133677.0,2,14,3,107,58,11,35,28,3,9,270
66.06,133678.0-133681.0,-,1,-,-,1,-,2,-,-,-,4
66.0549811,133682.0-133987.0,4,12,15,112,80,5,30,32,3,13,306
66.05,133988.0-133990.0,-,-,-,-,3,-,-,-,-,-,3
66.0,133991.0-133997.0,-,-,-,-,5,-,1,1,-,-,7
65.95,133998.0,-,-,-,1,-,-,-,-,-,-,1
65.94,133999.0-134002.0,-,-,-,1,2,-,1,-,-,-,4
65.9070599,134003.0-134361.0,9,12,7,133,99,6,39,34,10,10,359
65.89,134362.0-134364.0,-,-,-,-,3,-,-,-,-,-,3
65.87,134365.0,-,-,-,-,-,-,1,-,-,-,1
65.85,134366.0,-,-,-,1,-,-,-,-,-,-,1
65.83,134367.0-134369.0,-,-,-,-,1,-,1,-,-,1,3
65.82,134370.0-134371.0,-,-,-,-,1,1,-,-,-,-,2
65.814611,134372.0-134597.0,7,12,10,80,47,3,32,30,3,2,226
65.8087807,134598.0-134834.0,7,9,7,77,66,6,28,28,1,8,237
65.79,134835.0,-,-,-,1,-,-,-,-,-,-,1
65.78,134836.0-134840.0,-,-,-,-,3,-,2,-,-,-,5
65.77,134841.0,-,-,-,1,-,-,-,-,-,-,1
65.76,134842.0,-,-,-,-,1,-,-,-,-,-,1
65.75,134843.0,-,-,-,-,1,-,-,-,-,-,1
65.74,134844.0-134845.0,-,-,-,1,1,-,-,-,-,-,2
65.73,134846.0,-,-,-,-,1,-,-,-,-,-,1
65.72,134847.0-134849.0,-,-,-,-,3,-,-,-,-,-,3
65.71,134850.0-134851.0,-,-,-,-,1,-,1,-,-,-,2
65.6970807,134852.0-135157.0,9,9,10,94,89,6,36,41,6,6,306
65.67,135158.0,-,-,-,-,1,-,-,-,-,-,1
65.65,135159.0-135160.0,-,-,1,-,1,-,-,-,-,-,2
65.6313822,135161.0-135310.0,3,5,1,65,40,3,12,13,2,6,150
65.61,135311.0-135313.0,-,-,-,-,2,-,-,1,-,-,3
65.59,135314.0,-,-,-,-,1,-,-,-,-,-,1
65.58,135315.0,-,-,-,-,1,-,-,-,-,-,1
65.56,135316.0-135319.0,-,-,-,3,-,-,-,-,1,-,4
65.54,135320.0-135322.0,-,-,-,2,1,-,-,-,-,-,3
65.53,135323.0-135324.0,-,-,-,-,2,-,-,-,-,-,2
65.52,135325.0,-,-,-,-,1,-,-,-,-,-,1
65.5,135326.0-135327.0,-,-,-,-,2,-,-,-,-,-,2
65.49,135328.0-135329.0,-,-,-,-,2,-,-,-,-,-,2
65.4837825,135330.0-135700.0,15,14,12,112,85,9,48,59,7,10,371
65.48,135701.0-135702.0,-,-,-,1,-,-,1,-,-,-,2
65.47,135703.0-135704.0,-,-,-,1,-,-,-,-,1,-,2
65.44,135705.0,-,-,-,-,1,-,-,-,-,-,1
65.43,135706.0,-,-,-,-,1,-,-,-,-,-,1
65.42,135707.0-135708.0,-,-,-,-,2,-,-,-,-,-,2
65.41,135709.0,-,-,-,-,-,-,1,-,-,-,1
65.4076693,135710.0-135927.0,10,10,3,75,51,9,23,28,3,6,218
65.39,135928.0-135933.0,-,1,-,1,3,1,-,-,-,-,6
65.37,135934.0,-,-,-,1,-,-,-,-,-,-,1
65.35,135935.0,-,-,-,-,1,-,-,-,-,-,1
65.33,135936.0-135937.0,-,-,-,1,1,-,-,-,-,-,2
65.32,135938.0,-,-,-,1,-,-,-,-,-,-,1
65.3107562,135939.0-136172.0,3,5,7,92,54,8,26,30,4,5,234
65.31,136173.0,-,-,-,-,1,-,-,-,-,-,1
65.3,136174.0-136175.0,-,-,-,-,2,-,-,-,-,-,2
65.2933256,136176.0-136409.0,6,13,4,70,54,6,35,34,5,7,234
65.28,136410.0,-,-,-,-,1,-,-,-,-,-,1
65.21,136411.0,-,-,-,-,1,-,-,-,-,-,1
65.18,136412.0,-,-,-,-,1,-,-,-,-,-,1
65.17,136413.0-136414.0,-,-,-,1,1,-,-,-,-,-,2
65.1648234,136415.0-136719.0,5,11,9,105,85,7,35,35,3,10,305
65.1614878,136720.0-136968.0,10,9,7,92,56,8,25,32,7,3,249
65.16,136969.0,-,-,-,1,-,-,-,-,-,-,1
65.15,136970.0,-,-,-,-,1,-,-,-,-,-,1
65.14,136971.0,-,-,-,-,1,-,-,-,-,-,1
65.11,136972.0-136973.0,-,-,-,1,1,-,-,-,-,-,2
65.06,136974.0-136977.0,-,-,-,1,2,-,1,-,-,-,4
65.03,136978.0-136979.0,-,-,-,-,2,-,-,-,-,-,2
65.0,136980.0-136982.0,-,-,-,1,2,-,-,-,-,-,3
64.97,136983.0-136984.0,-,1,-,-,1,-,-,-,-,-,2
64.94,136985.0-136987.0,-,-,1,1,1,-,-,-,-,-,3
64.92,136988.0,-,-,-,1,-,-,-,-,-,-,1
64.91,136989.0,-,-,-,-,1,-,-,-,-,-,1
64.89,136990.0-136992.0,-,-,-,-,2,-,1,-,-,-,3
64.87,136993.0,-,1,-,-,-,-,-,-,-,-,1
64.85,136994.0,-,-,-,-,1,-,-,-,-,-,1
64.82,136995.0-136996.0,-,-,-,1,1,-,-,-,-,-,2
64.8,136997.0,-,-,-,-,1,-,-,-,-,-,1
64.79,136998.0,-,-,-,-,1,-,-,-,-,-,1
64.78,136999.0-137001.0,-,-,-,1,2,-,-,-,-,-,3
64.77,137002.0,-,-,-,-,-,1,-,-,-,-,1
64.72,137003.0-137004.0,-,-,-,-,1,-,1,-,-,-,2
64.7164682,137005.0-137235.0,7,12,2,92,45,4,27,33,3,6,231
64.69,137236.0,-,-,-,-,1,-,-,-,-,-,1
64.67,137237.0-137240.0,-,-,-,-,4,-,-,-,-,-,4
64.65,137241.0,-,-,-,1,-,-,-,-,-,-,1
64.62,137242.0-137243.0,-,-,-,2,-,-,-,-,-,-,2
64.61,137244.0,-,-,-,-,1,-,-,-,-,-,1
64.58,137245.0,-,-,-,-,-,1,-,-,-,-,1
64.56,137246.0-137248.0,-,-,-,1,1,-,1,-,-,-,3
64.53,137249.0-137252.0,1,-,-,-,2,-,-,-,1,-,4
64.5293156,137253.0-137472.0,7,11,8,82,58,1,27,19,2,5,220
64.51,137473.0,-,-,-,-,1,-,-,-,-,-,1
64.5,137474.0,-,-,-,1,-,-,-,-,-,-,1
64.48,137475.0-137476.0,-,-,-,1,-,-,1,-,-,-,2
64.47,137477.0-137478.0,-,-,-,-,1,-,-,-,1,-,2
64.46,137479.0,-,-,-,1,-,-,-,-,-,-,1
64.44,137480.0-137482.0,-,-,-,-,1,-,1,1,-,-,3
64.4305882,137483.0-137748.0,4,11,9,97,62,9,34,29,2,9,266
64.43,137749.0-137750.0,-,-,-,-,2,-,-,-,-,-,2
64.42,137751.0-137752.0,-,-,-,-,1,-,-,-,-,1,2
64.38,137753.0-137754.0,-,-,-,1,1,-,-,-,-,-,2
64.36,137755.0,1,-,-,-,-,-,-,-,-,-,1
64.35,137756.0-137757.0,-,-,-,-,1,-,-,-,1,-,2
64.32,137758.0,-,-,-,-,1,-,-,-,-,-,1
64.31,137759.0,-,-,-,-,-,-,1,-,-,-,1
64.2926156,137760.0-138074.0,5,7,7,118,79,9,32,45,8,5,315
64.29,138075.0,-,-,-,-,1,-,-,-,-,-,1
64.28,138076.0-138077.0,-,-,-,1,1,-,-,-,-,-,2
64.26,138078.0,-,-,-,1,-,-,-,-,-,-,1
64.22,138079.0,-,-,-,-,1,-,-,-,-,-,1
64.2198294,138080.0-138310.0,5,17,5,74,45,11,26,33,4,11,231
64.21,138311.0,-,-,-,-,1,-,-,-,-,-,1
64.17,138312.0-138317.0,-,1,-,-,3,-,-,-,2,-,6
64.15,138318.0,-,-,-,-,1,-,-,-,-,-,1
64.1499185,138319.0-138578.0,21,10,7,68,73,6,34,17,12,12,260
64.1240022,138579.0-138927.0,7,15,6,140,66,12,43,41,5,14,349
64.11,138928.0-138930.0,-,-,-,-,3,-,-,-,-,-,3
64.1,138931.0,-,-,-,-,1,-,-,-,-,-,1
64.087617,138932.0-139224.0,7,12,5,114,78,5,25,25,7,15,293
64.06,139225.0-139227.0,-,1,-,2,-,-,-,-,-,-,3
64.0,139228.0-139230.0,-,-,-,-,3,-,-,-,-,-,3
63.9535342,139231.0-139473.0,5,8,5,84,62,8,27,31,5,8,243
63.95,139474.0-139476.0,-,-,-,-,3,-,-,-,-,-,3
63.94,139477.0-139479.0,-,-,-,-,2,-,1,-,-,-,3
63.9397326,139480.0-139659.0,2,7,4,66,52,4,20,15,3,7,180
63.89,139660.0-139662.0,-,-,-,2,1,-,-,-,-,-,3
63.88,139663.0,-,-,-,-,-,-,1,-,-,-,1
63.83,139664.0-139665.0,-,-,-,1,1,-,-,-,-,-,2
63.8128892,139666.0-139921.0,5,10,11,95,68,8,26,26,2,5,256
63.8,139922.0,-,1,-,-,-,-,-,-,-,-,1
63.79,139923.0,-,-,-,-,1,-,-,-,-,-,1
63.78,139924.0-139925.0,-,-,-,1,1,-,-,-,-,-,2
63.76,139926.0,-,-,-,-,-,-,1,-,-,-,1
63.74,139927.0,-,-,-,-,1,-,-,-,-,-,1
63.72,139928.0-139929.0,-,-,-,-,1,-,-,1,-,-,2
63.67,139930.0,-,-,-,-,1,-,-,-,-,-,1
63.66,139931.0,-,-,-,-,-,-,1,-,-,-,1
63.65,139932.0-139933.0,-,-,-,1,1,-,-,-,-,-,2
63.61,139934.0,-,-,-,1,-,-,-,-,-,-,1
63.5901214,139935.0-140274.0,9,8,12,135,78,14,34,34,8,8,340
63.57,140275.0,-,-,-,-,-,-,1,-,-,-,1
63.56,140276.0-140277.0,1,-,-,-,1,-,-,-,-,-,2
63.552865,140278.0-140573.0,6,10,5,122,69,9,30,27,6,12,296
63.540901,140574.0-140886.0,6,15,4,106,83,10,39,35,4,11,313
63.54,140887.0-140888.0,-,-,-,1,1,-,-,-,-,-,2
63.5303851,140889.0-141172.0,10,10,11,68,91,6,40,22,11,15,284
63.52,141173.0,-,-,-,-,1,-,-,-,-,-,1
63.5035466,141174.0-141460.0,9,11,8,114,63,8,28,29,5,12,287
63.49,141461.0,-,-,-,-,1,-,-,-,-,-,1
63.4876968,141462.0-141679.0,5,10,4,66,59,7,24,32,7,4,218
63.4757967,141680.0-141929.0,4,10,5,63,72,4,36,41,5,10,250
63.47,141930.0-141932.0,1,-,-,1,-,-,1,-,-,-,3
63.45,141933.0,-,-,-,-,1,-,-,-,-,-,1
63.44,141934.0,-,-,-,1,-,-,-,-,-,-,1
63.42,141935.0,-,-,-,-,1,-,-,-,-,-,1
63.4,141936.0,-,-,-,-,1,-,-,-,-,-,1
63.39,141937.0-141938.0,-,-,-,-,1,-,1,-,-,-,2
63.37,141939.0-141940.0,-,-,-,-,2,-,-,-,-,-,2
63.33,141941.0-141945.0,-,-,1,1,2,-,1,-,-,-,5
63.2367632,141946.0-142174.0,5,9,9,76,59,8,26,29,3,5,229
63.22,142175.0-142176.0,-,-,-,-,1,-,1,-,-,-,2
63.2,142177.0,-,-,-,1,-,-,-,-,-,-,1
63.13,142178.0-142179.0,-,-,-,-,2,-,-,-,-,-,2
63.12,142180.0,-,-,-,-,1,-,-,-,-,-,1
63.11,142181.0-142182.0,-,-,-,-,2,-,-,-,-,-,2
63.06,142183.0-142185.0,-,-,-,1,2,-,-,-,-,-,3
63.0171253,142186.0-142430.0,7,7,6,93,64,6,28,26,2,6,245
63.003413,142431.0-142829.0,8,10,6,117,125,10,52,47,13,11,399
63.0,142830.0-142831.0,-,-,-,-,2,-,-,-,-,-,2
62.965955,142832.0-143053.0,7,9,4,82,51,9,16,31,5,8,222
62.96,143054.0,-,-,-,-,-,-,1,-,-,-,1
62.94,143055.0-143057.0,-,-,-,2,1,-,-,-,-,-,3
62.9339383,143058.0-143420.0,13,14,10,121,96,7,49,37,7,9,363
62.89,143421.0,-,-,-,1,-,-,-,-,-,-,1
62.88,143422.0-143423.0,-,-,-,2,-,-,-,-,-,-,2
62.86,143424.0,-,-,-,-,1,-,-,-,-,-,1
62.8386652,143425.0-143611.0,1,8,4,74,43,5,32,10,4,6,187
62.83,143612.0-143613.0,-,-,-,-,2,-,-,-,-,-,2
62.8284912,143614.0-143919.0,4,14,8,107,68,10,38,45,4,8,306
62.81,143920.0,-,-,-,-,1,-,-,-,-,-,1
62.79,143921.0,-,-,-,-,1,-,-,-,-,-,1
62.76,143922.0,-,-,-,-,1,-,-,-,-,-,1
62.72,143923.0,-,-,1,-,-,-,-,-,-,-,1
62.67,143924.0-143927.0,-,-,-,2,1,-,1,-,-,-,4
62.65,143928.0-143929.0,1,-,-,-,-,-,1,-,-,-,2
62.61,143930.0-143931.0,-,-,-,1,1,-,-,-,-,-,2
62.6016833,143932.0-144271.0,14,11,8,95,100,10,41,35,13,13,340
62.59,144272.0,-,-,-,-,-,1,-,-,-,-,1
62.56,144273.0-144274.0,-,-,-,-,2,-,-,-,-,-,2
62.55,144275.0,-,-,-,-,-,-,1,-,-,-,1
62.5282864,144276.0-144631.0,12,18,11,126,83,8,39,48,2,9,356
62.5,144632.0,-,-,-,-,-,-,1,-,-,-,1
62.4995214,144633.0-144873.0,6,9,7,92,57,8,25,27,2,8,241
62.48,144874.0,-,-,-,-,1,-,-,-,-,-,1
62.47,144875.0,-,-,-,-,1,-,-,-,-,-,1
62.46,144876.0,-,-,-,-,1,-,-,-,-,-,1
62.44,144877.0-144878.0,-,-,-,2,-,-,-,-,-,-,2
62.38,144879.0,-,-,-,-,-,-,-,1,-,-,1
62.36,144880.0,-,-,-,-,1,-,-,-,-,-,1
62.35,144881.0-144882.0,-,1,-,-,1,-,-,-,-,-,2
62.33,144883.0,-,-,-,-,1,-,-,-,-,-,1
62.31,144884.0-144886.0,-,1,-,-,1,-,1,-,-,-,3
62.3077731,144887.0-145142.0,8,12,10,100,60,6,25,27,4,4,256
62.2946352,145143.0-145365.0,6,9,8,75,54,4,35,26,3,3,223
62.28,145366.0,-,-,-,-,-,-,-,-,1,-,1
62.26,145367.0-145369.0,-,-,-,1,2,-,-,-,-,-,3
62.18,145370.0,-,-,-,-,-,-,1,-,-,-,1
62.17,145371.0,-,-,-,-,1,-,-,-,-,-,1
62.11,145372.0-145373.0,-,-,-,1,1,-,-,-,-,-,2
62.1,145374.0,-,-,-,-,1,-,-,-,-,-,1
62.06,145375.0-145377.0,-,-,-,-,2,-,-,-,-,1,3
62.05,145378.0,-,-,-,1,-,-,-,-,-,-,1
62.0,145379.0-145384.0,-,1,-,2,2,-,1,-,-,-,6
61.94,145385.0,-,-,-,-,1,-,-,-,-,-,1
61.9398096,145386.0-145577.0,5,5,10,68,44,7,30,16,3,4,192
61.9042106,145578.0-145814.0,7,13,7,86,59,4,26,25,3,7,237
61.85,145815.0,-,-,-,-,1,-,-,-,-,-,1
61.83,145816.0-145819.0,-,-,-,-,3,-,1,-,-,-,4
61.82,145820.0,-,-,-,1,-,-,-,-,-,-,1
61.8012422,145821.0-146126.0,6,11,8,128,76,8,26,31,3,9,306
61.8,146127.0,-,-,-,-,1,-,-,-,-,-,1
61.7346759,146128.0-146405.0,7,12,7,105,72,8,32,25,5,5,278
61.72,146406.0-146407.0,-,-,-,-,2,-,-,-,-,-,2
61.69,146408.0,-,-,-,1,-,-,-,-,-,-,1
61.67,146409.0,-,-,-,-,1,-,-,-,-,-,1
61.64,146410.0-146411.0,-,-,-,1,1,-,-,-,-,-,2
61.6,146412.0,-,-,-,1,-,-,-,-,-,-,1
61.5912113,146413.0-146678.0,6,8,7,112,63,13,22,24,5,6,266
61.59,146679.0-146681.0,-,-,-,-,2,-,1,-,-,-,3
61.579051,146682.0-146881.0,5,4,1,84,57,5,17,21,2,4,200
61.54,146882.0,-,-,-,-,-,-,-,1,-,-,1
61.53,146883.0,-,-,-,1,-,-,-,-,-,-,1
61.49,146884.0,-,-,-,-,1,-,-,-,-,-,1
61.47,146885.0-146886.0,-,-,-,-,2,-,-,-,-,-,2
61.41,146887.0,-,-,-,-,-,-,-,1,-,-,1
61.39,146888.0-146889.0,-,-,-,-,2,-,-,-,-,-,2
61.38,146890.0,-,-,-,-,1,-,-,-,-,-,1
61.37,146891.0,-,-,-,-,1,-,-,-,-,-,1
61.33,146892.0-146898.0,-,1,-,-,3,-,1,-,1,1,7
61.31,146899.0-146900.0,-,-,-,-,2,-,-,-,-,-,2
61.2830506,146901.0-147109.0,7,12,3,89,41,7,21,18,4,7,209
61.28,147110.0,-,-,-,-,1,-,-,-,-,-,1
61.2510322,147111.0-147417.0,11,13,12,100,76,6,34,40,7,8,307
61.24,147418.0,-,-,-,-,1,-,-,-,-,-,1
61.18,147419.0-147420.0,-,-,-,-,1,-,1,-,-,-,2
61.16,147421.0,-,1,-,-,-,-,-,-,-,-,1
61.12,147422.0,-,-,-,-,1,-,-,-,-,-,1
61.114444,147423.0-147759.0,10,20,8,123,88,3,36,35,8,6,337
61.11,147760.0-147761.0,-,-,-,-,2,-,-,-,-,-,2
61.0,147762.0-147763.0,-,-,-,1,1,-,-,-,-,-,2
60.9758938,147764.0-147995.0,5,11,1,90,55,4,31,27,3,5,232
60.97,147996.0-147997.0,-,-,-,-,1,-,1,-,-,-,2
60.94,147998.0,-,-,-,1,-,-,-,-,-,-,1
60.9157012,147999.0-148329.0,11,9,16,112,80,8,47,35,7,6,331
60.86,148330.0-148331.0,-,-,-,-,1,-,-,1,-,-,2
60.83,148332.0,-,-,-,-,-,-,-,-,-,1,1
60.82,148333.0,-,-,-,-,1,-,-,-,-,-,1
60.78,148334.0,-,-,-,-,1,-,-,-,-,-,1
60.7738415,148335.0-148565.0,1,7,7,82,61,6,31,28,1,7,231
60.7556304,148566.0-148877.0,4,11,7,107,81,2,44,40,5,11,312
60.74,148878.0,-,-,-,-,1,-,-,-,-,-,1
60.72,148879.0-148880.0,-,-,-,-,2,-,-,-,-,-,2
60.6803919,148881.0-149139.0,8,6,10,94,65,1,31,35,3,6,259
60.67,149140.0-149141.0,-,-,-,-,2,-,-,-,-,-,2
60.63,149142.0,-,-,-,-,1,-,-,-,-,-,1
60.61,149143.0,-,-,-,-,1,-,-,-,-,-,1
60.59,149144.0,-,-,-,1,-,-,-,-,-,-,1
60.5843098,149145.0-149422.0,8,11,10,75,89,5,37,20,9,14,278
60.56,149423.0-149425.0,-,-,-,-,3,-,-,-,-,-,3
60.5539527,149426.0-149639.0,5,7,7,92,53,7,17,22,2,2,214
60.52,149640.0,-,-,-,-,-,-,1,-,-,-,1
60.5118338,149641.0-149862.0,6,12,10,70,62,7,17,27,4,7,222
60.4816409,149863.0-150190.0,6,12,5,106,88,7,41,37,8,18,328
60.46,150191.0,-,-,-,-,-,-,1,-,-,-,1
60.44,150192.0-150193.0,-,-,-,-,2,-,-,-,-,-,2
60.43,150194.0,-,-,-,-,1,-,-,-,-,-,1
60.41,150195.0,-,-,-,1,-,-,-,-,-,-,1
60.4,150196.0,-,-,-,-,1,-,-,-,-,-,1
60.39,150197.0,-,-,-,-,1,-,-,-,-,-,1
60.38,150198.0,-,-,-,-,-,-,-,-,-,1,1
60.31,150199.0,-,-,-,-,-,-,1,-,-,-,1
60.29,150200.0-150201.0,-,-,-,-,1,1,-,-,-,-,2
60.268127,150202.0-150509.0,7,15,10,111,72,6,27,43,7,10,308
60.26,150510.0,-,-,-,-,-,-,-,1,-,-,1
60.25,150511.0,-,-,-,-,1,-,-,-,-,-,1
60.1814551,150512.0-150760.0,7,10,7,82,61,7,29,35,7,4,249
60.18,150761.0-150762.0,-,-,-,-,2,-,-,-,-,-,2
60.11,150763.0-150765.0,-,-,-,1,2,-,-,-,-,-,3
60.070698,150766.0-151055.0,7,18,7,78,86,7,42,19,8,18,290
60.010721,151056.0-151302.0,7,8,6,95,51,4,37,28,4,7,247
60.0,151303.0-151317.0,-,-,-,2,11,1,1,-,-,-,15
59.950946,151318.0-151529.0,5,6,8,70,64,6,21,21,2,9,212
59.8130199,151530.0-151873.0,8,16,8,119,77,8,41,52,7,8,344
59.7703364,151874.0-152074.0,7,11,6,70,58,1,25,20,1,2,201
59.5499981,152075.0-152299.0,6,16,6,72,54,5,23,36,3,4,225
59.5017065,152300.0-152682.0,9,15,7,125,107,10,45,40,8,17,383
59.4665021,152683.0-153019.0,11,10,15,101,89,7,41,47,6,10,337
59.44,153020.0,-,-,-,-,1,-,-,-,-,-,1
59.39,153021.0,-,-,-,-,1,-,-,-,-,-,1
59.3625359,153022.0-153307.0,6,12,6,113,70,6,21,40,5,7,286
59.35,153308.0,-,-,-,-,-,-,1,-,-,-,1
59.2474828,153309.0-153582.0,8,10,11,111,54,5,29,32,4,10,274
59.2443064,153583.0-153859.0,5,12,4,109,65,6,39,27,5,5,277
59.24,153860.0,-,-,-,-,1,-,-,-,-,-,1
59.22,153861.0,-,-,-,-,1,-,-,-,-,-,1
59.2124434,153862.0-154099.0,6,7,7,80,68,8,29,22,1,10,238
59.18,154100.0,-,-,-,-,1,-,-,-,-,-,1
59.12,154101.0,-,-,-,-,1,-,-,-,-,-,1
59.0801845,154102.0-154399.0,12,10,8,87,84,7,41,35,9,5,298
59.06,154400.0-154401.0,-,-,-,-,2,-,-,-,-,-,2
59.03,154402.0,-,-,-,-,1,-,-,-,-,-,1
59.0,154403.0-154405.0,-,1,1,-,-,-,1,-,-,-,3
58.9637781,154406.0-154617.0,6,11,7,82,42,4,26,25,4,5,212
58.89,154618.0,-,-,-,-,1,-,-,-,-,-,1
58.88,154619.0,-,-,-,-,1,-,-,-,-,-,1
58.87,154620.0,-,1,-,-,-,-,-,-,-,-,1
58.84,154621.0,-,-,-,-,1,-,-,-,-,-,1
58.83,154622.0,-,-,-,-,-,-,-,-,1,-,1
58.8,154623.0,-,-,-,-,1,-,-,-,-,-,1
58.79,154624.0,-,-,-,1,-,-,-,-,-,-,1
58.78,154625.0-154626.0,-,-,-,-,2,-,-,-,-,-,2
58.75,154627.0,-,-,-,-,-,-,1,-,-,-,1
58.74,154628.0-154629.0,-,-,-,-,1,-,1,-,-,-,2
58.71,154630.0,-,-,-,-,1,-,-,-,-,-,1
58.7,154631.0,-,-,-,-,-,-,-,-,1,-,1
58.69,154632.0,-,-,-,1,-,-,-,-,-,-,1
58.63,154633.0,-,-,-,-,1,-,-,-,-,-,1
58.62,154634.0-154635.0,-,-,-,-,1,-,1,-,-,-,2
58.51,154636.0,-,-,-,-,1,-,-,-,-,-,1
58.47,154637.0,-,-,-,-,1,-,-,-,-,-,1
58.46,154638.0,-,-,-,-,1,-,-,-,-,-,1
58.43,154639.0,-,-,-,1,-,-,-,-,-,-,1
58.4294088,154640.0-154868.0,-,10,3,88,50,3,33,33,3,6,229
58.4262318,154869.0-155178.0,6,12,8,119,71,3,40,29,8,14,310
58.4,155179.0,-,-,-,-,-,-,1,-,-,-,1
58.36,155180.0,-,-,-,-,1,-,-,-,-,-,1
58.35,155181.0,-,-,-,1,-,-,-,-,-,-,1
58.3262891,155182.0-155410.0,5,10,8,87,49,7,24,26,5,8,229
58.31,155411.0,-,-,-,-,1,-,-,-,-,-,1
58.235114,155412.0-155646.0,8,3,6,90,57,6,28,29,4,4,235
58.1924692,155647.0-155943.0,7,16,6,111,68,10,33,30,6,10,297
58.1324148,155944.0-156276.0,9,18,7,130,87,4,31,30,7,10,333
58.13,156277.0,-,-,-,1,-,-,-,-,-,-,1
58.1150221,156278.0-156489.0,6,8,6,85,53,6,16,26,3,3,212
58.11,156490.0-156491.0,-,-,-,-,-,-,1,1,-,-,2
58.06,156492.0-156493.0,-,-,-,-,1,-,-,1,-,-,2
58.0,156494.0,-,-,-,1,-,-,-,-,-,-,1
57.9680585,156495.0-156697.0,7,10,3,59,47,6,27,30,3,11,203
57.95,156698.0,-,-,-,-,-,-,1,-,-,-,1
57.8685189,156699.0-157041.0,11,7,8,125,85,9,42,30,10,16,343
57.8274425,157042.0-157343.0,6,17,12,107,71,9,38,23,7,12,302
57.75,157344.0,-,-,-,-,1,-,-,-,-,-,1
57.6578681,157345.0-157571.0,4,13,6,86,60,3,24,20,4,7,227
57.65,157572.0,-,-,-,-,1,-,-,-,-,-,1
57.56,157573.0,-,-,-,-,-,1,-,-,-,-,1
57.5477401,157574.0-157849.0,8,7,2,105,66,11,25,37,2,13,276
57.54,157850.0,-,-,-,-,-,-,1,-,-,-,1
57.5392085,157851.0-158057.0,6,12,8,63,52,7,30,21,1,7,207
57.502776,158058.0-158275.0,7,5,3,86,62,2,16,30,1,6,218
57.5,158276.0,-,-,-,-,1,-,-,-,-,-,1
57.4188806,158277.0-158579.0,5,13,7,101,80,11,37,29,5,15,303
57.41,158580.0,-,-,-,-,1,-,-,-,-,-,1
57.33,158581.0,-,-,-,-,1,-,-,-,-,-,1
57.32,158582.0,-,-,-,-,1,-,-,-,-,-,1
57.3,158583.0,-,-,-,1,-,-,-,-,-,-,1
57.25,158584.0,-,-,-,-,1,-,-,-,-,-,1
57.14,158585.0,-,-,1,-,-,-,-,-,-,-,1
57.12,158586.0,-,-,-,-,1,-,-,-,-,-,1
57.08,158587.0,-,-,-,-,-,-,1,-,-,-,1
57.06,158588.0,-,-,-,-,-,-,1,-,-,-,1
57.0070614,158589.0-158836.0,6,8,9,67,87,3,34,17,8,9,248
57.0044084,158837.0-159099.0,7,8,5,89,66,7,37,32,7,5,263
56.92563,159100.0-159317.0,3,7,8,77,56,7,22,30,3,5,218
56.82,159318.0,-,-,-,-,1,-,-,-,-,-,1
56.77,159319.0,-,-,-,-,-,-,1,-,-,-,1
56.6825649,159320.0-159615.0,5,10,11,111,77,8,30,28,11,5,296
56.63,159616.0,-,-,-,-,1,-,-,-,-,-,1
56.58,159617.0,-,-,-,-,-,-,1,-,-,-,1
56.5580532,159618.0-159938.0,6,9,8,122,76,8,41,33,8,10,321
56.5505021,159939.0-160146.0,3,3,5,79,54,3,25,28,3,5,208
56.5182885,160147.0-160434.0,4,12,8,100,69,8,29,44,9,5,288
56.4419991,160435.0-160661.0,6,11,8,73,62,6,20,34,3,4,227
56.4,160662.0,-,-,-,-,-,-,1,-,-,-,1
56.33,160663.0,-,-,-,-,1,-,-,-,-,-,1
56.2435713,160664.0-161011.0,11,20,8,114,93,12,38,34,12,6,348
56.24,161012.0,-,-,-,-,1,-,-,-,-,-,1
56.12,161013.0,-,-,-,-,-,-,-,1,-,-,1
56.1183815,161014.0-161314.0,3,10,8,92,93,4,39,29,13,10,301
56.08,161315.0,-,-,-,-,1,-,-,-,-,-,1
56.0,161316.0,-,-,-,-,1,-,-,-,-,-,1
55.94,161317.0,-,-,-,-,1,-,-,-,-,-,1
55.9,161318.0,-,-,-,-,1,-,-,-,-,-,1
55.83,161319.0,-,-,-,1,-,-,-,-,-,-,1
55.78,161320.0,-,-,-,-,1,-,-,-,-,-,1
55.7703505,161321.0-161569.0,2,5,8,94,59,2,32,36,5,6,249
55.7542662,161570.0-161945.0,12,13,11,132,97,9,56,30,3,13,376
55.7277177,161946.0-162236.0,8,11,6,90,89,6,37,26,7,11,291
55.71,162237.0,-,-,-,1,-,-,-,-,-,-,1
55.6712077,162238.0-162500.0,6,13,10,90,66,7,26,28,4,13,263
55.6597249,162501.0-162730.0,13,8,2,83,62,1,29,22,3,7,230
55.65,162731.0,-,-,-,-,1,-,-,-,-,-,1
55.4914407,162732.0-162936.0,3,9,3,71,57,4,25,26,3,4,205
55.4743121,162937.0-163172.0,2,6,4,99,56,2,30,27,3,7,236
55.3743463,163173.0-163512.0,11,11,11,125,74,8,44,42,9,5,340
55.37,163513.0-163514.0,-,-,-,-,2,-,-,-,-,-,2
55.33,163515.0,-,-,-,-,-,-,-,1,-,-,1
55.319298,163516.0-163767.0,8,7,10,95,62,6,24,29,4,7,252
55.2387338,163768.0-164081.0,9,14,6,105,77,6,46,35,7,9,314
54.9986599,164082.0-164312.0,6,9,4,85,58,3,26,30,5,5,231
54.9832594,164313.0-164542.0,9,12,6,83,46,4,31,31,3,5,230
54.9733848,164543.0-164864.0,5,18,11,118,74,5,41,28,10,12,322
54.96898,164865.0-165096.0,4,16,9,78,64,4,16,26,4,11,232
54.873582,165097.0-165375.0,8,11,10,109,67,3,31,33,2,5,279
54.7674174,165376.0-165714.0,13,12,9,111,91,8,40,26,10,19,339
54.44,165715.0,-,-,-,1,-,-,-,-,-,-,1
54.4258624,165716.0-165971.0,4,10,3,106,69,4,28,23,3,6,256
54.37,165972.0,-,-,-,-,-,-,1,-,-,-,1
54.32,165973.0,-,-,-,-,1,-,-,-,-,-,1
54.2626684,165974.0-166193.0,8,17,9,68,56,10,29,17,1,5,220
54.1426021,166194.0-166504.0,8,15,8,106,78,11,41,27,7,10,311
54.06,166505.0,-,-,-,-,1,-,-,-,-,-,1
54.0,166506.0,-,-,-,-,1,-,-,-,-,-,1
53.864934,166507.0-166710.0,3,9,6,77,54,5,20,22,6,2,204
53.81,166711.0,-,-,-,-,1,-,-,-,-,-,1
53.8067479,166712.0-166986.0,3,18,3,103,65,8,37,27,6,5,275
53.7903103,166987.0-167230.0,6,10,4,85,63,7,25,37,1,6,244
53.7405107,167231.0-167504.0,13,8,4,98,63,5,28,38,5,12,274
53.61,167505.0,-,-,-,-,1,-,-,-,-,-,1
53.54,167506.0,-,-,-,1,-,-,-,-,-,-,1
53.27,167507.0,-,-,-,-,1,-,-,-,-,-,1
53.21,167508.0,-,-,-,-,-,-,1,-,-,-,1
53.1999725,167509.0-167848.0,11,17,6,128,84,6,39,36,6,7,340
53.1039032,167849.0-168085.0,5,7,9,64,72,1,40,20,7,12,237
52.9701068,168086.0-168292.0,7,7,5,78,54,5,28,13,6,4,207
52.8745002,168293.0-168521.0,6,15,4,84,50,4,24,30,6,6,229
52.8560653,168522.0-168895.0,15,17,12,117,84,3,45,42,17,22,374
52.7200757,168896.0-169160.0,9,7,9,94,62,8,33,26,7,10,265
52.72,169161.0,-,-,-,-,1,-,-,-,-,-,1
52.7016685,169162.0-169411.0,9,16,5,83,65,8,30,25,3,6,250
52.6909021,169412.0-169646.0,7,8,5,86,63,6,29,22,1,8,235
52.62,169647.0-169648.0,-,1,-,-,-,-,1,-,-,-,2
52.4918222,169649.0-169894.0,7,8,7,89,64,6,28,27,1,9,246
52.47,169895.0,-,-,-,-,1,-,-,-,-,-,1
52.33,169896.0,-,-,-,-,-,-,-,1,-,-,1
52.21,169897.0,-,-,-,-,-,-,1,-,-,-,1
52.1652563,169898.0-170134.0,6,11,4,92,52,7,29,28,5,3,237
52.1585439,170135.0-170394.0,10,8,8,63,95,4,31,21,8,12,260
52.1496391,170395.0-170702.0,6,8,11,113,61,8,51,33,9,8,308
52.1256716,170703.0-170941.0,8,6,6,91,67,6,26,21,1,7,239
52.1191375,170942.0-171247.0,13,15,9,106,76,6,37,34,4,6,306
52.1058919,171248.0-171469.0,4,5,10,83,59,4,30,16,4,7,222
52.0988164,171470.0-171803.0,11,16,9,109,79,6,44,50,3,7,334
52.016058,171804.0-172097.0,11,13,6,82,83,3,41,30,9,16,294
51.89,172098.0,-,-,-,-,1,-,-,-,-,-,1
51.88,172099.0,-,-,-,1,-,-,-,-,-,-,1
51.8020478,172100.0-172437.0,6,18,6,112,87,6,47,42,3,11,338
51.7178644,172438.0-172713.0,8,14,6,104,65,4,32,32,6,5,276
51.59,172714.0,-,-,-,-,1,-,-,-,-,-,1
51.5429844,172715.0-173037.0,7,15,9,108,84,7,38,42,3,10,323
51.4221759,173038.0-173254.0,9,7,3,92,43,3,23,26,4,7,217
51.2488599,173255.0-173589.0,5,8,8,130,83,8,42,33,3,15,335
51.11,173590.0,-,-,-,-,1,-,-,-,-,-,1
51.0139791,173591.0-173809.0,7,10,8,85,49,5,19,25,6,5,219
50.9743237,173810.0-174056.0,4,11,6,100,52,5,22,37,5,5,247
50.8920685,174057.0-174304.0,3,16,6,99,56,9,30,19,6,4,248
50.8385093,174305.0-174575.0,6,16,8,100,67,8,22,31,8,5,271
50.83,174576.0,-,-,-,-,1,-,-,-,-,-,1
50.5512969,174577.0-174886.0,11,21,6,85,81,7,49,35,7,8,310
50.184431,174887.0-175073.0,6,7,8,67,34,6,32,19,3,5,187
49.9737275,175074.0-175360.0,8,11,10,108,81,11,24,27,3,4,287
49.8699585,175361.0-175586.0,7,11,8,88,50,2,23,22,5,10,226
49.8201439,175587.0-175805.0,4,8,8,84,45,8,24,35,-,3,219
49.7711098,175806.0-175999.0,6,11,5,76,41,2,22,20,5,6,194
49.6322266,176000.0-176301.0,10,12,6,113,76,9,23,40,8,5,302
49.4593034,176302.0-176511.0,9,13,5,86,50,5,15,20,2,5,210
49.3545528,176512.0-176728.0,3,8,8,73,58,4,26,24,4,9,217
49.2473035,176729.0-176961.0,5,11,6,70,74,2,35,17,6,7,233
49.1980067,176962.0-177168.0,7,8,6,79,43,2,29,24,3,6,207
49.1668381,177169.0-177485.0,6,11,7,113,63,3,52,46,5,11,317
49.1097752,177486.0-177721.0,9,10,7,90,52,2,32,22,7,5,236
49.0487536,177722.0-177969.0,2,14,7,95,51,1,34,26,7,11,248
48.8664194,177970.0-178216.0,6,11,7,98,68,6,16,28,2,5,247
48.8548541,178217.0-178495.0,5,14,8,104,59,10,40,28,5,6,279
48.6512524,178496.0-178772.0,11,11,7,85,76,6,39,24,4,14,277
48.5585273,178773.0-178982.0,11,8,7,71,51,6,33,17,3,3,210
48.401775,178983.0-179242.0,5,10,11,79,81,5,33,22,7,7,260
48.1318449,179243.0-179493.0,4,10,7,79,65,4,47,26,4,5,251
48.1265004,179494.0-179794.0,6,18,7,112,74,6,42,24,5,7,301
47.8755661,179795.0-179996.0,5,7,7,75,49,4,22,24,4,5,202
47.8532423,179997.0-180306.0,12,11,7,99,80,8,36,37,8,12,310
47.8398896,180307.0-180535.0,5,8,4,85,53,8,28,26,5,7,229
47.8219396,180536.0-180786.0,11,14,4,91,58,7,34,23,5,4,251
47.8,180787.0,-,-,-,-,1,-,-,-,-,-,1
47.7838912,180788.0-181025.0,9,8,1,78,51,6,37,35,4,9,238
47.7548586,181026.0-181326.0,6,10,6,109,67,11,43,33,4,12,301
47.7,181327.0,-,-,-,-,1,-,-,-,-,-,1
47.4563898,181328.0-181502.0,7,3,1,59,53,4,26,10,6,6,175
47.0872596,181503.0-181763.0,8,7,4,98,65,10,34,23,5,7,261
46.9424901,181764.0-182045.0,14,7,4,75,89,5,44,30,7,7,282
46.88,182046.0,-,-,-,1,-,-,-,-,-,-,1
46.7838981,182047.0-182259.0,10,4,8,72,45,4,40,23,2,5,213
46.728217,182260.0-182465.0,6,11,6,69,51,3,30,23,2,5,206
46.7128425,182466.0-182681.0,4,11,6,75,50,9,28,26,3,4,216
46.4953181,182682.0-182861.0,6,5,1,83,30,4,18,22,4,7,180
46.4182823,182862.0-183073.0,14,6,3,77,48,5,30,25,2,2,212
46.3536656,183074.0-183273.0,10,12,4,82,34,3,25,22,-,8,200
46.2039046,183274.0-183558.0,9,14,11,103,76,6,36,18,4,8,285
46.0219719,183559.0-183798.0,10,7,5,73,61,14,28,31,4,7,240
45.9819894,183799.0-184111.0,12,22,7,114,67,8,34,35,6,8,313
45.8934793,184112.0-184322.0,7,12,10,78,41,4,21,26,5,7,211
45.6611497,184323.0-184584.0,8,10,6,96,63,6,30,32,5,6,262
45.4941917,184585.0-184792.0,4,10,4,78,46,1,17,37,3,8,208
45.457039,184793.0-185104.0,7,14,11,113,65,5,45,38,7,7,312
45.1152324,185105.0-185343.0,11,9,8,56,71,4,42,26,4,8,239
45.035095,185344.0-185632.0,7,14,5,101,77,7,39,27,4,8,289
44.83,185633.0,-,-,-,-,1,-,-,-,-,-,1
44.8240166,185634.0-185881.0,9,11,8,70,62,5,37,31,5,10,248
44.7174641,185882.0-186075.0,10,11,7,75,45,4,20,16,4,2,194
44.6246246,186076.0-186367.0,9,13,3,108,77,5,35,25,7,10,292
44.6087422,186368.0-186588.0,5,13,3,78,54,4,21,32,4,7,221
44.586183,186589.0-186745.0,3,8,4,65,42,3,10,17,2,3,157
44.5569356,186746.0-187017.0,8,11,9,103,50,7,36,30,4,14,272
44.3667268,187018.0-187247.0,4,9,1,61,77,3,39,21,7,8,230
44.3215833,187248.0-187522.0,10,10,4,76,82,4,44,27,2,16,275
44.1937857,187523.0-187786.0,5,12,9,99,68,8,30,21,3,9,264
44.1521083,187787.0-188067.0,5,21,11,93,64,8,38,29,6,6,281
43.723793,188068.0-188241.0,6,10,5,66,33,5,17,23,1,8,174
43.7064846,188242.0-188519.0,8,13,14,91,67,5,30,34,6,10,278
43.6823105,188520.0-188697.0,3,3,1,68,43,5,31,14,5,5,178
43.6669107,188698.0-188885.0,8,8,4,69,45,2,25,19,2,6,188
43.578754,188886.0-189092.0,6,9,4,70,44,6,29,25,5,9,207
43.2614932,189093.0-189328.0,8,13,4,80,50,6,36,26,7,6,236
43.2064159,189329.0-189540.0,9,8,7,89,45,1,23,19,5,6,212
43.1236655,189541.0-189815.0,7,10,4,85,71,10,40,32,6,10,275
43.1094862,189816.0-190017.0,3,7,2,90,38,5,29,23,-,5,202
43.0034494,190018.0-190264.0,4,6,5,94,53,6,38,28,7,6,247
42.6120917,190265.0-190445.0,5,11,2,59,49,4,22,18,2,9,181
42.4145111,190446.0-190720.0,5,8,9,101,61,4,42,31,4,10,275
42.3488094,190721.0-190922.0,13,8,7,75,44,1,27,17,2,8,202
42.1633326,190923.0-191222.0,7,12,1,96,84,6,47,34,5,8,300
41.7943409,191223.0-191470.0,5,13,2,106,66,3,22,17,5,9,248
41.7620841,191471.0-191679.0,4,11,5,73,54,3,26,20,6,7,209
41.7129534,191680.0-191956.0,12,11,6,94,48,3,48,35,9,11,277
41.6288192,191957.0-192187.0,5,14,3,83,60,2,30,27,1,6,231
41.5554243,192188.0-192376.0,6,6,14,75,33,6,24,20,1,4,189
41.3533547,192377.0-192558.0,7,4,6,67,39,1,19,24,3,12,182
41.1906024,192559.0-192816.0,5,15,3,94,62,5,33,21,9,11,258
41.153186,192817.0-193076.0,7,8,6,94,55,6,31,30,12,11,260
41.0952232,193077.0-193359.0,8,15,7,99,58,11,34,34,6,11,283
40.7074872,193360.0-193528.0,3,3,3,49,53,3,25,22,3,5,169
40.6688911,193529.0-193718.0,6,11,9,53,54,3,24,12,5,13,190
40.5616465,193719.0-193900.0,4,8,6,61,49,5,20,20,6,3,182
40.4681495,193901.0-194089.0,4,12,1,59,56,6,19,22,6,4,189
40.4599724,194090.0-194307.0,6,4,5,92,41,4,28,28,5,5,218
40.4581492,194308.0-194574.0,7,14,7,86,58,10,38,29,10,8,267
40.4162412,194575.0-194792.0,6,10,6,57,57,4,40,22,7,9,218
40.369284,194793.0-194991.0,6,8,4,58,56,2,38,20,3,4,199
40.1861311,194992.0-195217.0,7,12,7,93,52,3,30,16,3,3,226
39.9867632,195218.0-195373.0,5,5,4,60,37,4,24,12,1,4,156
39.966573,195374.0-195574.0,6,5,1,72,51,8,26,20,3,9,201
39.9385666,195575.0-195844.0,8,13,7,96,67,6,33,29,4,7,270
39.8653069,195845.0-196001.0,4,5,2,54,49,8,15,18,1,1,157
39.4647165,196002.0-196180.0,10,9,4,68,39,3,21,16,5,4,179
39.199832,196181.0-196440.0,8,20,9,76,67,8,35,24,3,10,260
39.1300992,196441.0-196609.0,7,11,5,68,34,5,17,14,1,7,169
38.9526061,196610.0-196851.0,6,9,4,98,45,9,33,29,6,3,242
38.726658,196852.0-197041.0,5,5,2,60,49,8,25,25,5,6,190
38.6749482,197042.0-197233.0,6,11,6,67,49,5,23,17,2,6,192
38.2278771,197234.0-197415.0,8,11,6,74,33,5,23,15,3,4,182
38.215662,197416.0-197660.0,7,15,5,76,70,9,27,23,6,7,245
38.2037534,197661.0-197947.0,8,15,6,99,67,9,34,35,3,11,287
38.0901752,197948.0-198122.0,-,10,7,70,37,5,24,15,2,5,175
38.0740533,198123.0-198347.0,4,8,7,86,50,5,26,24,5,10,225
37.9825825,198348.0-198587.0,10,12,8,86,58,5,27,20,9,5,240
37.8307719,198588.0-198828.0,6,7,17,100,46,2,23,27,5,8,241
37.8097183,198829.0-198974.0,5,10,3,43,28,5,26,16,2,8,146
37.5813241,198975.0-199204.0,5,10,8,81,47,8,37,23,3,8,230
37.2578704,199205.0-199370.0,5,7,7,62,40,1,15,21,4,4,166
37.2122315,199371.0-199606.0,7,8,3,99,47,4,34,19,8,7,236
37.1881218,199607.0-199753.0,5,6,3,53,47,1,12,12,2,6,147
37.1379111,199754.0-199916.0,6,7,3,58,37,4,24,18,3,3,163
37.0257103,199917.0-200127.0,3,6,2,93,44,5,27,19,5,7,211
36.8722261,200128.0-200282.0,7,5,3,62,45,3,14,12,1,3,155
36.7116245,200283.0-200479.0,8,13,4,56,54,4,24,19,1,14,197
36.6711564,200480.0-200662.0,3,4,6,73,42,4,27,19,2,3,183
36.6414088,200663.0-200883.0,6,11,8,76,55,6,25,23,6,5,221
36.6388387,200884.0-201069.0,5,5,8,41,58,5,34,21,4,5,186
36.6299371,201070.0-201242.0,5,5,4,41,49,3,40,13,3,10,173
36.1833289,201243.0-201399.0,5,10,7,47,34,6,16,26,3,3,157
35.8612172,201400.0-201525.0,6,6,2,40,35,4,14,13,4,2,126
35.8191126,201526.0-201756.0,4,11,5,68,62,1,41,25,3,11,231
35.5990164,201757.0-201880.0,3,7,5,42,25,6,11,17,2,6,124
35.5866115,201881.0-202086.0,6,10,3,71,49,7,30,18,2,10,206
35.5420211,202087.0-202270.0,4,5,8,58,52,5,23,15,6,8,184
35.508346,202271.0-202506.0,7,12,8,84,56,4,27,27,1,10,236
34.8863278,202507.0-202705.0,6,7,5,81,47,2,27,17,4,3,199
34.8005502,202706.0-202878.0,3,9,4,69,43,3,15,20,2,5,173
34.7351841,202879.0-203030.0,6,6,-,60,35,4,18,17,1,5,152
34.7115718,203031.0-203183.0,3,5,4,65,37,1,13,16,3,6,153
34.4790806,203184.0-203376.0,8,11,9,63,44,5,19,23,5,6,193
34.3896838,203377.0-203589.0,2,10,7,84,53,4,27,17,5,4,213
34.2796407,203590.0-203808.0,9,6,9,59,53,5,32,30,9,7,219
34.1066887,203809.0-204041.0,8,8,6,77,54,6,33,21,7,13,233
34.1022162,204042.0-204258.0,5,9,5,58,52,8,37,28,9,6,217
34.0437095,204259.0-204405.0,2,12,5,50,35,1,18,18,1,5,147
34.0389056,204406.0-204574.0,1,5,6,57,45,2,26,14,6,7,169
33.9583652,204575.0-204750.0,6,7,5,68,39,5,20,20,3,3,176
33.8928203,204751.0-204938.0,7,8,6,59,46,4,21,27,4,6,188
33.7141758,204939.0-205111.0,4,7,5,69,33,5,23,15,4,8,173
33.4150899,205112.0-205274.0,2,9,3,53,43,5,31,10,3,4,163
33.1537425,205275.0-205436.0,8,7,5,58,40,6,18,13,5,2,162
33.0737389,205437.0-205636.0,4,10,8,83,34,2,34,12,8,5,200
32.8661478,205637.0-205824.0,10,10,3,56,49,2,25,17,7,9,188
32.7909025,205825.0-205990.0,4,3,5,64,40,3,21,18,2,6,166
32.6058557,205991.0-206140.0,5,7,4,54,32,3,19,21,4,1,150
32.5421636,206141.0-206267.0,8,2,-,52,27,4,14,14,2,4,127
32.5248195,206268.0-206428.0,4,7,-,42,57,1,26,12,7,5,161
32.4939862,206429.0-206574.0,4,3,6,36,45,3,28,10,2,9,146
32.4603175,206575.0-206766.0,6,8,7,67,49,3,19,21,6,6,192
32.0852596,206767.0-206970.0,6,8,8,77,38,7,32,16,6,6,204
31.8464164,206971.0-207184.0,5,7,7,74,59,10,27,16,2,7,214
31.8317161,207185.0-207370.0,3,8,6,73,37,5,27,15,3,9,186
31.7722006,207371.0-207555.0,9,7,2,45,53,5,30,23,6,5,185
31.6249855,207556.0-207692.0,6,2,6,43,34,3,23,12,1,7,137
31.4943887,207693.0-207822.0,8,3,3,37,34,4,12,18,6,5,130
31.3655815,207823.0-207970.0,3,6,6,51,28,6,18,17,3,10,148
31.2469386,207971.0-208146.0,3,7,1,81,35,3,24,15,3,4,176
31.0015898,208147.0-208358.0,8,6,5,81,42,3,24,23,8,12,212
30.9042114,208359.0-208546.0,4,12,4,57,47,3,29,20,5,7,188
30.8808364,208547.0-208714.0,6,9,5,54,41,5,22,18,3,5,168
30.74803,208715.0-208822.0,2,4,1,42,25,3,13,14,3,1,108
30.6903413,208823.0-208971.0,6,5,8,51,37,5,21,12,1,3,149
30.647462,208972.0-209182.0,7,13,9,74,45,6,32,14,5,6,211
30.6281286,209183.0-209384.0,6,9,6,69,50,2,30,20,5,5,202
30.378919,209385.0-209512.0,5,2,3,49,31,2,19,10,3,4,128
30.1917921,209513.0-209733.0,5,9,6,76,59,3,28,24,3,8,221
30.191544,209734.0-209867.0,4,5,8,45,29,4,18,14,2,5,134
29.7556282,209868.0-210010.0,8,4,3,52,30,6,20,11,2,7,143
29.612695,210011.0-210124.0,1,7,2,46,28,-,13,8,3,6,114
29.5324884,210125.0-210233.0,2,6,3,45,17,2,16,13,1,4,109
29.41486,210234.0-210411.0,9,7,6,56,30,6,38,15,3,8,178
29.4122187,210412.0-210544.0,8,4,2,53,31,3,15,14,2,1,133
29.2374051,210545.0-210723.0,6,10,1,57,43,3,24,22,3,10,179
29.1650526,210724.0-210907.0,2,10,2,60,53,6,30,8,6,7,184
28.9974428,210908.0-211054.0,5,7,2,36,48,1,23,14,2,9,147
28.7221654,211055.0-211229.0,4,5,5,73,36,3,21,18,6,4,175
28.7105475,211230.0-211397.0,4,4,8,68,36,7,18,14,5,4,168
28.6606658,211398.0-211522.0,4,9,4,25,43,1,20,12,5,2,125
28.4767446,211523.0-211635.0,5,6,-,42,21,3,21,9,-,6,113
28.3323489,211636.0-211725.0,3,3,4,37,21,3,10,6,1,2,90
28.3220209,211726.0-211877.0,3,10,8,58,35,6,18,8,3,3,152
28.2298995,211878.0-212058.0,7,11,2,57,39,4,31,22,3,5,181
27.9569892,212059.0-212157.0,4,6,2,33,23,2,13,11,2,3,99
27.9000459,212158.0-212265.0,4,8,1,34,29,3,15,10,2,2,108
27.8805461,212266.0-212437.0,2,7,4,55,45,4,28,17,2,8,172
27.84396,212438.0-212585.0,5,9,3,54,32,7,24,8,4,2,148
27.6982865,212586.0-212739.0,3,7,6,49,41,6,23,10,5,4,154
27.5667492,212740.0-212899.0,4,8,3,57,32,3,25,14,7,7,160
27.2730752,212900.0-213028.0,3,6,1,56,28,5,14,10,3,3,129
27.2101033,213029.0-213203.0,6,5,2,69,43,5,19,14,4,8,175
27.147084,213204.0-213309.0,1,4,5,41,26,-,17,8,4,-,106
27.1206001,213310.0-213402.0,5,1,3,41,19,1,12,7,-,4,93
27.0109031,213403.0-213587.0,9,6,3,71,53,1,21,12,5,4,185
26.6925382,213588.0-213686.0,1,7,4,38,17,4,7,15,1,5,99
26.591875,213687.0-213787.0,1,6,1,33,19,6,12,16,3,4,101
26.4190879,213788.0-213872.0,5,3,3,32,17,1,11,11,2,-,85
26.3181412,213873.0-214048.0,6,7,4,55,42,2,32,19,3,6,176
26.2353347,214049.0-214185.0,5,5,3,37,32,2,22,19,5,7,137
26.166493,214186.0-214286.0,4,1,5,38,23,4,9,13,3,1,101
25.8331579,214287.0-214440.0,4,6,6,63,23,6,16,16,4,10,154
25.8055428,214441.0-214581.0,2,4,2,43,43,3,25,7,8,4,141
25.6909658,214582.0-214741.0,2,8,6,66,40,2,19,10,5,2,160
25.4578819,214742.0-214883.0,6,5,6,51,26,3,17,17,3,8,142
25.432546,214884.0-214986.0,2,6,2,37,22,2,12,9,4,7,103
25.3041937,214987.0-215093.0,5,3,5,52,17,1,10,11,1,2,107
25.2991393,215094.0-215243.0,3,8,5,47,37,2,25,16,4,3,150
25.2895608,215244.0-215359.0,2,4,4,27,35,2,20,10,3,9,116
25.0611389,215360.0-215457.0,3,2,-,38,21,3,14,8,5,4,98
25.0523784,215458.0-215586.0,3,9,2,37,41,2,17,9,4,5,129
24.9635504,215587.0-215734.0,4,6,4,48,33,2,34,8,3,6,148
24.78221,215735.0-215838.0,5,5,2,34,25,4,14,9,2,4,104
24.7436032,215839.0-215989.0,5,3,2,37,48,4,22,18,4,8,151
24.5822293,215990.0-216134.0,4,3,4,53,34,4,22,15,4,2,145
24.3359483,216135.0-216273.0,4,7,4,55,35,4,14,8,5,3,139
24.2423208,216274.0-216430.0,2,9,6,50,41,2,20,20,3,4,157
24.093066,216431.0-216515.0,3,1,4,39,13,1,9,12,1,2,85
24.0353914,216516.0-216619.0,3,5,2,35,29,3,11,10,3,3,104
23.9884494,216620.0-216781.0,6,9,2,60,41,3,23,10,5,3,162
23.9624698,216782.0-216886.0,3,5,2,36,25,1,12,15,-,6,105
23.7839084,216887.0-216982.0,3,2,1,35,23,1,18,7,4,2,96
23.5746832,216983.0-217060.0,2,1,3,29,24,2,9,4,2,2,78
23.5136803,217061.0-217201.0,3,8,3,45,38,-,16,22,4,2,141
23.5097171,217202.0-217280.0,1,4,1,30,22,3,11,4,2,1,79
23.426501,217281.0-217408.0,6,6,4,49,29,4,10,11,4,5,128
23.214079,217409.0-217494.0,5,5,2,18,24,2,10,15,2,3,86
22.8294494,217495.0-217648.0,3,6,6,49,41,7,21,13,2,6,154
22.7484499,217649.0-217791.0,6,5,3,50,27,2,29,13,-,8,143
22.6197993,217792.0-217921.0,4,3,3,50,26,4,20,9,6,5,130
22.546494,217922.0-218037.0,5,7,-,39,30,2,14,15,2,2,116
22.5386607,218038.0-218154.0,5,6,7,30,33,8,18,5,1,4,117
22.4923895,218155.0-218234.0,2,1,2,29,22,2,11,5,2,4,80
22.3579956,218235.0-218366.0,6,2,3,39,32,1,23,17,6,3,132
22.27398,218367.0-218448.0,3,4,1,34,16,-,8,12,1,3,82
22.1854696,218449.0-218520.0,-,1,4,20,18,2,12,12,1,2,72
22.1683213,218521.0-218649.0,4,10,2,30,44,2,23,6,3,5,129
22.0653604,218650.0-218765.0,8,3,2,36,26,1,16,13,6,5,116
21.6834785,218766.0-218824.0,5,3,4,18,12,3,5,7,-,2,59
21.5915263,218825.0-218927.0,2,7,4,23,35,2,20,5,1,4,103
21.5368309,218928.0-219030.0,-,6,1,39,23,2,20,7,3,2,103
21.3588155,219031.0-219147.0,5,7,2,34,29,-,22,9,4,5,117
21.1739609,219148.0-219284.0,5,6,7,50,29,-,17,10,6,7,137
21.0617426,219285.0-219363.0,2,3,1,28,21,4,13,6,-,1,79
20.9880869,219364.0-219459.0,3,4,1,39,15,6,16,9,-,3,96
20.9290709,219460.0-219531.0,2,4,1,22,21,2,9,8,-,3,72
20.9233553,219532.0-219643.0,7,9,1,45,17,1,17,7,5,3,112
20.9078498,219644.0-219782.0,6,8,1,56,32,2,15,9,2,8,139
20.9054033,219783.0-219858.0,3,3,2,27,15,1,8,12,3,2,76
20.7106482,219859.0-219935.0,6,3,3,32,13,3,4,8,1,4,77
20.7039337,219936.0-220069.0,2,4,3,54,33,4,16,10,4,4,134
20.4073236,220070.0-220207.0,3,5,3,50,34,4,18,11,2,8,138
20.4040793,220208.0-220281.0,5,2,3,19,22,1,14,6,1,1,74
20.3272741,220282.0-220350.0,3,6,-,22,15,1,7,10,1,4,69
19.9986005,220351.0-220444.0,3,3,2,37,18,3,13,7,4,4,94
19.9880898,220445.0-220558.0,2,5,5,40,29,-,12,8,4,9,114
19.7294902,220559.0-220641.0,3,1,4,30,21,-,11,6,3,4,83
19.7268589,220642.0-220752.0,3,4,-,36,37,3,9,10,8,1,111
19.5678103,220753.0-220855.0,2,3,1,36,27,1,13,10,1,9,103
19.5229257,220856.0-220989.0,1,4,3,47,32,4,16,11,5,11,134
19.4445432,220990.0-221095.0,3,6,3,34,26,1,18,8,2,5,106
19.4285936,221096.0-221168.0,2,3,4,27,11,-,13,8,2,3,73
19.3259851,221169.0-221304.0,3,6,1,32,46,2,23,12,3,8,136
19.2990746,221305.0-221361.0,4,2,2,17,15,1,6,7,1,2,57
19.0169976,221362.0-221448.0,3,9,1,14,28,1,14,11,2,4,87
18.8254623,221449.0-221523.0,2,4,2,21,17,3,14,7,2,3,75
18.7740682,221524.0-221614.0,3,4,1,47,16,4,10,5,-,1,91
18.4565842,221615.0-221716.0,2,6,4,19,34,2,17,10,6,2,102
18.3800623,221717.0-221831.0,1,9,2,35,30,5,16,11,2,4,115
18.3316683,221832.0-221893.0,1,3,2,19,17,1,8,7,1,3,62
18.2784396,221894.0-221950.0,1,5,1,21,12,3,7,5,1,1,57
18.2769061,221951.0-222049.0,3,5,4,38,22,2,13,7,2,3,99
18.2420021,222050.0-222110.0,1,4,1,23,17,1,6,5,-,3,61
18.1365898,222111.0-222214.0,3,5,6,33,25,3,17,7,1,4,104
18.0880939,222215.0-222284.0,-,2,4,24,13,1,12,7,4,3,70
18.015086,222285.0-222351.0,1,3,1,25,13,1,14,5,3,1,67
17.9468599,222352.0-222453.0,5,1,3,41,27,3,9,8,2,3,102
17.7299217,222454.0-222506.0,1,1,-,27,10,-,6,5,2,1,53
17.7235495,222507.0-222613.0,4,6,3,35,32,1,11,6,4,5,107
17.5512583,222614.0-222714.0,2,4,7,36,24,2,12,9,3,2,101
17.5485857,222715.0-222776.0,2,5,1,22,18,2,7,2,-,3,62
17.5005248,222777.0-222847.0,-,4,2,21,16,-,17,7,1,3,71
17.4168914,222848.0-222929.0,2,1,3,34,19,1,13,7,-,2,82
17.200127,222930.0-223030.0,1,3,1,40,26,-,16,6,4,4,101
17.0157534,223031.0-223130.0,4,7,-,32,22,2,12,11,6,4,100
16.8509884,223131.0-223173.0,1,2,-,17,10,1,5,4,3,-,43
16.8210201,223174.0-223266.0,5,2,5,31,27,-,12,4,4,3,93
16.8122355,223267.0-223323.0,2,3,2,13,15,2,13,4,1,2,57
16.7388465,223324.0-223420.0,-,3,2,38,27,1,16,6,1,3,97
16.6253199,223421.0-223471.0,-,3,1,24,8,1,8,4,-,2,51
16.3855337,223472.0-223558.0,4,4,3,20,29,3,13,9,-,2,87
16.2056174,223559.0-223636.0,2,2,4,24,23,-,8,8,4,3,78
16.1702768,223637.0-223717.0,6,1,2,18,24,2,17,2,6,3,81
16.0591472,223718.0-223763.0,2,3,1,15,12,-,6,5,1,1,46
15.8646734,223764.0-223806.0,-,1,1,17,10,2,6,5,-,1,43
15.7457927,223807.0-223865.0,1,2,3,19,14,3,10,4,1,2,59
15.7373377,223866.0-223966.0,7,5,-,30,21,1,15,14,3,5,101
15.6857493,223967.0-224023.0,1,2,2,23,13,-,10,2,-,4,57
15.6344619,224024.0-224107.0,1,3,3,31,19,2,10,11,1,3,84
15.5452972,224108.0-224158.0,3,2,-,19,14,2,5,5,-,1,51
15.4884768,224159.0-224245.0,5,5,1,16,23,1,22,4,4,6,87
15.4623879,224246.0-224336.0,1,4,5,24,23,4,16,7,2,5,91
15.4472393,224337.0-224427.0,2,3,-,36,24,2,13,8,1,2,91
15.353984,224428.0-224469.0,1,1,1,12,14,-,7,4,-,2,42
15.2676469,224470.0-224509.0,-,1,-,15,12,-,5,3,2,2,40
15.1948779,224510.0-224576.0,1,3,-,29,13,1,9,8,3,-,67
15.1259327,224577.0-224652.0,2,5,2,19,19,-,13,11,-,5,76
14.9547816,224653.0-224705.0,2,-,1,17,13,1,10,6,-,3,53
14.8254817,224706.0-224797.0,2,7,2,26,27,-,18,8,-,2,92
14.7883959,224798.0-224876.0,3,3,-,23,27,1,12,5,4,1,79
14.6900893,224877.0-224957.0,2,3,1,22,21,2,12,11,4,3,81
14.6839821,224958.0-225037.0,3,2,1,27,29,3,6,4,4,1,80
14.4618704,225038.0-225071.0,1,1,5,4,10,-,4,4,2,3,34
14.2929234,225072.0-225111.0,1,1,-,12,11,2,6,5,1,1,40
14.1484544,225112.0-225148.0,1,1,1,11,13,-,4,4,1,1,37
14.1268505,225149.0-225242.0,4,4,3,25,25,2,18,6,6,1,94
13.9341445,225243.0-225328.0,4,2,-,27,30,2,12,4,2,3,86
13.7926161,225329.0-225392.0,3,3,3,17,22,2,9,3,1,1,64
13.6469615,225393.0-225452.0,2,3,2,12,19,3,8,7,3,1,60
13.5482364,225453.0-225482.0,1,2,-,13,8,1,2,2,1,-,30
13.5260767,225483.0-225542.0,1,1,-,15,20,-,13,5,-,5,60
13.510622,225543.0-225579.0,1,2,1,10,16,1,4,-,-,2,37
13.2598171,225580.0-225611.0,-,2,-,12,6,-,6,6,-,-,32
13.2183243,225612.0-225647.0,-,1,1,12,9,3,2,6,1,1,36
13.1846958,225648.0-225714.0,-,3,-,18,22,2,7,10,3,2,67
13.1754171,225715.0-225758.0,-,2,1,21,10,-,6,2,1,1,44
13.1614654,225759.0-225826.0,1,4,2,21,13,1,12,8,3,3,68
13.1538992,225827.0-225900.0,4,5,3,19,19,2,6,8,4,4,74
13.1401169,225901.0-225960.0,3,4,-,17,19,1,8,4,4,-,60
13.0566298,225961.0-225988.0,-,-,-,15,4,1,5,1,1,1,28
13.0294287,225989.0-226019.0,2,1,-,10,4,1,7,3,3,-,31
13.0221818,226020.0-226076.0,2,4,-,20,12,3,12,-,2,2,57
12.9330578,226077.0-226134.0,-,3,2,25,10,-,11,5,1,1,58
12.7454023,226135.0-226206.0,2,4,1,19,25,2,7,4,5,3,72
12.6169055,226207.0-226266.0,1,3,3,19,19,2,5,5,1,2,60
12.6034251,226267.0-226295.0,2,1,-,10,8,-,4,3,1,-,29
12.394569,226296.0-226370.0,2,2,-,30,18,-,13,5,2,3,75
12.3071672,226371.0-226441.0,-,6,1,21,28,1,8,3,2,1,71
12.2913505,226442.0-226503.0,1,1,-,25,16,3,9,3,1,3,62
12.2161407,226504.0-226536.0,3,2,-,13,7,1,4,2,-,1,33
12.0650457,226537.0-226564.0,1,-,-,11,8,-,4,3,1,-,28
11.6952156,226565.0-226599.0,1,2,-,10,9,1,6,4,1,1,35
11.6326387,226600.0-226660.0,-,3,-,19,17,-,9,4,5,4,61
11.5809928,226661.0-226726.0,-,3,3,23,13,-,10,9,2,3,66
11.5237873,226727.0-226761.0,-,2,-,12,7,2,5,3,2,2,35
11.4456589,226762.0-226829.0,3,4,3,16,15,3,7,9,2,6,68
11.420728,226830.0-226881.0,3,1,3,11,19,-,6,3,2,4,52
11.3079387,226882.0-226916.0,2,1,-,19,10,1,1,1,-,-,35
11.1849689,226917.0-226943.0,-,4,2,8,8,-,2,1,-,2,27
11.1503744,226944.0-226986.0,1,1,-,17,12,-,4,1,3,4,43
11.134049,226987.0-227056.0,3,1,1,29,20,-,9,4,-,3,70
11.1302155,227057.0-227091.0,-,4,-,14,6,1,3,3,1,3,35
11.1244146,227092.0-227155.0,2,1,1,17,17,2,12,8,4,-,64
11.0148558,227156.0-227226.0,3,-,2,23,20,2,12,6,2,1,71
11.0099135,227227.0-227283.0,4,4,6,16,13,1,7,3,3,-,57
10.9696342,227284.0-227345.0,5,3,-,22,19,1,4,7,1,-,62
10.9559161,227346.0-227376.0,2,-,3,8,8,1,4,4,-,1,31
10.9277482,227377.0-227403.0,-,1,-,11,7,-,3,5,-,-,27
10.9251779,227404.0-227429.0,-,3,1,7,6,1,5,2,1,-,26
10.9209283,227430.0-227489.0,4,3,1,12,18,1,9,5,2,5,60
10.7179688,227490.0-227547.0,3,2,-,25,8,3,9,6,1,1,58
10.5830287,227548.0-227565.0,-,1,-,9,3,-,2,3,-,-,18
10.57655,227566.0-227614.0,1,3,-,10,22,-,8,3,1,1,49
10.3857148,227615.0-227683.0,1,5,1,24,16,1,14,4,2,1,69
10.3339505,227684.0-227754.0,2,5,-,20,21,2,9,5,5,2,71
10.2014673,227755.0-227773.0,1,-,-,7,5,2,3,1,-,-,19
10.1190706,227774.0-227804.0,1,-,-,12,5,-,5,6,1,1,31
10.0170648,227805.0-227853.0,4,1,1,13,10,-,9,4,4,3,49
9.7897898,227854.0-227899.0,-,1,1,19,14,-,8,1,1,1,46
9.7223863,227900.0-227921.0,-,1,2,7,6,1,2,-,2,1,22
9.5804392,227922.0-227973.0,1,-,1,18,15,1,5,6,2,3,52
9.5733084,227974.0-227994.0,-,1,-,6,3,-,6,1,1,3,21
9.5479844,227995.0-228047.0,2,1,3,16,14,4,7,4,2,-,53
9.5059828,228048.0-228078.0,1,2,-,11,7,-,6,1,1,2,31
9.4708811,228079.0-228098.0,1,3,-,2,6,-,4,4,-,-,20
9.3099208,228099.0-228123.0,-,-,-,10,6,1,3,4,1,-,25
9.3008868,228124.0-228184.0,2,1,3,23,14,-,8,5,1,4,61
9.2107074,228185.0-228230.0,2,4,2,21,7,-,6,1,2,1,46
9.2097999,228231.0-228280.0,-,2,1,19,15,2,7,-,1,3,50
9.1673381,228281.0-228315.0,3,-,3,13,6,-,7,-,3,-,35
9.1242549,228316.0-228332.0,-,-,-,7,3,1,3,3,-,-,17
9.0555876,228333.0-228356.0,-,1,3,9,6,-,2,2,1,-,24
9.0317643,228357.0-228407.0,2,2,2,10,18,-,7,7,1,2,51
9.0272463,228408.0-228435.0,1,1,1,12,6,-,4,-,-,3,28
9.0217275,228436.0-228477.0,2,-,1,20,11,-,5,1,1,1,42
9.0115153,228478.0-228525.0,2,1,1,11,17,1,10,4,1,-,48
8.9252211,228526.0-228544.0,-,-,-,7,6,-,1,1,-,4,19
8.764745,228545.0-228579.0,-,1,1,10,11,-,6,3,1,2,35
8.7473542,228580.0-228600.0,1,-,-,9,4,-,5,-,1,1,21
8.6529978,228601.0-228646.0,-,3,3,17,8,1,8,4,1,1,46
8.5124544,228647.0-228688.0,1,3,-,9,12,1,10,4,1,1,42
8.3226583,228689.0-228704.0,-,-,-,6,1,-,5,1,2,1,16
8.3041898,228705.0-228750.0,3,5,2,13,9,2,6,6,-,-,46
8.1769489,228751.0-228767.0,-,1,-,4,8,2,1,1,-,-,17
8.1379889,228768.0-228804.0,3,1,1,16,6,1,4,2,1,2,37
8.051581,228805.0-228850.0,-,-,1,19,8,1,7,7,1,2,46
8.0477816,228851.0-228896.0,1,1,1,15,18,1,5,3,-,1,46
7.912154,228897.0-228930.0,1,1,-,4,13,1,7,7,-,-,34
7.8474707,228931.0-228965.0,3,3,2,15,8,-,3,-,1,-,35
7.8036355,228966.0-228977.0,-,2,-,1,4,-,1,2,-,2,12
7.7980223,228978.0-228988.0,-,1,-,5,2,1,2,-,-,-,11
7.749557,228989.0-229003.0,-,-,-,8,4,1,-,2,-,-,15
7.6400322,229004.0-229033.0,-,2,-,10,11,2,2,1,1,1,30
7.5891936,229034.0-229074.0,1,3,-,16,10,-,2,4,-,5,41
7.5810904,229075.0-229124.0,2,1,1,11,20,1,8,3,2,1,50
7.5386152,229125.0-229140.0,-,1,1,5,6,-,2,1,-,-,16
7.5282136,229141.0-229172.0,-,-,-,15,6,2,1,5,1,2,32
7.4014234,229173.0-229187.0,-,-,-,5,4,-,5,-,-,1,15
7.3823833,229188.0-229219.0,2,-,1,10,5,1,6,1,2,4,32
7.3783359,229220.0-229233.0,1,-,-,3,3,-,4,3,-,-,14
7.3590096,229234.0-229245.0,1,1,-,4,2,-,3,1,-,-,12
7.3205266,229246.0-229261.0,-,-,-,5,4,1,4,1,-,1,16
7.2922103,229262.0-229295.0,1,2,-,5,16,-,6,2,1,1,34
7.2789379,229296.0-229336.0,-,3,1,12,14,-,3,4,1,3,41
7.223771,229337.0-229377.0,3,3,-,11,12,1,6,4,1,-,41
7.0846022,229378.0-229414.0,1,1,1,13,11,-,4,3,2,1,37
7.0309794,229415.0-229428.0,1,1,-,5,4,-,1,1,-,1,14
6.8673857,229429.0-229461.0,1,-,1,1,15,-,7,1,5,2,33
6.8553239,229462.0-229470.0,-,1,-,3,2,-,1,1,-,1,9
6.7769925,229471.0-229497.0,2,2,2,8,8,2,2,-,-,1,27
6.6790098,229498.0-229534.0,2,2,-,15,9,-,5,3,-,1,37
6.6207384,229535.0-229557.0,-,2,1,6,6,1,6,-,1,-,23
6.539247,229558.0-229577.0,-,2,-,8,6,-,1,1,1,1,20
6.4081601,229578.0-229591.0,1,-,-,5,4,-,1,2,1,-,14
6.3481229,229592.0-229624.0,2,3,-,4,10,-,9,3,1,1,33
6.3402527,229625.0-229649.0,1,2,1,2,8,-,7,2,1,1,25
6.3332176,229650.0-229658.0,-,-,2,4,1,-,2,-,-,-,9
6.3284922,229659.0-229691.0,1,2,-,14,4,-,8,2,-,2,33
6.2948821,229692.0-229720.0,2,1,-,14,5,-,6,-,1,-,29
6.2663906,229721.0-229743.0,3,1,-,10,4,-,5,-,-,-,23
6.1768785,229744.0-229769.0,1,2,3,7,6,1,3,2,1,-,26
6.1626304,229770.0-229783.0,-,1,1,6,4,-,1,1,-,-,14
6.103771,229784.0-229813.0,-,1,1,7,7,-,10,4,-,-,30
6.0401137,229814.0-229822.0,-,1,-,2,3,-,-,1,1,1,9
6.0242354,229823.0-229832.0,2,-,-,3,3,1,1,-,-,-,10
5.9771774,229833.0-229862.0,1,1,1,10,7,-,4,4,-,2,30
5.9620389,229863.0-229878.0,1,-,-,5,3,1,3,1,1,1,16
5.9388373,229879.0-229905.0,-,2,-,6,10,1,3,3,1,1,27
5.9300015,229906.0-229914.0,-,1,-,1,3,-,3,1,-,-,9
5.9118582,229915.0-229922.0,-,2,-,2,3,-,1,-,-,-,8
5.8051311,229923.0-229936.0,-,-,-,6,6,-,1,1,-,-,14
5.6844832,229937.0-229969.0,-,2,1,8,11,-,7,1,2,1,33
5.6725034,229970.0-229980.0,1,1,-,3,1,-,2,1,1,1,11
5.6520055,229981.0-230013.0,2,3,1,9,12,1,3,-,-,2,33
5.5559443,230014.0-230040.0,1,2,-,8,8,-,6,1,-,1,27
5.4850355,230041.0-230049.0,-,1,-,2,1,-,1,4,-,-,9
5.433669,230050.0-230079.0,-,3,-,15,8,-,1,2,-,1,30
5.4201909,230080.0-230107.0,-,2,-,6,9,-,7,1,1,2,28
5.2389769,230108.0-230135.0,-,-,-,11,6,-,2,5,1,3,28
5.1774267,230136.0-230149.0,-,-,-,4,6,-,1,1,-,2,14
5.1751378,230150.0-230159.0,1,1,-,2,3,-,2,-,1,-,10
5.1545589,230160.0-230172.0,-,-,-,3,5,-,4,-,-,1,13
5.1420646,230173.0-230195.0,4,2,-,10,4,-,1,1,-,1,23
5.121377,230196.0-230209.0,1,2,1,4,2,-,4,-,-,-,14
5.0503911,230210.0-230235.0,1,-,1,3,10,-,7,2,1,1,26
5.0477816,230236.0-230259.0,1,-,-,8,3,1,5,2,2,2,24
5.0094717,230260.0-230282.0,-,3,-,10,7,-,1,1,1,-,23
4.9620428,230283.0-230302.0,2,2,1,6,2,1,6,-,-,-,20
4.8375998,230303.0-230329.0,-,2,-,4,7,2,7,2,-,3,27
4.8374702,230330.0-230338.0,1,-,-,4,3,-,-,-,-,1,9
4.7804686,230339.0-230345.0,1,-,-,3,1,-,-,2,-,-,7
4.7663012,230346.0-230354.0,1,3,-,-,4,-,-,-,-,1,9
4.7246286,230355.0-230373.0,1,1,2,4,6,-,4,-,-,1,19
4.7123118,230374.0-230391.0,1,-,1,3,7,-,5,-,-,1,18
4.711155,230392.0-230407.0,1,-,-,7,4,-,-,3,-,1,16
4.6483134,230408.0-230415.0,1,-,-,1,2,1,2,-,-,1,8
4.6188581,230416.0-230424.0,-,-,-,6,3,-,-,-,-,-,9
4.6156197,230425.0-230431.0,-,1,2,2,1,-,1,-,-,-,7
4.5083832,230432.0-230457.0,-,-,1,11,4,-,8,1,1,-,26
4.5063327,230458.0-230474.0,1,-,1,7,4,-,1,3,-,-,17
4.4515103,230475.0-230499.0,1,1,2,10,6,-,2,1,1,1,25
4.4102367,230500.0-230505.0,-,1,-,2,1,-,2,-,-,-,6
4.3948304,230506.0-230518.0,-,1,-,2,5,-,4,-,-,1,13
4.3571041,230519.0-230543.0,-,3,1,2,7,-,8,-,1,3,25
4.3088389,230544.0-230549.0,-,-,-,1,3,-,-,2,-,-,6
4.2388251,230550.0-230576.0,1,-,-,9,5,2,9,1,-,-,27
4.2070971,230577.0-230596.0,-,-,1,6,9,1,1,1,1,-,20
4.1246657,230597.0-230614.0,-,1,-,5,6,1,4,1,-,-,18
4.0614217,230615.0-230624.0,1,-,-,1,1,-,2,2,-,3,10
4.0566846,230625.0-230629.0,-,1,-,2,-,-,2,-,-,-,5
4.0306732,230630.0-230634.0,1,-,-,1,3,-,-,-,-,-,5
4.0175987,230635.0-230642.0,1,-,-,4,1,-,1,-,1,-,8
3.9711191,230643.0-230664.0,2,-,-,5,8,-,7,-,-,-,22
3.8634812,230665.0-230682.0,-,-,-,3,4,-,4,2,2,3,18
3.8623448,230683.0-230698.0,-,-,-,8,4,-,1,1,-,2,16
3.761623,230699.0-230701.0,-,1,-,1,-,-,-,-,1,-,3
3.7336345,230702.0-230709.0,-,1,1,1,2,-,2,-,-,1,8
3.7122524,230710.0-230714.0,-,1,-,1,1,-,-,1,1,-,5
3.7090559,230715.0-230726.0,-,-,-,5,4,-,3,-,-,-,12
3.6878544,230727.0-230741.0,1,2,-,1,3,-,4,3,-,1,15
3.66428,230742.0-230747.0,-,-,-,3,1,-,1,1,-,-,6
3.6536743,230748.0-230773.0,-,1,-,9,6,-,5,3,-,2,26
3.6424493,230774.0-230775.0,-,-,-,-,1,-,1,-,-,-,2
3.6183708,230776.0-230781.0,-,-,-,2,-,-,3,-,1,-,6
3.6176615,230782.0-230797.0,-,-,1,6,2,1,3,1,-,2,16
3.6086025,230798.0-230803.0,-,-,-,4,1,-,-,-,-,1,6
3.5388008,230804.0-230821.0,-,1,-,7,6,-,4,-,-,-,18
3.4968483,230822.0-230836.0,-,1,2,2,6,-,3,1,-,-,15
3.4519915,230837.0-230840.0,-,-,-,2,-,-,-,1,-,1,4
3.4375727,230841.0-230855.0,1,-,-,1,7,-,3,1,1,1,15
3.4269564,230856.0-230867.0,1,1,2,4,-,1,1,-,-,2,12
3.3604779,230868.0-230883.0,-,1,2,8,1,-,3,-,1,-,16
3.3523663,230884.0-230893.0,1,-,-,2,2,-,3,2,-,-,10
3.2677709,230894.0-230904.0,2,-,1,3,2,-,2,-,-,1,11
3.2568611,230905.0-230912.0,-,1,-,2,4,-,1,-,-,-,8
3.2332168,230913.0-230932.0,-,1,-,9,6,-,-,2,1,1,20
3.1878353,230933.0-230937.0,-,-,-,-,2,-,-,2,1,-,5
3.1846142,230938.0-230940.0,1,-,-,1,-,-,-,1,-,-,3
3.1738869,230941.0-230955.0,-,-,1,4,6,-,2,1,-,1,15
3.0695292,230956.0-230971.0,1,1,1,3,5,-,1,1,1,2,16
3.0557589,230972.0-230974.0,-,-,-,-,2,-,-,1,-,-,3
3.0031408,230975.0-230989.0,1,-,-,5,6,1,-,1,-,1,15
3.000577,230990.0-230992.0,-,-,1,-,1,-,-,1,-,-,3
2.9354139,230993.0-231003.0,1,-,-,2,4,-,3,-,1,-,11
2.9201568,231004.0-231006.0,-,-,-,-,1,-,1,-,-,1,3
2.9073768,231007.0-231020.0,1,-,-,5,5,-,2,1,-,-,14
2.8771331,231021.0-231034.0,-,1,1,4,3,-,2,3,-,-,14
2.8702641,231035.0-231051.0,1,-,-,6,1,-,6,2,1,-,17
2.8142589,231052.0-231055.0,-,1,1,1,1,-,-,-,-,-,4
2.7897371,231056.0-231069.0,-,-,-,6,5,-,1,1,-,1,14
2.7879504,231070.0,-,-,-,1,-,-,-,-,-,-,1
2.7743762,231071.0-231077.0,-,-,-,2,1,-,3,-,-,1,7
2.7666157,231078.0-231089.0,1,1,-,7,-,-,3,-,-,-,12
2.7586734,231090.0-231092.0,-,-,-,-,3,-,-,-,-,-,3
2.7428336,231093.0-231101.0,1,-,-,1,4,1,1,1,-,-,9
2.7197951,231102.0-231123.0,-,-,2,5,11,-,2,-,1,1,22
2.7168345,231124.0-231132.0,-,-,-,4,-,-,2,1,2,-,9
2.7009895,231133.0-231148.0,-,-,1,3,8,-,3,-,-,1,16
2.6973062,231149.0-231160.0,1,-,-,3,7,-,1,-,-,-,12
2.6515297,231161.0-231162.0,-,-,-,1,1,-,-,-,-,-,2
2.6363009,231163.0-231170.0,-,-,-,1,4,1,1,1,-,-,8
2.539462,231171.0-231172.0,-,-,-,-,1,-,1,-,-,-,2
2.5348395,231173.0-231177.0,-,-,-,2,1,-,-,1,-,1,5
2.5195548,231178.0-231196.0,-,3,-,3,8,1,2,1,1,-,19
2.506343,231197.0-231203.0,1,-,-,1,1,2,1,-,-,1,7
2.452698,231204.0-231206.0,1,1,-,-,1,-,-,-,-,-,3
2.438508,231207.0-231213.0,-,2,-,2,2,-,1,-,-,-,7
2.4006782,231214.0-231215.0,1,1,-,-,-,-,-,-,-,-,2
2.340634,231216.0-231222.0,-,-,-,-,1,2,3,-,-,1,7
2.3258261,231223.0-231233.0,-,-,1,4,5,-,-,1,-,-,11
2.3015446,231234.0-231235.0,-,-,-,-,1,-,-,1,-,-,2
2.2639692,231236.0-231244.0,-,-,-,4,4,-,1,-,-,-,9
2.2579411,231245.0-231262.0,3,-,-,4,4,-,4,3,-,-,18
2.2350452,231263.0-231268.0,-,1,-,2,-,-,1,1,-,1,6
2.21843,231269.0-231276.0,-,-,1,2,4,-,-,1,-,-,8
2.1798656,231277.0-231286.0,-,1,-,3,2,-,2,1,-,1,10
2.161348,231287.0-231298.0,1,1,-,6,2,-,2,-,-,-,12
2.1282286,231299.0-231300.0,-,-,-,1,-,-,1,-,-,-,2
2.1067743,231301.0-231309.0,-,-,1,5,1,-,-,-,1,1,9
2.1046992,231310.0,-,-,-,-,-,-,-,-,-,1,1
2.0950362,231311.0-231317.0,-,-,1,1,1,2,2,-,-,-,7
2.0909628,231318.0-231319.0,-,-,-,-,2,-,-,-,-,-,2
2.082677,231320.0-231327.0,1,-,-,2,3,-,-,-,1,1,8
2.0794666,231328.0-231342.0,-,-,-,3,5,-,4,2,1,-,15
2.0776843,231343.0-231349.0,-,-,-,2,2,-,2,1,-,-,7
2.0427881,231350.0-231361.0,-,2,-,7,1,1,1,-,-,-,12
2.0408163,231362.0-231364.0,1,-,-,2,-,-,-,-,-,-,3
2.0126996,231365.0-231366.0,-,1,-,1,-,-,-,-,-,-,2
1.9798541,231367.0-231369.0,-,-,-,2,-,-,-,1,-,-,3
1.9749023,231370.0-231378.0,-,1,1,3,1,-,2,1,-,-,9
1.9329122,231379.0-231386.0,1,1,-,2,2,-,-,1,-,1,8
1.887991,231387.0-231389.0,-,-,-,1,2,-,-,-,-,-,3
1.8865727,231390.0-231397.0,-,2,-,-,3,-,3,-,-,-,8
1.8414701,231398.0-231400.0,-,-,-,-,1,-,1,1,-,-,3
1.8263243,231401.0-231407.0,1,1,-,3,-,-,-,2,-,-,7
1.787985,231408.0-231409.0,-,-,-,-,1,-,1,-,-,-,2
1.7674633,231410.0-231412.0,1,-,-,-,-,-,2,-,-,-,3
1.7581888,231413.0-231421.0,-,-,1,2,5,-,1,-,-,-,9
1.7470006,231422.0-231427.0,1,1,-,2,-,1,1,-,-,-,6
1.7465122,231428.0-231433.0,-,-,-,1,1,-,2,1,1,-,6
1.7104655,231434.0-231438.0,1,-,-,-,2,-,1,1,-,-,5
1.6757679,231439.0-231445.0,-,1,-,3,1,-,1,1,-,-,7
1.6499107,231446.0-231456.0,-,1,-,3,5,-,2,-,-,-,11
1.6464705,231457.0-231460.0,-,-,-,2,2,-,-,-,-,-,4
1.6286875,231461.0-231469.0,-,-,-,2,-,-,4,2,1,-,9
1.5952389,231470.0-231472.0,-,-,-,-,1,-,2,-,-,-,3
1.5821345,231473.0-231483.0,-,-,-,2,3,-,3,1,2,-,11
1.5752309,231484.0-231488.0,-,-,-,-,3,-,2,-,-,-,5
1.5727843,231489.0,-,-,-,-,1,-,-,-,-,-,1
1.5700483,231490.0-231497.0,-,1,-,1,2,-,2,1,-,1,8
1.5593621,231498.0,-,-,1,-,-,-,-,-,-,-,1
1.5124249,231499.0-231504.0,-,1,1,1,3,-,-,-,-,-,6
1.512411,231505.0,-,-,-,-,1,-,-,-,-,-,1
1.5123393,231506.0-231514.0,-,-,-,4,4,-,1,-,-,-,9
1.5051773,231515.0-231518.0,-,-,-,1,3,-,-,-,-,-,4
1.489219,231519.0-231521.0,-,-,-,1,2,-,-,-,-,-,3
1.4854091,231522.0-231527.0,-,-,-,3,2,-,1,-,-,-,6
1.4819961,231528.0,-,-,-,1,-,-,-,-,-,-,1
1.4634525,231529.0,-,-,-,-,-,-,-,-,1,-,1
1.4624589,231530.0-231532.0,-,-,1,-,1,-,-,-,1,-,3
1.3603312,231533.0-231538.0,-,2,-,2,1,1,-,-,-,-,6
1.3513033,231539.0-231543.0,-,-,-,-,4,-,1,-,-,-,5
1.3448422,231544.0,-,-,-,-,-,-,1,-,-,-,1
1.3246628,231545.0-231551.0,-,-,-,2,2,-,3,-,-,-,7
1.3217552,231552.0-231554.0,1,-,-,1,-,-,1,-,-,-,3
1.3014804,231555.0-231560.0,-,1,-,1,2,-,1,1,-,-,6
1.2798635,231561.0-231565.0,-,-,-,1,3,-,1,-,-,-,5
1.2541954,231566.0-231574.0,-,1,-,-,6,-,1,1,-,-,9
1.2284334,231575.0-231581.0,1,-,2,1,3,-,-,-,-,-,7
1.2120363,231582.0-231585.0,-,-,-,-,3,-,1,-,-,-,4
1.2040777,231586.0,-,-,-,-,1,-,-,-,-,-,1
1.2027625,231587.0-231591.0,-,-,-,-,3,-,1,-,-,1,5
1.1867451,231592.0-231601.0,-,-,1,4,3,-,1,-,1,-,10
1.1831006,231602.0-231607.0,-,-,-,2,3,-,-,1,-,-,6
1.1539683,231608.0-231611.0,-,-,-,1,1,-,2,-,-,-,4
1.148003,231612.0-231613.0,-,-,-,1,-,-,-,-,-,1,2
1.1440767,231614.0-231615.0,-,-,-,-,2,-,-,-,-,-,2
1.1365376,231616.0-231617.0,-,-,-,2,-,-,-,-,-,-,2
1.1281588,231618.0-231619.0,-,-,-,1,1,-,-,-,-,-,2
1.1245971,231620.0-231624.0,-,-,-,1,1,-,1,1,1,-,5
1.1180457,231625.0-231627.0,-,-,-,1,2,-,-,-,-,-,3
1.0960596,231628.0-231629.0,-,-,-,1,-,-,1,-,-,-,2
1.0668184,231630.0-231631.0,-,-,-,1,-,-,1,-,-,-,2
1.0589426,231632.0-231636.0,-,-,-,1,3,-,1,-,-,-,5
1.0541697,231637.0-231639.0,-,-,-,2,-,-,1,-,-,-,3
1.0404223,231640.0,-,-,-,-,1,-,-,-,-,-,1
1.0012386,231641.0-231642.0,-,-,-,1,-,-,1,-,-,-,2
0.9795222,231643.0,-,-,-,1,-,-,-,-,-,-,1
0.9696342,231644.0,-,-,-,-,1,-,-,-,-,-,1
0.9633236,231645.0-231648.0,1,-,-,1,1,1,-,-,-,-,4
0.960961,231649.0-231650.0,-,-,-,1,-,-,1,-,-,-,2
0.9576931,231651.0-231653.0,-,-,-,1,1,-,1,-,-,-,3
0.9528933,231654.0-231655.0,-,-,-,-,1,-,-,-,1,-,2
0.9117716,231656.0-231662.0,1,-,1,-,3,-,-,1,-,1,7
0.895006,231663.0-231666.0,-,1,-,1,1,-,-,-,1,-,4
0.8925759,231667.0-231670.0,-,-,-,2,2,-,-,-,-,-,4
0.8921699,231671.0-231673.0,-,-,-,-,1,-,2,-,-,-,3
0.8909392,231674.0,-,-,-,1,-,-,-,-,-,-,1
0.8787098,231675.0-231676.0,-,1,-,1,-,-,-,-,-,-,2
0.8627208,231677.0-231681.0,-,-,-,1,3,-,-,1,-,-,5
0.8617042,231682.0,-,-,-,-,1,-,-,-,-,-,1
0.8356744,231683.0,-,-,-,-,1,-,-,-,-,-,1
0.8329512,231684.0,-,-,-,-,1,-,-,-,-,-,1
0.8265728,231685.0,-,-,-,1,-,-,-,-,-,-,1
0.823552,231686.0,-,-,-,-,1,-,-,-,-,-,1
0.8190676,231687.0,-,-,-,-,1,-,-,-,-,-,1
0.8154418,231688.0-231689.0,-,-,-,1,1,-,-,-,-,-,2
0.8023041,231690.0-231692.0,-,2,-,1,-,-,-,-,-,-,3
0.7967157,231693.0,-,-,-,1,-,-,-,-,-,-,1
0.7925872,231694.0,-,-,-,-,-,1,-,-,-,-,1
0.7902001,231695.0-231696.0,-,-,-,-,1,-,-,-,1,-,2
0.7757323,231697.0,-,-,-,1,-,-,-,-,-,-,1
0.7708479,231698.0-231700.0,-,-,-,-,1,-,2,-,-,-,3
0.7595831,231701.0-231704.0,-,-,-,-,2,2,-,-,-,-,4
0.7514161,231705.0,-,-,-,-,-,-,1,-,-,-,1
0.739132,231706.0-231708.0,-,-,-,2,-,-,-,-,1,-,3
0.733179,231709.0-231711.0,1,-,-,2,-,-,-,-,-,-,3
0.7303754,231712.0-231714.0,-,-,-,1,1,-,-,1,-,-,3
0.7007783,231715.0-231716.0,-,-,-,1,-,-,-,1,-,-,2
0.6930589,231717.0-231718.0,-,-,-,-,2,-,-,-,-,-,2
0.6927437,231719.0,-,-,-,1,-,-,-,-,-,-,1
0.6810883,231720.0-231725.0,1,-,-,2,3,-,-,-,-,-,6
0.6762468,231726.0,-,-,-,-,1,-,-,-,-,-,1
0.663367,231727.0-231729.0,-,1,-,-,-,-,-,-,-,2,3
0.6614274,231730.0-231734.0,-,-,-,2,2,-,1,-,-,-,5
0.6440599,231735.0-231736.0,-,-,-,-,2,-,-,-,-,-,2
0.6193499,231737.0,-,-,-,-,1,-,-,-,-,-,1
0.6158021,231738.0-231739.0,-,-,-,2,-,-,-,-,-,-,2
0.6054452,231740.0-231741.0,-,-,-,-,2,-,-,-,-,-,2
0.5952381,231742.0-231744.0,-,1,-,-,1,-,1,-,-,-,3
0.5946052,231745.0,-,-,-,-,1,-,-,-,-,-,1
0.592236,231746.0,-,-,-,-,1,-,-,-,-,-,1
0.5814972,231747.0-231751.0,-,-,-,2,2,-,-,-,-,1,5
0.5797101,231752.0-231756.0,1,1,1,1,1,-,-,-,-,-,5
0.5794029,231757.0,-,-,-,-,-,-,-,-,1,-,1
0.5718094,231758.0-231760.0,-,-,-,1,1,-,1,-,-,-,3
0.5657272,231761.0-231763.0,-,-,-,-,2,-,1,-,-,-,3
0.558702,231764.0-231765.0,-,-,-,2,-,-,-,-,-,-,2
0.5460464,231766.0-231771.0,-,-,-,1,-,-,2,2,-,1,6
0.5315434,231772.0-231775.0,-,1,-,1,1,-,-,-,-,1,4
0.5283045,231776.0-231777.0,-,-,-,1,-,-,1,-,-,-,2
0.5282248,231778.0-231780.0,-,-,-,1,1,-,1,-,-,-,3
0.5202112,231781.0,-,1,-,-,-,-,-,-,-,-,1
0.5046406,231782.0-231783.0,-,-,-,1,1,-,-,-,-,-,2
0.5017065,231784.0-231785.0,-,-,-,1,-,-,1,-,-,-,2
0.484636,231786.0-231787.0,-,-,-,1,1,-,-,-,-,-,2
0.4836243,231788.0-231789.0,-,-,-,-,2,-,-,-,-,-,2
0.4694013,231790.0-231792.0,-,-,-,-,1,-,1,1,-,-,3
0.4649197,231793.0,-,-,-,-,-,-,1,-,-,-,1
0.4628158,231794.0,-,-,-,-,-,-,-,-,1,-,1
0.4438481,231795.0-231797.0,-,1,-,-,-,-,2,-,-,-,3
0.4399819,231798.0-231802.0,-,-,-,2,2,-,-,1,-,-,5
0.4165693,231803.0,-,-,-,1,-,-,-,-,-,-,1
0.411438,231804.0-231805.0,-,-,-,1,-,-,1,-,-,-,2
0.4061433,231806.0,-,-,-,-,-,-,-,1,-,-,1
0.3968254,231807.0-231808.0,-,-,-,1,-,-,-,1,-,-,2
0.3920655,231809.0,-,-,-,-,-,-,-,1,-,-,1
0.3920333,231810.0-231812.0,-,-,-,-,1,-,2,-,-,-,3
0.3886858,231813.0,1,-,-,-,-,-,-,-,-,-,1
0.3883962,231814.0-231815.0,-,-,-,1,-,-,1,-,-,-,2
0.3743615,231816.0-231817.0,-,-,-,2,-,-,-,-,-,-,2
0.3670113,231818.0-231820.0,-,1,-,1,1,-,-,-,-,-,3
0.3627144,231821.0-231822.0,-,-,-,1,1,-,-,-,-,-,2
0.3419657,231823.0,-,-,-,-,1,-,-,-,-,-,1
0.3406276,231824.0,-,1,-,-,-,-,-,-,-,-,1
0.3374735,231825.0-231826.0,-,-,-,-,2,-,-,-,-,-,2
0.3352472,231827.0,-,-,-,-,-,-,1,-,-,-,1
0.3082636,231828.0,-,-,-,-,-,-,1,-,-,-,1
0.3039046,231829.0,-,-,-,-,1,-,-,-,-,-,1
0.2870244,231830.0-231832.0,-,-,-,-,1,1,-,1,-,-,3
0.2845779,231833.0,-,-,-,1,-,-,-,-,-,-,1
0.2793513,231834.0,-,-,-,-,1,-,-,-,-,-,1
0.2736266,231835.0,-,-,-,1,-,-,-,-,-,-,1
0.2554055,231836.0,-,-,-,-,1,-,-,-,-,-,1
0.2444344,231837.0,-,-,-,-,-,-,1,-,-,-,1
0.2437732,231838.0,-,-,-,1,-,-,-,-,-,-,1
0.2415459,231839.0-231840.0,-,-,-,1,1,-,-,-,-,-,2
0.2347007,231841.0,-,-,-,-,-,-,1,-,-,-,1
0.2266964,231842.0-231843.0,-,-,-,-,-,-,1,1,-,-,2
0.2152663,231844.0-231845.0,-,-,-,-,-,-,-,-,1,1,2
0.2065176,231846.0,-,-,-,-,1,-,-,-,-,-,1
0.1940918,231847.0-231848.0,-,-,-,1,1,-,-,-,-,-,2
0.1828847,231849.0,-,-,-,1,-,-,-,-,-,-,1
0.1805054,231850.0,-,-,-,-,1,-,-,-,-,-,1
0.1716468,231851.0,-,1,-,-,-,-,-,-,-,-,1
0.1714366,231852.0,-,-,-,-,-,-,1,-,-,-,1
0.1629549,231853.0,-,-,-,-,1,-,-,-,-,-,1
0.1543535,231854.0,-,-,-,1,-,-,-,-,-,-,1
0.1477968,231855.0,-,-,-,1,-,-,-,-,-,-,1
0.1433447,231856.0-231857.0,-,1,-,-,1,-,-,-,-,-,2
0.1411582,231858.0,-,-,-,-,1,-,-,-,-,-,1
0.1296108,231859.0,-,-,-,-,-,-,1,-,-,-,1
0.128727,231860.0-231862.0,-,-,-,3,-,-,-,-,-,-,3
0.128036,231863.0-231864.0,-,-,-,-,1,1,-,-,-,-,2
0.12686,231865.0-231866.0,-,-,-,1,-,-,-,1,-,-,2
0.126089,231867.0-231868.0,-,-,-,1,1,-,-,-,-,-,2
0.1154068,231869.0,-,-,-,-,-,-,1,-,-,-,1
0.1102579,231870.0,-,-,-,-,1,-,-,-,-,-,1
0.1101018,231871.0,-,-,-,-,-,-,1,-,-,-,1
0.1031258,231872.0-231873.0,-,-,-,-,1,1,-,-,-,-,2
0.1015343,231874.0,-,-,-,-,-,-,1,-,-,-,1
0.0955631,231875.0,-,-,-,1,-,-,-,-,-,-,1
0.0819113,231876.0,-,1,-,-,-,-,-,-,-,-,1
0.0814775,231877.0-231878.0,-,-,-,2,-,-,-,-,-,-,2
0.0776367,231879.0,-,-,-,-,-,-,1,-,-,-,1
0.0771767,231880.0,-,-,-,-,-,-,-,1,-,-,1
0.07043,231881.0,-,-,-,-,-,-,-,-,1,-,1
0.0619323,231882.0,-,-,-,1,-,-,-,-,-,-,1
0.0596366,231883.0,1,-,-,-,-,-,-,-,-,-,1
0.056344,231884.0,-,-,-,-,1,-,-,-,-,-,1
0.0546075,231885.0,-,-,-,1,-,-,-,-,-,-,1
0.0543457,231886.0,-,-,-,-,-,-,1,-,-,-,1
0.0500944,231887.0,-,-,-,1,-,-,-,-,-,-,1
0.0500096,231888.0,-,-,-,-,1,-,-,-,-,-,1
0.0490419,231889.0,-,-,-,1,-,-,-,-,-,-,1
0.0490042,231890.0,-,-,-,-,-,-,-,-,1,-,1
0.0451264,231891.0,-,-,-,-,-,-,1,-,-,-,1
0.0417493,231892.0,-,-,-,1,-,-,-,-,-,-,1
0.0411438,231893.0,-,-,-,-,-,-,1,-,-,-,1
0.0384858,231894.0,-,-,-,-,-,-,1,-,-,-,1
0.0378085,231895.0,-,-,-,-,1,-,-,-,-,-,1
0.031039,231896.0,-,-,-,-,-,-,1,-,-,-,1
0.0307167,231897.0,-,-,-,-,-,-,1,-,-,-,1
0.0300842,231898.0,-,-,-,1,-,-,-,-,-,-,1
0.028172,231899.0,-,-,-,-,-,-,1,-,-,-,1
0.0269386,231900.0,-,-,-,-,1,-,-,-,-,-,1
0.0206441,231901.0,-,-,-,-,1,-,-,-,-,-,1
0.0192419,231902.0,-,-,-,1,-,-,-,-,-,-,1
0.0105869,231903.0,-,-,-,1,-,-,-,-,-,-,1
0.0105645,231904.0,-,-,-,-,1,-,-,-,-,-,1
0.0077863,231905.0,-,-,-,-,-,-,1,-,-,-,1
0.0077068,231906.0,-,-,-,-,-,-,-,1,-,-,1
0.0038469,231907.0,-,-,-,-,1,-,-,-,-,-,1
